https://www.tiktok.com/@quannguyenpuleofficial/video/7530194260478545153,https://p16-sign-sg.tiktokcdn.com/tos-alisg-p-0037/o4IRfUoAJTQXkmMABBIv7giia2CBIgf2inEu69~tplv-photomode-zoomcover:720:720.jpeg?dr=14555&x-expires=1753689600&x-signature=eJSTCGNul1j0DZWnGvTeRLIrsi4%3D&t=4d5b0474&ps=13740610&shp=81f88b70&shcp=43f4a2f9&idc=my2&ftpl=1,,508800.0,all,quannguyenpuleofficial
https://www.tiktok.com/@60giay.com/video/7529495676586102024,https://p16-sign-sg.tiktokcdn.com/tos-alisg-p-0037/o4fQ0BjrI8Df289EeSFRKIuNDEGZQACriuDoyA~tplv-photomode-zoomcover:720:720.jpeg?dr=14555&x-expires=1753689600&x-signature=%2B%2BoVemANaeXCyT6jCFcx0K0ncvg%3D&t=4d5b0474&ps=13740610&shp=81f88b70&shcp=43f4a2f9&idc=my2&ftpl=1,,475800.0,all,60giay.com
https://www.tiktok.com/@hoangdinhanlinhkit/video/7527970355730779399,https://p9-sign-sg.tiktokcdn.com/tos-alisg-p-0037/o8ZgAITSjFHgQAcexew8zXlegCLGICLZoHxDTE~tplv-photomode-zoomcover:720:720.jpeg?dr=14555&x-expires=1753689600&x-signature=riQ8rJWqiuaJDIgqmd%2BbbxnGFCU%3D&t=4d5b0474&ps=13740610&shp=81f88b70&shcp=43f4a2f9&idc=my2&ftpl=1,,177500.0,all,hoangdinhanlinhkit
https://www.tiktok.com/@plxhvn2/video/7528300809340194103,https://p16-sign.tiktokcdn-us.com/tos-useast5-p-0068-tx/oIgAmAE5kH9iabvBl45BY1JSIvAl5AFZrQAni~tplv-photomode-zoomcover:720:720.jpeg?dr=14555&x-expires=1753689600&x-signature=dJxx%2Foc2OOzU6m%2FAxOfXUKaOcXQ%3D&t=4d5b0474&ps=13740610&shp=81f88b70&shcp=43f4a2f9&idc=my2&ftpl=1,,126700.0,all,plxhvn2
https://www.tiktok.com/@gocnhinquocte/video/7528018434681097492,https://p16-sign-sg.tiktokcdn.com/tos-alisg-p-0037/oweQVegNDMk8E4RjfQWHAigQrAG5AOv8EAEQAc~tplv-photomode-zoomcover:720:720.jpeg?dr=14555&x-expires=1753689600&x-signature=8fXnqtNLZlQnG2dc8is%2BiatIlD0%3D&t=4d5b0474&ps=13740610&shp=81f88b70&shcp=43f4a2f9&idc=my2&ftpl=1,,103900.0,all,gocnhinquocte
https://www.tiktok.com/@hngtuyetnhi.accchinh/video/7528390103744531720,https://p16-sign-sg.tiktokcdn.com/tos-alisg-p-0037/oQbeDfoYIEdoQdbylDQAFCw0IPjjAdbKjDno4f~tplv-photomode-zoomcover:720:720.jpeg?dr=14555&x-expires=1753689600&x-signature=SaLYS%2FhME5Vx%2FCpy4qPEjvd5C9o%3D&t=4d5b0474&ps=13740610&shp=81f88b70&shcp=43f4a2f9&idc=my2&ftpl=1,,334600.0,all,hngtuyetnhi.accchinh
https://www.tiktok.com/@myphxm/video/7529667158276672799,https://p16-pu-sign-useast8.tiktokcdn-us.com/tos-useast8-p-0068-tx2/osFXGaDwfjXf37UcevKlUrfEECzFQRhmQQAAHo~tplv-photomode-zoomcover:720:720.jpeg?dr=14555&x-expires=1753689600&x-signature=QD9ybWWpYuuD9dO9fhCdSN3mK3A%3D&t=4d5b0474&ps=13740610&shp=81f88b70&shcp=43f4a2f9&idc=my2&ftpl=1,,490000.0,all,myphxm
https://www.tiktok.com/@hakkaimeme/video/7527578123232087304,https://p16-sign-sg.tiktokcdn.com/tos-alisg-p-0037/o8A3BA20klvlXHDidGFa3mYVBAIaAiJUFA4AE~tplv-photomode-zoomcover:720:720.jpeg?dr=14555&x-expires=1753689600&x-signature=pcjgClPNlTXHpLwRyE4FrDHm87c%3D&t=4d5b0474&ps=13740610&shp=81f88b70&shcp=43f4a2f9&idc=my2&ftpl=1,,87000.0,all,hakkaimeme
https://www.tiktok.com/@plxhvn2/video/7530341423288159502,https://p16-sign.tiktokcdn-us.com/tos-useast5-p-0068-tx/oo0AJ1B5QBrEJAiK0BtIPaHAAQBwwVfCLLJBiW~tplv-photomode-zoomcover:720:720.jpeg?dr=14555&x-expires=1753689600&x-signature=8a7jq2W3H7CHtbGQsnURBxYpxZw%3D&t=4d5b0474&ps=13740610&shp=81f88b70&shcp=43f4a2f9&idc=my2&ftpl=1,,122500.0,all,plxhvn2
https://www.tiktok.com/@vantuan09011998/video/7529504536453516552,https://p16-sign-sg.tiktokcdn.com/tos-alisg-p-0037/oYLsC2DHQFAwQNCfiLEgMLIlDtiSfjreQpIjAR~tplv-photomode-zoomcover:720:720.jpeg?dr=14555&x-expires=1753689600&x-signature=iBKaANmr34kdecLV6FB3Re%2FfolE%3D&t=4d5b0474&ps=13740610&shp=81f88b70&shcp=43f4a2f9&idc=my2&ftpl=1,,161600.0,all,vantuan09011998
https://www.tiktok.com/@vienvibi_899/video/7528479246616890631,https://p16-sign-sg.tiktokcdn.com/tos-alisg-p-0037/oUE6IADAjiaeACDQuFBGfglGRg1IAEAAoeoAEh~tplv-photomode-zoomcover:720:720.jpeg?dr=14555&x-expires=1753689600&x-signature=hNxVFtWMKvULSEY4LQqGDBYwOaI%3D&t=4d5b0474&ps=13740610&shp=81f88b70&shcp=43f4a2f9&idc=my2&ftpl=1,,675900.0,all,vienvibi_899
https://www.tiktok.com/@hoanglananh31/video/7529379910339644679,https://p16-sign-sg.tiktokcdn.com/tos-alisg-p-0037/oQauyCJd0lAhZks9A9iiw2BHCPAI0lHIIkfuqt~tplv-photomode-zoomcover:720:720.jpeg?dr=14555&x-expires=1753689600&x-signature=q5r47D7mX%2BKJ3OwWePxedOppsuM%3D&t=4d5b0474&ps=13740610&shp=81f88b70&shcp=43f4a2f9&idc=my2&ftpl=1,,910000.0,all,hoanglananh31
https://www.tiktok.com/@babixoxo__/video/7529527426330807553,https://p16-sign-sg.tiktokcdn.com/tos-alisg-p-0037/oUJGAQefOLDA4RIAIhIGLWeWQA4DAL3nGQed4G~tplv-photomode-zoomcover:720:720.jpeg?dr=14555&x-expires=1753689600&x-signature=%2BUsQQnacU6e%2BhmGcTZ93lsMSL4I%3D&t=4d5b0474&ps=13740610&shp=81f88b70&shcp=43f4a2f9&idc=my2&ftpl=1,,445000.0,all,babixoxo__
https://www.tiktok.com/@hongkhaptiktok/video/7529753001238482198,https://p16-pu-sign-no.tiktokcdn-eu.com/tos-no1a-p-0037-no/o0rfIQUQDy14wDDvAEfpAOKb1F7N4QLI76qjNf~tplv-photomode-zoomcover:720:720.jpeg?dr=14555&x-expires=1753689600&x-signature=BmEcateV07CZzUwNBFAk%2BGXKaMA%3D&t=4d5b0474&ps=13740610&shp=81f88b70&shcp=43f4a2f9&idc=my2&ftpl=1,,326700.0,all,hongkhaptiktok
https://www.tiktok.com/@nghwang05/video/7528294168142171410,https://p16-sign-sg.tiktokcdn.com/tos-alisg-p-0037/o0G5AoBXIE88BEI46ej3IvyDY9M87AfeApAALQ~tplv-photomode-zoomcover:720:720.jpeg?dr=14555&x-expires=1753689600&x-signature=pdkM9bsxfdGQy8VAU8Or5uZQPe8%3D&t=4d5b0474&ps=13740610&shp=81f88b70&shcp=43f4a2f9&idc=my2&ftpl=1,,194100.0,all,nghwang05
https://www.tiktok.com/@outdoor_comp/video/7529744962682948870,https://p16-sign-va.tiktokcdn.com/tos-maliva-p-0068/oAIwABZfzLDAZJgAIhIGeteAQA60A28NFkf9dW~tplv-photomode-zoomcover:720:720.jpeg?dr=14555&x-expires=1753689600&x-signature=8I2opxUQM5OxdspsxopmLj2q07A%3D&t=4d5b0474&ps=13740610&shp=81f88b70&shcp=43f4a2f9&idc=my2&ftpl=1,,13200000.0,all,outdoor_comp
https://www.tiktok.com/@plxhvn2/video/7528116404822773047,https://p16-sign.tiktokcdn-us.com/tos-useast5-p-0068-tx/oUcefAA4QHHmm2ckEGLIAvGlE8ArlIAgQbeukn~tplv-photomode-zoomcover:720:720.jpeg?dr=14555&x-expires=1753689600&x-signature=suv9ipxlD0vHFfUnvHaiXWU0agg%3D&t=4d5b0474&ps=13740610&shp=81f88b70&shcp=43f4a2f9&idc=my2&ftpl=1,,148600.0,all,plxhvn2
https://www.tiktok.com/@kuuden_1301/video/7530242808054074644,https://p16-sign-sg.tiktokcdn.com/tos-alisg-p-0037/okhBRMMRoQUXEXB3lBgFEUuEQADGEhA7ggf7fA~tplv-photomode-zoomcover:720:720.jpeg?dr=14555&x-expires=1753689600&x-signature=WNxEYt91GjegYYfzrfMG7wEI6og%3D&t=4d5b0474&ps=13740610&shp=81f88b70&shcp=43f4a2f9&idc=my2&ftpl=1,,775000.0,all,kuuden_1301
https://www.tiktok.com/@khanh.keymusic/video/7529417372151729415,https://p16-sign-sg.tiktokcdn.com/tos-alisg-p-0037/o8NLERFKgMGQ7lTnfez77g71hneuhGnGeKIAAG~tplv-photomode-zoomcover:720:720.jpeg?dr=14555&x-expires=1753689600&x-signature=HXGhC%2FOhT5D4nNtPsgaJqqYjJKc%3D&t=4d5b0474&ps=13740610&shp=81f88b70&shcp=43f4a2f9&idc=my2&ftpl=1,,820300.0,all,khanh.keymusic
https://www.tiktok.com/@uthuynhthanhkimlan/video/7528041444326657288,https://p9-sign-sg.tiktokcdn.com/tos-alisg-p-0037/oAf3I7sxAUpNAQ8dDuQzeQLiiGMxgeeeKKFUGz~tplv-photomode-zoomcover:720:720.jpeg?dr=14555&x-expires=1753689600&x-signature=D4e0yLrPjW4T1kFjZpuF51Wqye0%3D&t=4d5b0474&ps=13740610&shp=81f88b70&shcp=43f4a2f9&idc=my2&ftpl=1,,130900.0,all,uthuynhthanhkimlan
https://www.tiktok.com/@maiamgiadinhviet.htv7/video/7529757982502980871,https://p16-sign-sg.tiktokcdn.com/tos-alisg-p-0037/osIfQADArEXfAdDQ4FDrfTSUAIjEHEAAo5xgEM~tplv-photomode-zoomcover:720:720.jpeg?dr=14555&x-expires=1753689600&x-signature=p%2Fn0atd0Z7cf5KLAFaJp4F%2FF1xY%3D&t=4d5b0474&ps=13740610&shp=81f88b70&shcp=43f4a2f9&idc=my2&ftpl=1,,777300.0,all,maiamgiadinhviet.htv7
https://www.tiktok.com/@con_la_min_ne/video/7528777415246613781,https://p16-sign-sg.tiktokcdn.com/tos-alisg-p-0037/osD2AQ5EXecEISFjpyIAcWAoOlAfo1t7ABeEzD~tplv-photomode-zoomcover:720:720.jpeg?dr=14555&x-expires=1753689600&x-signature=w377phcUWm9BP3h9Si0xNBcFC6M%3D&t=4d5b0474&ps=13740610&shp=81f88b70&shcp=43f4a2f9&idc=my2&ftpl=1,,220500.0,all,con_la_min_ne
https://www.tiktok.com/@zinhzanne/video/7529861971542330631,https://p16-sign-sg.tiktokcdn.com/tos-alisg-p-0037/oAciRgMYAKDKLU0t4aDNMMAfQffeZfQkc7jTZg~tplv-photomode-zoomcover:720:720.jpeg?dr=14555&x-expires=1753689600&x-signature=XTMjTuWddFNFX17rUWHUkpPWcrs%3D&t=4d5b0474&ps=13740610&shp=81f88b70&shcp=43f4a2f9&idc=my2&ftpl=1,,1300000.0,all,zinhzanne
https://www.tiktok.com/@nlinh_o0/video/7527903949676940552,https://p16-sign-sg.tiktokcdn.com/tos-alisg-p-0037/osAwxQoQEl8HAFOboFoQnADfkvAeCKDzIQMfj6~tplv-photomode-zoomcover:720:720.jpeg?dr=14555&x-expires=1753689600&x-signature=dsnHH6T0U5flkOLBDLeLJo%2BJTkE%3D&t=4d5b0474&ps=13740610&shp=81f88b70&shcp=43f4a2f9&idc=my2&ftpl=1,,1000000.0,all,nlinh_o0
