time_published,description,hashtags,video_url,username,nickname,music_title,music_link,likes,comments,shares,crawl_date
19-07-2025,SICKKK!!,"['#killerpeter', '#manhwaedit', '#manhwareccomendation']",https://www.tiktok.com/@seishirowrr/video/7528432329287601464,seishirowrr,๐๐ก๐ข๐ซ๐จ๐จ,QUIERES GOSTOSA - ZETREX & SCHWVFTY,/music/QUIERES-GOSTOSA-7520047082218489872,611700.0,1412.0,8854.0,2025-07-22
15-07-2025,THแปI Kแปฒ HOรN KIM NHแบคT,"['#anime', '#kimetsunoyaiba', '#demonslayer']",https://www.tiktok.com/@ccvipanime/video/7527095420535753992,ccvipanime,CฬฝอCฬฝอVฬฝอIฬฝอPฬฝอ ANIME,nhแบกc nแปn - CCVIP ANIME - CฬฝอCฬฝอVฬฝอIฬฝอPฬฝอ ANIME,/music/nhแบกc-nแปn-CCVIP-ANIME-7527095540610337552,22300.0,398.0,229.0,2025-07-22
20-07-2025,Brainrot elements iq challenge is hard,"['#filter', '#filterchallenge', '#brainrot', '#elements', '#iq', '#challenges']",https://www.tiktok.com/@mr.reactorr/video/7528817186828307743,mr.reactorr,Bryce ๐,Brainrot Lullaby - Party Tunes,/music/Brainrot-Lullaby-7519652087363782657,107100.0,705.0,4766.0,2025-07-22
14-07-2025,Tokek Tokek,"['#nhacthieunhi', '#thieunhi', '#kidsoftiktok', '#kids', '#kidssong', '#nhacthieunhivuinhon', '#hoathinh', '#nhacthieunhivuinhon', '#kidsdance', '#tiktok']",https://www.tiktok.com/@nhacthieunhii/video/7526892525177572616,nhacthieunhii,Nhแบกc Thiแบฟu Nhi,nhแบกc nแปn  - Nhแบกc Thiแบฟu Nhi,/music/nhแบกc-nแปn-Nhแบกc-Thiแบฟu-Nhi-7526892550972623617,68800.0,4354.0,5393.0,2025-07-22
17-07-2025,Ai mร biแบฟt mแบฅy bแป phim nรy chแบฏc cลฉng giร lแบฏm rแปi ๐ฅบ,"['#LearnOnTikTok', '#hoccungtiktok', '#davoslingo']",https://www.tiktok.com/@davoslingo/video/7527690425751080200,davoslingo,Davoโs Lingo,Remember Me (Lullaby) - Gael Garcรญa Bernal & Gabriella Flores & Libertad Garcรญa Fonzi,/music/Remember-Me-Lullaby-6870791656610727938,30500.0,811.0,1914.0,2025-07-22
19-07-2025,"Nagi chรญnh thแปฉc trแป lแบกi, U20 world cup bแบฏt ฤแบงu๐ฅ, blue lock chap 312","['#nagi', '#nagisheishiro', '#bluelock', '#bluelocku20worldcup']",https://www.tiktok.com/@rhyasempai/video/7528492154944015638,rhyasempai,Rhya Sempai,nhแบกc nแปn - Rhya Sempai,/music/nhแบกc-nแปn-7528492173798034198,33500.0,937.0,2772.0,2025-07-22
17-07-2025,Cรด gรกi phรกt hiแปn cรณ ngรณn tay trong gแบฅu bรดng!,"['#hoathinh', '#animation', '#hotun', '#xh']",https://www.tiktok.com/@fapfapvlog/video/7527882774468906262,fapfapvlog,Vlog Vlogg,nhแบกc nแปn  - Vlog Vlogg,/music/nhแบกc-nแปn-Vlog-Vlogg-7527882739262032662,24500.0,339.0,790.0,2025-07-22
09-07-2025,Mลฉi khoan tรฌnh yรชu,"['#dangvuong', '#couple', '#xuhuong', '#fyp']",https://www.tiktok.com/@dangvuongne/video/7524945396729138440,dangvuongne,ฤฤng Vฦฐฦกng.,nhแบกc nแปn  - ฤฤng Vฦฐฦกng.,/music/nhแบกc-nแปn-ฤฤng-Vฦฐฦกng-7524945423748975361,493200.0,5478.0,182200.0,2025-07-22
16-07-2025,: khรดng lร HOA HแบฌU thรฌ lร HOA cแปงa HแบฌU,"['#doanvanhau_doanhaimy', '#tinhyeusanco', '#cauthubongda']",https://www.tiktok.com/@trtt.05/video/7527258302711876872,trtt.05,๐ฉ๐ง,ะพัะธะณะธะฝะฐะปัะฝัะน ะทะฒัะบ - Zangar,/music/ะพัะธะณะธะฝะฐะปัะฝัะน-ะทะฒัะบ-7523961563876920120,303000.0,252.0,6733.0,2025-07-22
17-07-2025,"""Sแปฑ Nuรดng Chiแปu cแปงa anh khiแบฟn em k dรกm phแบกm 1 sai Lรขmโฅ๏ธLฦฐฦกng vแป trao Tay vแปฃ Liแปn. A Lun ฤแบทt Hแบฟt Niแปm tin แป em๐ซถโฅ๏ธ๐จโ๐ฉโ๐งโ๐ฆ","['#xuhuong2025TinhyeuGiadinhCoganvituonglai', '#67AnGiangHuynhGiangTraSua']",https://www.tiktok.com/@gianghuynh2495/video/7527684072374684935,gianghuynh2495,๐Huแปณnh Giang๐๐ง๐ง,Cฦฐแปi Thรดi Em_HoรngLan Cover - Hoรng Lan๐ธ,/music/Cฦฐแปi-Thรดi-EmHoรngLan-Cover-7295730355762481921,83800.0,4587.0,4884.0,2025-07-22
20-07-2025,Trแบฃ lแปi,"['#vochongtre', '#dcgr']",https://www.tiktok.com/@kienvahuong0306/video/7528718740138183943,kienvahuong0306,Kiรชn Hฦฐฦกng Daly,nhแบกc nแปn  - Kiรชn Hฦฐฦกng Daly,/music/nhแบกc-nแปn-Kiรชn-Hฦฐฦกng-Daly-7528718766310542081,39700.0,323.0,16600.0,2025-07-22
14-07-2025,"Tแป ฤรฃ khรณc, nhฦฐng khรดng ฤau khแป...tแป hแบกnh phรบc vรฌ ฤiแปu ฤแบฅy ๐","['#kimmanhquyen', '#hanhpham', '#qhp']",https://www.tiktok.com/@_kimmanhquyen_/video/7526849680198700295,_kimmanhquyen_,Kim Mแบกnh Quyแปn,nhแบกc nแปn  - Kim Mแบกnh Quyแปn,/music/nhแบกc-nแปn-Kim-Mแบกnh-Quyแปn-7526849714949131009,401500.0,959.0,12900.0,2025-07-22
19-07-2025,Thแบฏng trend nรy rแปi nhรฉ mแปi ngฦฐแปi ฦกi ๐ฌ,[],https://www.tiktok.com/@fun.beeee/video/7528427972710190343,fun.beeee,Funbeee,nhแบกc nแปn  - Bรฉ sun day nek,/music/nhแบกc-nแปn-Bรฉ-sun-day-nek-7522490575254276881,256300.0,2051.0,28100.0,2025-07-22
19-07-2025,19-7-2025๐ค,[],https://www.tiktok.com/@chengtom2002/video/7528573427309923591,chengtom2002,Cheng๐ฆ,nhแบกc nแปn  - nght_th,/music/nhแบกc-nแปn-nghtth-7441796040992967425,261200.0,4132.0,10600.0,2025-07-22
14-07-2025,3 nฤm cแบฅp 3 anh chแป,"['#phunganhdieu', '#capdoitrentiktok', '#trendingvideo', '#xh']",https://www.tiktok.com/@dieuanh_1608/video/7526800901093313800,dieuanh_1608,Phรนng Diแปu รnh,nhแบกc nแปn  - Lily Van๐,/music/nhแบกc-nแปn-Lily-Van๐-7496890061011585793,91500.0,577.0,4776.0,2025-07-22
13-07-2025,Gแปญi Phong,['#louispham203'],https://www.tiktok.com/@louispham_203/video/7526537160523091207,louispham_203,Louispnp203,nhแบกc nแปn  - Umรช Blong ฤแบฟn cรนng๐๐><,/music/nhแบกc-nแปn-Umรช-Blong-ฤแบฟn-cรนng๐๐-7506528320251742993,323000.0,1554.0,19500.0,2025-07-22
20-07-2025,Happy wedding,"['#wedding', '#CapCut']",https://www.tiktok.com/@doris_thuy_trang/video/7528678720190631186,doris_thuy_trang,I'm Doris,nhแบกc nแปn  - I'm Doris,/music/nhแบกc-nแปn-I'm-Doris-7528678755011791632,33300.0,227.0,971.0,2025-07-22
05-07-2025,z chแปฉ khoรกi lแบฏm=)),"['#xh', '#couple', '#love', '#xuhuong']",https://www.tiktok.com/@emvadangw/video/7523465397090127122,emvadangw,Ngแปt vร ฤแบฏng,nhแบกc gรฌ cฦฐng thแบฟ - chแบฅt liแปu meo meo,/music/nhแบกc-gรฌ-cฦฐng-thแบฟ-7480428802519796481,134200.0,1410.0,32800.0,2025-07-22
18-07-2025,"โ รnh nhรฌn แบฅy, cแบฃ ฤแปi nรy, chแป anh thรดi nhรฉ.! โ",[],https://www.tiktok.com/@thayvuong.1010/video/7528252303468465415,thayvuong.1010,Thแบงy Vฦฐฦกng,tรกt nฦฐแปc ฤแบงu ฤรฌnh - capcut cแปงa Tรดi Yรชu Ems!!!,/music/tรกt-nฦฐแปc-ฤแบงu-ฤรฌnh-7449295197701229313,142300.0,1032.0,2188.0,2025-07-22
12-07-2025,Cฦฐแปi thรดiโฆ,"['#nhamainhan', '#nhandaily']",https://www.tiktok.com/@nhandaily99/video/7525992804368289032,nhandaily99,Mai Nhรขn Daily,nhแบกc nแปn - thรnhtrung - DoThanhTrung,/music/nhแบกc-nแปn-thรnhtrung-7504907985584392961,64900.00000000001,169.0,2340.0,2025-07-22
13-07-2025,Dแบกy khรดng ฤรณ,['#xuhuongtiktok'],https://www.tiktok.com/@loitran1808/video/7526623261547875602,loitran1808,Trแบงn Lแปฃi,nhแบกc nแปn - ah tแป quรก - .,/music/nhแบกc-nแปn-ah-tแป-quรก-7524320880395045633,129900.0,3559.0,40400.0,2025-07-22
13-07-2025,"ฤฦฐแปฃc รดm em ngแปง mแปi tแปi , lร ฤiแปu bรฌnh yรชn nhแบฅt mร anh cรณ โค๏ธ","['#anhchongmamxoi', '#vochong', '#hanhphuc', '#giadinh', '#tinhcam']",https://www.tiktok.com/@anhchongmamxoi/video/7526419519493983504,anhchongmamxoi,Anh Chแปng Mรขm Xรดi,nhแบกc nแปn  - Anh Chแปng Mรขm Xรดi,/music/nhแบกc-nแปn-Anh-Chแปng-Mรขm-Xรดi-7526419560468187921,98800.0,2539.0,16800.0,2025-07-22
16-07-2025,Ngฦฐแปi ฤแบนp nรy vแปซa dแปฑ chung sแปฑ kiแปn vแปi Lee Min Ho. Cรด ฤang ฤฦฐแปฃc xem lร fan girl hแบกnh phรบc nhแบฅt hiแปn tแบกi,"['#huyenbaby', '#tiktokgiaitri', '#news', '#amm']",https://www.tiktok.com/@kenh14official/video/7527214087445449985,kenh14official,Kenh14.vn,Cรนng Thแปi Bay Cรด Vy (Instrumental) - P336 Band & O2O GirlBand & MCV Music & K14,/music/Cรนng-Thแปi-Bay-Cรด-Vy-Instrumental-7494259432605485072,578200.0,2060.0,10000.0,2025-07-22
14-07-2025,Hot: Chแป vรi cรขu bรขng quฦก Bแบฏp Kimochi khiแบฟn netizen rรฉo tรชn Trร Bรดng liรชn tแปฅc,"['#17network', '#17showbiz', '#17trending', '#17news', '#bapkimochi', '#trabong']",https://www.tiktok.com/@17showbiz.official/video/7527046332033305878,17showbiz.official,17 Showbiz,nhแบกc nแปn  - 17 Showbiz,/music/nhแบกc-nแปn-17-Showbiz-7527046315482663702,201400.0,1052.0,15100.0,2025-07-22
16-07-2025,Quรก khแปฉ Phฦฐฦกng Ly,"['#tintuc', '#showbiz', '#phuongly']",https://www.tiktok.com/@vmax.soishowbiz/video/7527249952955813138,vmax.soishowbiz,VMAX SOI SHOWBIZ,nhแบกc nแปn  - VMAX SOI SHOWBIZ,/music/nhแบกc-nแปn-VMAX-SOI-SHOWBIZ-7527249994199894785,143800.0,676.0,3743.0,2025-07-22
17-07-2025,"Chแปฏ ""Thฦฐฦกng "" diแปn tแบฃ sao hแบฟt ฤรขy","['#Jack', '#J97', '#1204', '#munmun1610', '#๐', '#congbangchojack']",https://www.tiktok.com/@_mun_mun_1610_/video/7527562259837504786,_mun_mun_1610_,๐ป๐๐พ๐ท๐ท๐ป,Vแปฑc Thแบณm Cแปงa Bรฌnh Yรชn - Jack - J97,/music/Vแปฑc-Thแบณm-Cแปงa-Bรฌnh-Yรชn-7519878645326859024,437800.0,5381.0,64800.0,2025-07-22
17-07-2025,Phฦฐฦกng Mแปน Chi dแปซng chรขn tแบกi Quรฝ Quรขn chung kแบฟt Sing Asia,"['#DREAMeRMedia', '#HongGiDangDo', '#PhuongMyChi', '#SingAsia', '#gionghatmoichaua', '#phuongmychisingasia', '#chungketsingasia', '#tiktokgiaitri']",https://www.tiktok.com/@honggidangdo/video/7527871842820885778,honggidangdo,Hรณng gรฌ ฤฤng ฤรณ,DREAMeR - Luny,/music/DREAMeR-7473802600660387841,319200.0,2693.0,5266.0,2025-07-22
16-07-2025,Khรดng thแป nรo rแปi mแบฏt khแปi cแป,"['#huyenbaby', '#leeminho', '#giaitri', '#viral', '#be3thaido', '#xemphimtiktok']",https://www.tiktok.com/@be3thaido/video/7527479750416157959,be3thaido,Bรฉ 3 Thรกi ฤแป,nhแบกc nแปn  - Bรฉ 3 Thรกi ฤแป,/music/nhแบกc-nแปn-Bรฉ-3-Thรกi-ฤแป-7527479798625618704,197400.0,1782.0,4707.0,2025-07-22
18-07-2025,Diแปn viรชn Phรบc An ฤแบฟn chia buแปn tang lแป nghแป sฤฉ Cรดng Tรi,"['#cameravietnam', '#nghesicongtai', '#dienvienbuicongdanh', '#tanglenghesicongtai', '#dienvien']",https://www.tiktok.com/@cameravietnam1988/video/7528002243384118546,cameravietnam1988,Camera Viแปt Nam,Nhแบกc ฤแปng quรช yรชn bรฌnh - Mแปc Gtar,/music/Nhแบกc-ฤแปng-quรช-yรชn-bรฌnh-7513825496535746561,84700.0,663.0,496.0,2025-07-22
18-07-2025,Phแบฃn แปฉng cแปงa Ngแปc Trinh khi ฤฦฐแปฃc hแปi vแป Ngรขn Collagen,"['#ngoctrinh', '#ngoctrinh89', '#TTSSummit', '#hongshowbizviet']",https://www.tiktok.com/@hongshowbizviet/video/7527925464921312519,hongshowbizviet,Hรณng Showbiz Viแปt,original sound  - Hรณng Showbiz Viแปt,/music/original-sound-Hรณng-Showbiz-Viแปt-7527925487897774865,115000.0,1279.0,4206.0,2025-07-22
17-07-2025,Dแปฑ chiแบฟc sound rแบทc miแปn tรขy nรy cแปงa mแบน Jack sแบฝ viral hฦกn cแบฃ drama :))),"['#odaycosao', '#mznetwork', '#mznews', '#tiktokgiaitri', '#tiktoknews', '#thienan', '#jack', '#j97']",https://www.tiktok.com/@odaycosaobymznews/video/7527571797617691920,odaycosaobymznews,แป ฤรขy Cรณ Sao,nhแบกc nแปn  - แป ฤรขy Cรณ Sao,/music/nhแบกc-nแปn-แป-ฤรขy-Cรณ-Sao-7527571882989275921,163500.0,4936.0,42200.0,2025-07-22
17-07-2025,Jack J97 sau khi kแบฟt thรบc hแปp bรกo,"['#8sieucap', '#j97', '#jack', '#jack97', '#hopbao']",https://www.tiktok.com/@8sieucap/video/7527541072713616647,8sieucap,8sieucap,Thiรชn Lรฝ ฦi - Jack-J97,/music/Thiรชn-Lรฝ-ฦi-7307241207780247553,161100.0,4758.0,30500.0,2025-07-22
17-07-2025,Midu ngแบญp trรn hแบกnh phรบc bรชn chแปng tแปng tรi luรดn ๐,"['#1314film', '#mentertainment', '#midu', '#doiemongaycu', '#TikTokMiniSeries', '#TikTokGiaiTri']",https://www.tiktok.com/@.vnlifestyle/video/7527652347665812754,.vnlifestyle,Lifestyle,nhแบกc nแปn - R i n g R i n g - ๐ ๐ ๐ ๐ ๐ ๐ ๐ ๐,/music/nhแบกc-nแปn-R-i-n-g-R-i-n-g-7462692664463477505,114900.0,915.0,2510.0,2025-07-22
13-07-2025,Mแบน cแปงa Ngแปc Thanh Tรขm ฤแบฟn chรบc mแปซng vแปฃ chแปng ฤแบกt G rแปi vแปi vรฃ ra vแป โค๏ธโค๏ธ,"['#NgocThanhTam', '#DatG', '#CindyLu', '#damcuoidatgcindylu', '#showbiznhatbao', '#nhatbaotv', '#xuhuongtiktok', '#TikTokGiaiTri']",https://www.tiktok.com/@showbiznhatbao/video/7526554367042784528,showbiznhatbao,SHOWBIZ NHแบฌT BรO,Rแปi Xong Lรชn Xe Bรดng - Quรกch Tuแบฅn Du,/music/Rแปi-Xong-Lรชn-Xe-Bรดng-7098594942397728769,220800.0,843.0,2587.0,2025-07-22
17-07-2025,Mแบน Jack nhแบฅt quyแบฟt dรnh cho Thiรชn An mแปt sแปฑ tแปญ tแบฟ cuแปi cรนngโค๏ธโ๐ฅโจ,"['#odaycotrend', '#mznews', '#mznetwork', '#jack', '#j97', '#thienan', '#2025moments', '#tiktokgiaitri', '#tiktoknews', '#trend', '#fyp']",https://www.tiktok.com/@odaycotrendbymznews/video/7527544826481364242,odaycotrendbymznews,แป ฤรขy Cรณ Trend,Dฦฐแปi Tรกn Cรขy Khรด Hoa Nแป (#1) - Jack - J97,/music/Dฦฐแปi-Tรกn-Cรขy-Khรด-Hoa-Nแป-1-7446515167263623185,524800.0,12000.0,62500.0,2025-07-22
14-07-2025,Ai rรฒi cลฉng phแบฃi xรi kem trแปn mร thรดi,"['#EmXinh', '#EmXinhSayHi', '#QuynhAnhShyn', '#VieON', '#VieChannel', '#BICHPHUONG', '#loithatlongkhisay']",https://www.tiktok.com/@quynhanhshyn_/video/7526866382546341141,quynhanhshyn_,Quynh Anh Shyn,"LแปI THแบฌT LรNG KHI SAY - EM XINH ""SAY HI"" & Miu Lรช & Bรญch Phฦฐฦกng & Juky San & Quแปณnh Anh Shyn",/music/LแปI-THแบฌT-LรNG-KHI-SAY-7525661652215367697,331200.0,882.0,12500.0,2025-07-22
17-07-2025,Anh ฤรกnh ฤแปi cแบฃ tฦฐฦกng laii. .,"['#jack', '#j97', '#jackj97', '#phuongtuan', '#CongBangChoJack']",https://www.tiktok.com/@nlingphm/video/7527674586796788999,nlingphm,๐ฃ๐ก๐๐ฃ๐๐ฅ๐๐ข,nhแบกc nแปn  - ProducerโKyanh ๐ต,/music/nhแบกc-nแปn-Producer-Kyanh-๐ต-7481852026863799056,379600.0,6116.0,87300.0,2025-07-22
17-07-2025,ฤรณm ฦกi lรชn ฤรจnnโฆ,"['#jack', '#j97', '#bp_krick']",https://www.tiktok.com/@krick_drama_tiktok/video/7527626435213659399,krick_drama_tiktok,๐_๐๐ง๐๐ข๐,nhแบกc nแปn  - ๐_๐๐ง๐๐ข๐,/music/nhแบกc-nแปn-๐๐๐ง๐๐ข๐-7527626456831183632,365900.0,8104.0,85600.0,2025-07-22
14-07-2025,Bร xรฃ Fabo Nguyแปn cรณ phแบฃn แปฉng tinh tแบฟ khi thแบฅy anh bแบฃo vแป phแปฅ chแปng mแป cแปญa xe khi ฤi ฤรกm cฦฐแปi ฤแบกt G - Cindy Lฦฐ,"['#MeowEntertainment', '#Meownetwork', '#Saptinggg', '#Saptinshowbiz', '#Kindnmeow', '#Tiktokgiaitri']",https://www.tiktok.com/@meowentertainmentvn/video/7526807510834023700,meowentertainmentvn,MEOW ENTERTAINMENT,Bแบญt ฤรจn Xanh - Vรขn Anh Pinky,/music/Bแบญt-ฤรจn-Xanh-7441126118013192193,180000.0,668.0,3001.0,2025-07-22
16-07-2025,Jack J97 xuแบฅt hiแปn tแบกi hแปp bรกo,"['#8sieucap', '#j97', '#jack', '#jack97', '#hopbao']",https://www.tiktok.com/@8sieucap/video/7527511299169717512,8sieucap,8sieucap,Lรฃng Tแปญ Nhรn Thoแบกi Remix 20205 - Thiรชn Tรบ Singer,/music/Lรฃng-Tแปญ-Nhรn-Thoแบกi-Remix-20205-7497449648362425105,116700.0,2592.0,33200.0,2025-07-22
18-07-2025,Diแปn viรชn Minh Luรขn vรo thแบฅp hฦฐฦกng chia buแปn tang lแป nghแป sฤฉ Cรดng Tรi,"['#cameravietnam', '#nghesicongtai', '#dienvienbuicongdanh', '#tanglenghesicongtai', '#dienvien']",https://www.tiktok.com/@cameravietnam1988/video/7528074667853106452,cameravietnam1988,Camera Viแปt Nam,Nhแบกc ฤแปng quรช yรชn bรฌnh - Mแปc Gtar,/music/Nhแบกc-ฤแปng-quรช-yรชn-bรฌnh-7513825496535746561,50400.0,1480.0,545.0,2025-07-22
19-07-2025,Mแปi sแบฏm ฤฦฐแปฃc em barbie nรy xแปn ghรช,"['#ngocchau', '#hoahaungocchau', '#tiktokgiaitri', '#xuhuongtiktok']",https://www.tiktok.com/@hoahau.ngocchau/video/7528393229859851538,hoahau.ngocchau,Ngแปc Chรขu,sonido original - Alexa Beauty (en Parรญs)๐,/music/sonido-original-7257235636427393797,51800.0,1492.0,657.0,2025-07-22
14-07-2025,ฤรขy lร tรดi khi ฤฦฐแปฃc Idol cแปงa toai Lee Min Ho vแบซy tay lแบกi.๐คญ.Tรดi giแปฏ liรชm si? lแบฏm r ฤรณโฆko lรบc แบฃnh xuแปng t cลฉng laoo za ๐,"['#huyenbaby', '#leeminho']",https://www.tiktok.com/@huyenbaby_official/video/7526788379892108562,huyenbaby_official,Huyแปn Baby,nhแบกc nแปn  - Huyแปn Baby,/music/nhแบกc-nแปn-Huyแปn-Baby-7526788502411954960,435800.0,3239.0,8642.0,2025-07-22
10-07-2025,"B RAY CHฦI LแปN : GแปI TรN LOแบT NYC TRONG TRACK NHแบC ""THE ONE""","['#vbiznews', '#tintucshowbiz', '#tintucgiaitri', '#tngocha', '#onlive', '#bray']",https://www.tiktok.com/@vbiznews/video/7525352701639609618,vbiznews,Tin Tแปฉc Showbiz,Energy boost - Instrumental - Winner P336,/music/Energy-boost-Instrumental-7401165328607381520,349200.0,4358.0,53000.0,2025-07-22
12-07-2025,๐,"['#j97', '#tiแปubแบฃo', '#jackj97', '#phuongtuan', '#domdom', '#j97entertainment']",https://www.tiktok.com/@tieubaodilac/video/7526085054200663303,tieubaodilac,Tiแปu Bแบฃo ฤi Lแบกc,nhแบกc nแปn - Helios. - Nam Hแบฃi Dฦฐฦกng,/music/nhแบกc-nแปn-Helios-7040976768085297921,284200.0,6290.0,169400.0,2025-07-22
18-07-2025,Thแปฉ2 hรดm nay phแบฃi khแป rรฒi ๐๐ chฦฐa gem nรo mร Hรญu k thua,"['#xuhuong', '#2ngay1dem', '#hieuthuhai', '#viral', '#fyp']",https://www.tiktok.com/@thzy.xinh/video/7528124343398829319,thzy.xinh,thzyxinh,nhแบกc nแปn - Phฦฐฦกng Nguyแปn Media - Phฦฐฦกng Nguyแปn Official,/music/nhแบกc-nแปn-Phฦฐฦกng-Nguyแปn-Media-7298318108857830145,98900.0,2006.0,36300.0,2025-07-22
19-07-2025,Thฦก Nguyแปn lรชn tiแบฟng cแปฑc cฤng vแป Jack sau hแปp bรกo,"['#khaunghiep', '#dramin', '#thonguyen', '#jack']",https://www.tiktok.com/@dramin.vn/video/7528334932087819527,dramin.vn,DRAMIN,nhแบกc nแปn  - DRAMIN,/music/nhแบกc-nแปn-DRAMIN-7528334975935105808,82400.0,3774.0,10000.0,2025-07-22
19-07-2025,"Quรก trรฌnh thay ฤแปi nhan sแบฏc lแบงn 1 cแปงa Mแปน Duyรชn ""Mada""","['#nangmui', '#jtangelhospital', '#lotxac', '#cuocdoimoi']",https://www.tiktok.com/@trongthanhh.jt/video/7528356416315264264,trongthanhh.jt,Nguyแปn Trแปng Thรnh,nhแบกc nแปn  - Nguyแปn Trแปng Thรnh,/music/nhแบกc-nแปn-Nguyแปn-Trแปng-Thรnh-7528356509135260432,100800.0,1765.0,3340.0,2025-07-22
17-07-2025,Anh em sinh ฤรดi cแปงa Miyazaki,"['#THUANBarber', '#THUANBarberShop']",https://www.tiktok.com/@ibcuathuan/video/7527658448163441928,ibcuathuan,THUAN,"My Heart Will Go On (Love Theme from ""Titanic"") - Cรฉline Dion",/music/My-Heart-Will-Go-On-Love-Theme-from-Titanic-6610664419187755778,139000.0,1235.0,9289.0,2025-07-22
17-07-2025,Mรกt xa mแบทt แป แบคn ฤแป,"['#hoanganhpanda', '#tiktokgiaitri']",https://www.tiktok.com/@hoanganhpanda_/video/7527539570250976520,hoanganhpanda_,Hoรng Anh Panda,nhแบกc nแปn  - Hoรng Anh Panda,/music/nhแบกc-nแปn-Hoรng-Anh-Panda-7527539801109580561,612100.0,21500.0,229900.0,2025-07-22
15-07-2025,Bรบp bรช,"['#makeupฤแบนpbรฌnhdฦฐฦกng', '#xuhuong', '#xuhuong2025']",https://www.tiktok.com/@2018linhdan/video/7527104351001726229,2018linhdan,Trฦฐฦกng Thแป Thanh,nhแบกc nแปn  - Trฦฐฦกng Thแป Thanh,/music/nhแบกc-nแปn-Trฦฐฦกng-Thแป-Thanh-7527104483696970497,32600.0,476.0,1771.0,2025-07-22
18-07-2025,Dแบงu gแปi kiแปm dแบงu nรo แปn ฤรขy nhแป,"['#goclamdep', '#xuhuong', '#xh', '#haircare', '#skincare', '#viral', '#j4f', '#beautytips', '#daugoikiemdau', '#daugoi', '#shampoo']",https://www.tiktok.com/@sinhvienhoathichhoc/video/7528006782048849170,sinhvienhoathichhoc,Huyแปn Trang,nhแบกc nแปn  - Huyแปn Trang,/music/nhแบกc-nแปn-Huyแปn-Trang-7528006797534251792,53500.0,347.0,1825.0,2025-07-22
20-07-2025,Hรดm trฦฐแปc ai kรชu,"['#dunnhair', '#dunnhairsalon', '#dabi', '#dabitodoroki', '#dophuocthinh']",https://www.tiktok.com/@dunnhairsalon.official/video/7528695862160002322,dunnhairsalon.official,DUNN HAIR SALON,nhแบกc nแปn  - Luรขn,/music/nhแบกc-nแปn-Luรขn-7507303636590922513,123600.0,287.0,3358.0,2025-07-22
19-07-2025,gแปi kiแปu gรฌ,[],https://www.tiktok.com/@vuhongnhung05/video/7528625860509748488,vuhongnhung05,๐ฏ'๐๐๐๐(๐ต๐๐๐๐ ๐บ๐๐),nhแบกc nแปn  - ๐ฏ'๐๐๐๐(๐ต๐๐๐๐ ๐บ๐๐),/music/nhแบกc-nแปn-๐ฏ'๐๐๐๐-๐ต๐๐๐๐-๐บ๐๐-7528625927501548289,47500.0,336.0,2307.0,2025-07-22
14-07-2025,Khรณa hแปc makeup cรก nhรขn cho nhแปฏng bแบกn chฦฐa biแบฟt gรฌ vแป makeup,"['#CapCut', '#khoahocmakeupcanhancantho', '#makeupcanhan', '#makeupcantho', '#makeupchuyennghiep']",https://www.tiktok.com/@hathuymakeup95/video/7526776576470453512,hathuymakeup95,hathuymakeup,nhแบกc nแปn  - Lรช Anh Thฦฐ๐,/music/nhแบกc-nแปn-Lรช-Anh-Thฦฐ๐-7460060357969627905,233100.0,1712.0,5676.0,2025-07-22
04-07-2025,your sign to get,"['#microbangs', '#fyp']",https://www.tiktok.com/@dailywithbong/video/7523162526582836488,dailywithbong,Daily with Bรดng ๐ธ,original sound - Pro Mitch Music,/music/original-sound-6890277581002738438,291800.0,1683.0,51200.0,2025-07-22
18-07-2025,Bรบp bรช xรฉ tรบi 1 tรญ hรดngggg ๐คญ,[],https://www.tiktok.com/@mhpchupanh/video/7527962942764092690,mhpchupanh,MHP Makeup,nhแบกc nแปn  - MHP Makeup,/music/nhแบกc-nแปn-MHP-Makeup-7527962963484592897,64400.00000000001,382.0,1265.0,2025-07-22
19-07-2025,Cรฒn chฦฐa tแปi 1 nฤm nแปฏa..,"['#xuhuongtiktok', '#drhoanganhcaytoc', '#bacsihoanganh', '#caytoc', '#blackhair']",https://www.tiktok.com/@drhoanganhcaytoc/video/7528375655529008402,drhoanganhcaytoc,Bรกc Sฤฉ Hoรng Anh,original sound  - Bรกc Sฤฉ Hoรng Anh,/music/original-sound-Bรกc-Sฤฉ-Hoรng-Anh-7528375696679357185,42800.0,232.0,651.0,2025-07-22
20-07-2025,Mรฃi tแปa sรกng e nhรฉ โค๏ธ๐,"['#fyp', '#makeup', '#vairal', '#bienhinh', '#xuhuong', '#ฤinhphatacademy']",https://www.tiktok.com/@dinhphatmakeup/video/7528735284540853522,dinhphatmakeup,ฤinh Phรกt,nhแบกc nแปn  - ๐ผ๐ง๐๐จ ๐๐ช๐จ๐๐,/music/nhแบกc-nแปn-๐ผ๐ง๐๐จ-๐๐ช๐จ๐๐-7521704617428749072,46800.0,529.0,766.0,2025-07-22
16-07-2025,mแปi mแปi ngฦฐแปi ฤn bรกnh vแปi mรฌnh แบก,"['#huongthuf', '#maybellinepartner', '#teddytint', '#vtmgr']",https://www.tiktok.com/@huongthuf/video/7527311174434704647,huongthuf,Hฦฐฦกng Thรน,original sound  - Hฦฐฦกng Thรน,/music/original-sound-Hฦฐฦกng-Thรน-7527311262414408449,261000.0,1213.0,16400.0,2025-07-22
20-07-2025,"7749 cรขu truyแปn zhihu, audio trong ฤแบงu","['#makeup', '#bienhinh', '#bachnguyetquang']",https://www.tiktok.com/@aimigaus04/video/7528679876484812050,aimigaus04,Aimi mรช lรm ฤแบนp๐งธ,nhแบกc nแปn - ๐๐.๐๐ - Tรณc Nam Hoรng Vลฉ - Gรฒ Vแบฅp,/music/nhแบกc-nแปn-๐๐๐๐-7476873734473698064,167800.0,1289.0,6766.0,2025-07-22
18-07-2025,Lแบกi nแปฏa rแปi ๐๐,"['#huynhbung', '#xuhuong', '#xuhuongtiktok', '#tocnamdep', '#tocdep', '#tocboypho', '#hoangem_vlog๐']",https://www.tiktok.com/@hoangvanhuynh94/video/7528238410469870866,hoangvanhuynh94,Huแปณnh bung,nhแบกc nแปn  - Huแปณnh bung,/music/nhแบกc-nแปn-Huแปณnh-bung-7528238445320866577,43000.0,255.0,1811.0,2025-07-22
21-07-2025,nuรดi tรณc thรฌ lรขu chแปฉ cแบฏt thรฌ 1 tiแบฟng 30โ hoi. Trรดng แปn khum mรญ bร?๐ฅบ,"['#lifestyle', '#myhairstyle', '#duowngntt', '#shorthair', '#shorthairstyles']",https://www.tiktok.com/@duowngntt/video/7529149567716216071,duowngntt,duowngntt,whyisthisaudiofamous - @chrisgallagher,/music/whyisthisaudiofamous-6742199989981678342,4501.0,90.0,189.0,2025-07-22
15-07-2025,Khรดng niแบฟt thรnh phแบฉm nhฦฐ nรo chแปฉ thแบฅy chuyรชn nghiแปp phแบฟt,"['#mongoland', '#ฤรlแบกt']",https://www.tiktok.com/@vuhoangphuongnam/video/7527106795391765767,vuhoangphuongnam,Vลฉ Hoรng Phฦฐฦกng Nam,nhแบกc nแปn  - paullummeme,/music/nhแบกc-nแปn-paullummeme-7389223069463612176,2500000.0,5547.0,75600.0,2025-07-22
18-07-2025,Xin lแปi ฤฦฐแปฃc chฦฐa?,['#tunvabong'],https://www.tiktok.com/@tunvabong/video/7528075024377449746,tunvabong,Tรบn vร Bแปng ฤรขy!,nhแบกc nแปn  - Bin Yet quรฃi ฤแบกn ๐ธ,/music/nhแบกc-nแปn-Bin-Yet-quรฃi-ฤแบกn-๐ธ-7518000305552804625,602800.0,7519.0,190800.0,2025-07-22
19-07-2025,Bร vแปฃ thua Pol Pot mแปi cรกi quแปc tแปch ๐,"['#giadinh', '#hanhphuc', '#vuive', '#haihuoc', '#cuocsong', '#plxhvn', '#phapluatxahoi']",https://www.tiktok.com/@plxhvn2/video/7528429064336493879,plxhvn2,Tin Nรณng Hรng Ngรy,nhแบกc nแปn  - Tin Nรณng Hรng Ngรy,/music/nhแบกc-nแปn-Tin-Nรณng-Hรng-Ngรy-7528429296617704205,225800.0,3457.0,55100.0,2025-07-22
21-07-2025,ฤรกm ngรy mฦฐa bรฃo ๐ฅน,[],https://www.tiktok.com/@tramtruong175/video/7529020195206188306,tramtruong175,Trรขm Trฦฐฦกng,"Duyรชn Do Trแปi, Phแบญn Tแบกi Ta - The Masked Singer",/music/Duyรชn-Do-Trแปi-Phแบญn-Tแบกi-Ta-7299646998985361410,305500.0,14600.0,143700.0,2025-07-22
19-07-2025,Unbox em bรบp bรช,"['#QuanNguyenPuLe', '#QuanNguyenPuLeAcademy', '#hocvienQuanNguyenPuLe', '#thanhthuy', '#missinternational']",https://www.tiktok.com/@quannguyenpuleofficial/video/7528613552211512593,quannguyenpuleofficial,Quรขn Nguyแปn - Pu Lรช Official,nhแบกc nแปn  - Quรขn Nguyแปn - Pu Lรช Official,/music/nhแบกc-nแปn-Quรขn-Nguyแปn-Pu-Lรช-Official-7528613865907571472,620900.0,6338.0,17400.0,2025-07-22
16-07-2025,Tแบญp cuแปi.,"['#letuankhang', '#Cellphones']",https://www.tiktok.com/@letuankhang2002/video/7527258883841101073,letuankhang2002,Lรช Tuแบฅn Khang,nhแบกc nแปn  - Lรช Tuแบฅn Khang,/music/nhแบกc-nแปn-Lรช-Tuแบฅn-Khang-7527259240907115281,3400000.0,46600.0,368800.0,2025-07-22
20-07-2025,19 tuแปi xin ba mแบน cฤn nhร แป riรชng,"['#ducduy_official', '#vlog']",https://www.tiktok.com/@ducduy_official/video/7528757591443377415,ducduy_official,ฤแปจC DUY,nhแบกc nแปn  - ฤแปจC DUY,/music/nhแบกc-nแปn-ฤแปจC-DUY-7528757614118374145,498300.0,2337.0,16700.0,2025-07-22
18-07-2025,"Thanh niรชn tแปnh nhแบฅt trong ฤรกm, phรกt hiแปn Hแปng tแปท lร nam vแปi bแป vแป","['#khaunghiep', '#dramin', '#hongty']",https://www.tiktok.com/@dramin.vn/video/7528012271671397639,dramin.vn,DRAMIN,nhแบกc nแปn  - DRAMIN,/music/nhแบกc-nแปn-DRAMIN-7528012308371606273,313000.0,4262.0,194500.0,2025-07-22
19-07-2025,Tรn canh giรณ lแบกnh ๐ญ,[],https://www.tiktok.com/@cahebietnhayy/video/7528270506282274055,cahebietnhayy,Cรก hแป biแบฟt nhแบฃy ๐ฉต,nhแบกc nแปn - Vy kitty๐คก - Nguyแปn Vy๐,/music/nhแบกc-nแปn-Vy-kitty๐คก-7497872345080662785,353500.0,5909.0,36800.0,2025-07-22
19-07-2025,Lร ngฦฐแปi dฦฐng nhฦฐng khi tแบญn mแบฏt chแปฉng kiแบฟn cแบฃnh nรy thรฌ khรดng thแป khรดng buแปn ฤฦฐแปฃc แบก! Chia buแปn cรนng gia ฤรฌnh! Tแบกm biแปt Mแบน Voi๐ฅน๐ฅบ,[],https://www.tiktok.com/@bng.bng1998/video/7528398426355043591,bng.bng1998,Bรดng Bรดngโ๏ธ,nhแบกc nแปn - Nguyแปn T. Kiแปu - Kiแปu๐ณ,/music/nhแบกc-nแปn-Nguyแปn-T-Kiแปu-7428972740508420880,225900.0,1284.0,4975.0,2025-07-22
16-07-2025,"Hฦฐแปng Tแปi Mรดi Trฦฐแปng Xanh , Sแบกch ,ฤแบนp .","['#XeDien2025', '#NgungXeXang', '#TinNรณngMแปiNgรy', '#ThแปiSแปฑ24h', '#ThแปiSแปฑHรดmNay', '#TinKhแบฉnCแบฅp', '#CแบญpNhแบญtTinTแปฉc', '#ThแบฟGiแปi24h', '#TinChรญnhTrแป', '#TinAnNinh', '#TinQuแปcTแบฟ', '#TinNรณngChรญnhPhแปง', '#TinTแปฉcXรฃHแปi', '#PhรขnTรญchThแปiSแปฑ', '#ฤiแปmNรณngThแบฟGiแปi', '#TinTแปฉcMแปiGiแป', '#BreakingNewsVN', '#KhแปงngHoแบฃngToรnCแบงu', '#BรฌnhLuแบญnThแปiCuแปc', '#SแปฑKiแปnNแปiBแบญt', '#TinTแปฉcMแปiNhแบฅt', '#ThแปiSแปฑฤแบทcBiแปt']",https://www.tiktok.com/@splivetinnong.com/video/7527190134572338439,splivetinnong.com,๐๐๐๐๐๐ ๐๐ข๐ง ๐๐จฬ๐ง๐,nhแบกc nแปn  - ๐๐๐๐๐๐ ๐๐ข๐ง ๐๐จฬ๐ง๐,/music/nhแบกc-nแปn-๐๐๐๐๐๐-๐๐ข๐ง-๐๐จฬ๐ง๐-7527190184685767440,291300.0,47600.0,172700.0,2025-07-22
16-07-2025,Bรi tแบญp nรญn thแป nแบฑm dฦฐแปi nฦฐแปc,"['#daccongvietnam', '#daccongnuoc5', '#daccongnuoc', '#qdndvn']",https://www.tiktok.com/@daccongnuoc93/video/7527222260214648082,daccongnuoc93,Bแป ฤแปi ฤแบทc Cรดng๐ป๐ณ,nhแบกc nแปn  - ๐ง๐๐ผ๐๐๐๐๐ญ,/music/nhแบกc-nแปn-๐ง๐๐ผ๐๐๐๐๐ญ-7351635095441459969,474200.0,12900.0,24400.0,2025-07-22
14-07-2025,Liแปu cรณ cรฒn phรฉp mรu nรo cho HN khรดng โ,"['#luonghainhu', '#xuhuongtiktok', '#hainhumattich', '#hainhu', '#vairal', '#fyp', '#xh']",https://www.tiktok.com/@phth29/video/7526976524918983944,phth29,Bรฒ ๐,nhแบกc nแปn  - Tiin.vn,/music/nhแบกc-nแปn-Tiinvn-7526830790916426512,225300.0,1570.0,9575.0,2025-07-22
20-07-2025,Cรณ thแป cฦฐแปi ฤแบฟn cuแปi ฤแปi ๐คฃ๐คฃ๐คฃ,['#bรฃo'],https://www.tiktok.com/@tu.anh.tr/video/7528721367395585298,tu.anh.tr,Tรบ Anh Tr,Trแปi hoรก cฦกn mฦฐa . voi Bแบฃn ฤรดn - Nguyแปn Minh ฤแปฉc,/music/Trแปi-hoรก-cฦกn-mฦฐa-voi-Bแบฃn-ฤรดn-7299165283527625473,616400.0,22300.0,471200.0,2025-07-22
17-07-2025,"Bร ฦกi bร, cแปng ฤแปng mแบกng cรณ nhiแปu ฤiแปu muแปn nรณi vแปi bร lแบฏm ฤรณโฆ","['#fyp', '#xuhuong']",https://www.tiktok.com/@bmi.thuongw/video/7527885667859205394,bmi.thuongw,Thฦฐฦกng Bรกnh Mรฌ,nhแบกc nแปn - Sorry Music - Theanh28 Music,/music/nhแบกc-nแปn-Sorry-Music-7154006427173522202,213300.0,1642.0,12000.0,2025-07-22
18-07-2025,Lรฝ do ngฦฐแปi dรขn luรดn yรชu quรฝ bแป ฤแปi cแปฅ Hแป lร ฤรขy๐,"['#bodoicuho', '#bodoivietnam', '#quandoivietnam', '#dethuong', '#plxhvn', '#phapluatxahoi']",https://www.tiktok.com/@plxhvn2/video/7528123764098223415,plxhvn2,Tin Nรณng Hรng Ngรy,nhแบกc nแปn  - Tin Nรณng Hรng Ngรy,/music/nhแบกc-nแปn-Tin-Nรณng-Hรng-Ngรy-7528123777704577805,111400.0,1414.0,1356.0,2025-07-22
17-07-2025,lแบกi รฉt รฒ รฉt ฤรขy,[],https://www.tiktok.com/@that201025/video/7527612386073709832,that201025,T H แบค T ๐๐ฅ,nhแบกc nแปn  - T H แบค T ๐๐ฅ,/music/nhแบกc-nแปn-T-H-แบค-T-๐๐ฅ-7527612403551456016,229700.0,8671.0,380300.0,2025-07-22
17-07-2025,VIDEO GHI LแบI CHIแบพC XE CแปฆA NAM GIแบขNG VIรN 20 PHรT TRฦฏแปC KHI GรY TAI NแบN,"['#60giay', '#theanh28', '#theanh28news']",https://www.tiktok.com/@60giay.com/video/7527879809175784711,60giay.com,60giay.com,Take Your Ease Under The Stars - NS Records,/music/Take-Your-Ease-Under-The-Stars-7176165317066885122,157000.0,1545.0,11400.0,2025-07-22
16-07-2025,Trแปi sinh 1 cแบทp rแปi ๐,"['#haihuoc', '#haha', '#plxhvn', '#phapluatxahoi']",https://www.tiktok.com/@plxhvn2/video/7527389401337449741,plxhvn2,Tin Nรณng Hรng Ngรy,nhแบกc nแปn  - Tin Nรณng Hรng Ngรy,/music/nhแบกc-nแปn-Tin-Nรณng-Hรng-Ngรy-7527389555268913975,59900.0,832.0,35400.0,2025-07-22
19-07-2025,โจThแปi ฤแบกi mแปi,['#Sline'],https://www.tiktok.com/@hina_14299/video/7528287066803735816,hina_14299,โจHina Quแปณnh Nhฦฐโจ,nhแบกc nแปn  - โจHina Quแปณnh Nhฦฐโจ,/music/nhแบกc-nแปn-โจHina-Quแปณnh-Nhฦฐโจ-7528287095698230033,239900.0,2906.0,61400.0,2025-07-22
18-07-2025,Chi nรด bai bai & chi nรด pรกi pรกi,"['#hoangdinhan', '#linhkit', '#gฤsaurieng', '#gdkhe']",https://www.tiktok.com/@hoangdinhanlinhkit/video/7527970355730779399,hoangdinhanlinhkit,Hoรng & Linh Cรณ Sao Nรณi Vแบญy,nhแบกc nแปn  - Hoรng & Linh Cรณ Sao Nรณi Vแบญy,/music/nhแบกc-nแปn-Hoรng-Linh-Cรณ-Sao-Nรณi-Vแบญy-7527970376060603137,159600.0,357.0,2717.0,2025-07-22
19-07-2025,Chแปt vรฌ gรกi lร mแปt cรกi chแปt tรช tรกi,[],https://www.tiktok.com/@maitrithuc2020/video/7528384799535320327,maitrithuc2020,Mai Trรญ Thแปฉc,original sound  - An Coong Piano,/music/original-sound-An-Coong-Piano-7014379738911361818,553900.0,8611.0,397900.0,2025-07-22
