/@sau.drama/video/7478216152519281928,https://www.tiktok.com/@sau.drama/video/7522016067275820309,Ủa bình thường mấy nhà hàng rửa chén kiểu vậy hả mọi người #tiktoknews #trending #tintuc #saudrama #drama #ruachen #nhahang #adora,sau.drama,273200.0,sau.drama,7478216152519281928,"['#tiktoknews', '#trending', '#tintuc', '#saudrama', '#drama', '#ruachen', '#nhahang', '#adora']"
/@sau.drama/video/7457806085106240775,https://www.tiktok.com/@sau.drama/video/7522016067275820309,"Thủ đoạn mới của đường dây sang bán “Cam”, mọi người cẩn thận nhé! #tiktoknews #trending #tintuc #saudrama #campuchia #drama",sau.drama,383600.0,sau.drama,7457806085106240775,"['#tiktoknews', '#trending', '#tintuc', '#saudrama', '#campuchia', '#drama']"
/@sau.drama/video/7524667161541987602,https://www.tiktok.com/@sau.drama/video/7522016067275820309,"Cảnh báo: Đu trend dùng AI tạo ảnh ""phú bà, đại gia bị CSGT xử phạt"" có thể bị truy cứu trách nhiệm hình sự #saudrama #trending #drama #tiktoknews #ai",sau.drama,54.0,sau.drama,7524667161541987602,"['#saudrama', '#trending', '#drama', '#tiktoknews', '#ai']"
/@sau.drama/video/7524652214816656660,https://www.tiktok.com/@sau.drama/video/7522016067275820309,"Ở ẩn chưa lâu, Tóc Tiên bị CĐM soi thích “hơn thua”, xen vào chuyện nội bộ fans #saudrama #trending #drama #tiktoknews #tanbinhtoannang #toctien",sau.drama,209.0,sau.drama,7524652214816656660,"['#saudrama', '#trending', '#drama', '#tiktoknews', '#tanbinhtoannang', '#toctien']"
/@sau.drama/video/7524572976121924865,https://www.tiktok.com/@sau.drama/video/7522016067275820309,"Gọi mình là Gen Z giản dị, cô gái gây tranh cãi vì bị cho là đang đặt mình khác biệt số đông! #saudrama #trending #drama #tiktoknews #genz #pickmegirl",sau.drama,1160.0,sau.drama,7524572976121924865,"['#saudrama', '#trending', '#drama', '#tiktoknews', '#genz', '#pickmegirl']"
/@sau.drama/video/7524320871566118165,https://www.tiktok.com/@sau.drama/video/7522016067275820309,"Jenny Huỳnh bị ném đá khi hỏi về ""Anh Trai Say Hi"": EQ thấp hay fan ""Overthinking""? #saudrama #drama ##tiktokgiaitri##tiktoknews##jennyhuynh##concertanhtraisayhi",sau.drama,867.0,sau.drama,7524320871566118165,"['#saudrama', '#drama', '#tiktokgiaitri', '#tiktoknews', '#jennyhuynh', '#concertanhtraisayhi']"
/@sau.drama/video/7524283380876299540,https://www.tiktok.com/@sau.drama/video/7522016067275820309,"Người mẹ dẫn 3 con nhỏ vào quán ăn rồi giả vờ xỉu để khỏi trả tiền, CĐM chỉ thấy thương thay cho những đứa trẻ #saudrama #trending #drama #tiktoknews #luadao",sau.drama,7689.0,sau.drama,7524283380876299540,"['#saudrama', '#trending', '#drama', '#tiktoknews', '#luadao']"
/@sau.drama/video/7524282651704921361,https://www.tiktok.com/@sau.drama/video/7522016067275820309,"Cô gái bị CĐM ùa vào toxic chỉ vì gọi Pedro là túi hiệu, netizen có đang hiểu sai khái niệm!? #saudrama #trending #drama #tiktoknews #hanghieu",sau.drama,9017.0,sau.drama,7524282651704921361,"['#saudrama', '#trending', '#drama', '#tiktoknews', '#hanghieu']"
/@sau.drama/video/7524255900048117010,https://www.tiktok.com/@sau.drama/video/7522016067275820309,"Cô gái bức xúc ly cà phê muối Chú Long quá ít so với giá tiền bỏ ra, tưởng được đồng cảm nhưng lại bị CĐM nói ngược! #saudrama #trending #drama #tiktoknews #caphemuoichulong",sau.drama,12000.0,sau.drama,7524255900048117010,"['#saudrama', '#trending', '#drama', '#tiktoknews', '#caphemuoichulong']"
/@sau.drama/video/7524249286314331412,https://www.tiktok.com/@sau.drama/video/7522016067275820309,"Vương miện của BB Trần bị lao công vứt bỏ vì tưởng rác trước đêm diễn concert Chông Gai, CĐM tranh cãi lỗi do ai?  #saudrama #trending #drama #tiktoknews #bbtran #anhtraivuotnganchonggai",sau.drama,5964.0,sau.drama,7524249286314331412,"['#saudrama', '#trending', '#drama', '#tiktoknews', '#bbtran', '#anhtraivuotnganchonggai']"
/@sau.drama/video/7524242816801787144,https://www.tiktok.com/@sau.drama/video/7522016067275820309,Xe tải chở vải gặp nạn nhưng người dân tưởng bỏ nên đã nhặt về hết tận 4 tấn vải khiến chủ xe khóc ròng! #saudrama #trending #drama #tiktoknews #xechovai #gapnan,sau.drama,90.0,sau.drama,7524242816801787144,"['#saudrama', '#trending', '#drama', '#tiktoknews', '#xechovai', '#gapnan']"
/@sau.drama/video/7524232825978113300,https://www.tiktok.com/@sau.drama/video/7522016067275820309,"Chú Grab và khách Tây tranh cãi chỉ vì cuốc xe 30k, 1 người và 2 vali nhưng muốn đi xe máy cho rẻ khiến CĐM bức xúc thay chú tài xế! #saudrama #trending #drama #tiktoknews #khachnuocngoai #taixecongnghe",sau.drama,2842.0,sau.drama,7524232825978113300,"['#saudrama', '#trending', '#drama', '#tiktoknews', '#khachnuocngoai', '#taixecongnghe']"
/@sau.drama/video/7524193834977348884,https://www.tiktok.com/@sau.drama/video/7522016067275820309,"Vụ người phụ nữ bán trà đá vứt vali cô gái khi đang chờ xe ở Mỹ Đình, Công an đã vào cuộc xử lý! #saudrama #trending #drama #tiktoknews #benxemydinh",sau.drama,115.0,sau.drama,7524193834977348884,"['#saudrama', '#trending', '#drama', '#tiktoknews', '#benxemydinh']"
/@sau.drama/video/7523884495523646736,https://www.tiktok.com/@sau.drama/video/7522016067275820309,"Cô gái Việt bị nhân viên Nhật tương tác  khi đi uống cà phê, cảnh sát không giải quyết với lý do là visa ngắn? #saudrama #drama ##tiktokgiaitri##tiktoknews##nhatban",sau.drama,18100.0,sau.drama,7523884495523646736,"['#saudrama', '#drama', '#tiktokgiaitri', '#tiktoknews', '#nhatban']"
/@sau.drama/video/7523584247085550868,https://www.tiktok.com/@sau.drama/video/7522016067275820309,"Kiếp nạn của Diệp Lê: Từ đám cưới ở Bình Dương đến lễ cưới tại Sài Gòn bị ví như cái chùa, CÐM có đang quá khắt khe? #saudrama #drama #tiktokgiaitri #dieple #damcuoidieple",sau.drama,1284.0,sau.drama,7523584247085550868,"['#saudrama', '#drama', '#tiktokgiaitri', '#dieple', '#damcuoidieple']"
/@sau.drama/video/7523583997054668053,https://www.tiktok.com/@sau.drama/video/7522016067275820309,Ăn cơm quê theo TikToker và cái kết bị thét giá đẹp #saudrama #drama #tiktokgiaitri #comque #review,sau.drama,332.0,sau.drama,7523583997054668053,"['#saudrama', '#drama', '#tiktokgiaitri', '#comque', '#review']"
/@sau.drama/video/7523494443127721217,https://www.tiktok.com/@sau.drama/video/7522016067275820309,"Chi gần 10 triệu cho con đi Làng Háo Hức, phụ huynh bức xúc khi con bị bệnh da liễu, 8 ngày không dám đi vệ sinh vì quá bẩn? #saudrama #drama #tiktokgiaitri #tiktoknews #langhaohuc",sau.drama,88.0,sau.drama,7523494443127721217,"['#saudrama', '#drama', '#tiktokgiaitri', '#tiktoknews', '#langhaohuc']"
/@sau.drama/video/7523221227935173889,https://www.tiktok.com/@sau.drama/video/7522016067275820309,Gọi đồ ăn nhưng checkin đến nguội cũng bị chỉ trích? #saudrama #drama #tiktokgiaitri #checkinsongao,sau.drama,357.0,sau.drama,7523221227935173889,"['#saudrama', '#drama', '#tiktokgiaitri', '#checkinsongao']"
/@sau.drama/video/7523206231461350663,https://www.tiktok.com/@sau.drama/video/7522016067275820309,"Trường cấp 3 ở Nghệ An đang khiến cộng đồng mạng xôn xao khi thông báo điểm chuẩn đầu vào lớp 10 chỉ 2,5 điểm cho 3 môn, là cơ hội hay dấu hiệu suy giảm? #saudrama #drama #tiktokgiaitri #tiktoknews #diemcap3",sau.drama,153.0,sau.drama,7523206231461350663,"['#saudrama', '#drama', '#tiktokgiaitri', '#tiktoknews', '#diemcap3']"
/@sau.drama/video/7523193860223290644,https://www.tiktok.com/@sau.drama/video/7522016067275820309,"Thực hư chuyện gọi xe cứu hoả để mất tiền, mọi người cẩn thận trước thông tin sai lệch #saudrama #drama #tiktokgiaitri #tiktoknews #xecuuhoa",sau.drama,15900.0,sau.drama,7523193860223290644,"['#saudrama', '#drama', '#tiktokgiaitri', '#tiktoknews', '#xecuuhoa']"
/@sau.drama/video/7523192889673829652,https://www.tiktok.com/@sau.drama/video/7522016067275820309,"Chàng trai lên tiếng cảnh báo về miếng lót nồi được quảng bá với nhiều công dụng thần thánh, lời cảnh tỉnh khi người tiêu dùng đặt niềm tin sai chỗ! #saudrama #drama #tiktokgiaitri #tiktoknews #mienglotnoibeptu",sau.drama,60.0,sau.drama,7523192889673829652,"['#saudrama', '#drama', '#tiktokgiaitri', '#tiktoknews', '#mienglotnoibeptu']"
/@sau.drama/video/7523125646952910088,https://www.tiktok.com/@sau.drama/video/7522016067275820309,"Đội cứu hộ xe về đêm giúp người hết mình vẫn bị phốt hết hồn, CĐM tranh cãi ai đúng ai sai? #saudrama #drama #tiktokgiaitri #tiktoknews #cuuhosuaxe",sau.drama,156.0,sau.drama,7523125646952910088,"['#saudrama', '#drama', '#tiktokgiaitri', '#tiktoknews', '#cuuhosuaxe']"
/@sau.drama/video/7522853238111096084,https://www.tiktok.com/@sau.drama/video/7522016067275820309,"Tài khoản dựng lên câu chuyện chị Tuyết bỗng chuyển sang chế độ riêng tự, , bị “nhột” nên “trốn”? #saudrama #drama #tiktokgiaitri #tiktoknews #cungchituyet #mieuchituyet",sau.drama,12300.0,sau.drama,7522853238111096084,"['#saudrama', '#drama', '#tiktokgiaitri', '#tiktoknews', '#cungchituyet', '#mieuchituyet']"
/@sau.drama/video/7522829011551030544,https://www.tiktok.com/@sau.drama/video/7522016067275820309,"Chàng trai thẳng thắn bóc sách dạy về thành công của thầy Hữu Giang là tri thức giả, khiến CĐM quan ngại #saudrama #drama #tiktokgiaitri #huugiang",sau.drama,13400.0,sau.drama,7522829011551030544,"['#saudrama', '#drama', '#tiktokgiaitri', '#huugiang']"
/@sau.drama/video/7522828971709402384,https://www.tiktok.com/@sau.drama/video/7522016067275820309,"5 người ăn bún ở Hạ Long hết 810k, thực hư tình trạng tài xế và quán “bắt tay” chia hoa hồng? #saudrama #drama #tiktokgiaitri #dulichhalong",sau.drama,128.0,sau.drama,7522828971709402384,"['#saudrama', '#drama', '#tiktokgiaitri', '#dulichhalong']"
/@sau.drama/video/7522801518639107329,https://www.tiktok.com/@sau.drama/video/7522016067275820309,"Sau khoảng thời gian đi date liên tục, lạm dụng thẩm mỹ Ánh Trinh khiến CĐM nghi ngại: Đến khi nào mới thấy đủ để biết quý trọng sức khoẻ? #saudrama #drama #tiktokgiaitri #anhtrinh",sau.drama,28100.0,sau.drama,7522801518639107329,"['#saudrama', '#drama', '#tiktokgiaitri', '#anhtrinh']"
/@sau.drama/video/7522758069919468808,https://www.tiktok.com/@sau.drama/video/7522016067275820309,"KOC Hà Phương bị tố vì làm việc thiếu trách nhiệm, chậm deadline nhiều tháng dù feed trống trơn! #saudrama #drama #tiktokgiaitri #haphuong",sau.drama,156.0,sau.drama,7522758069919468808,"['#saudrama', '#drama', '#tiktokgiaitri', '#haphuong']"
/@sau.drama/video/7522734702801784065,https://www.tiktok.com/@sau.drama/video/7522016067275820309,Bếp Bên Sườn Đồi “tách nhau” được khen tinh tế thì CĐM lại réo tên Ninh Dương Story vì cho rằng đang lợi dụng hình ảnh nam-nam để kiếm tiền? #saudrama #drama #tiktokgiaitri #bepbensuondoi #ninhduongstory,sau.drama,290.0,sau.drama,7522734702801784065,"['#saudrama', '#drama', '#tiktokgiaitri', '#bepbensuondoi', '#ninhduongstory']"
/@sau.drama/video/7522495800539188501,https://www.tiktok.com/@sau.drama/video/7522016067275820309,"Jason Deluro xoá gỡ bài ngay sau khi Ban tổ chức GAMA đăng tin đính chính, lẽ nào “nhột” nên mới phải như vậy? #saudrama #drama #tiktokgiaitri #gamashow #jasondeluro",sau.drama,92.0,sau.drama,7522495800539188501,"['#saudrama', '#drama', '#tiktokgiaitri', '#gamashow', '#jasondeluro']"
/@sau.drama/video/7522476317489581319,https://www.tiktok.com/@sau.drama/video/7522016067275820309,"Luộc trứng 30 phút, thấy trứng bị dai liền nghĩ là ""trứng giả"" #saudrama #drama #tiktoknews #tiktokgiaitri #luoctrung #trungia",sau.drama,10200.0,sau.drama,7522476317489581319,"['#saudrama', '#drama', '#tiktoknews', '#tiktokgiaitri', '#luoctrung', '#trungia']"
/@sau.drama/video/7522475830933540103,https://www.tiktok.com/@sau.drama/video/7522016067275820309,"Cô gái bất ngờ vì nước ngọt có ga “bật tung” trong tủ lạnh, thói quen nhiều người tưởng vô hại nhưng lại tiềm ẩn những mối nguy #saudrama #drama #tiktoknews #tiktokgiaitri #nuocngotcogas",sau.drama,69.0,sau.drama,7522475830933540103,"['#saudrama', '#drama', '#tiktoknews', '#tiktokgiaitri', '#nuocngotcogas']"
/@sau.drama/video/7522453007636778261,https://www.tiktok.com/@sau.drama/video/7522016067275820309,"Thuê váy online, cô gái bức xúc khi chủ shop ngủ quên không giao đúng hẹn,còn mắng khách, khiến CĐM phẫn nộ! #saudrama #drama #tiktokgiaitri #thuedo",sau.drama,2379.0,sau.drama,7522453007636778261,"['#saudrama', '#drama', '#tiktokgiaitri', '#thuedo']"
/@sau.drama/video/7522451619255029012,https://www.tiktok.com/@sau.drama/video/7522016067275820309,"Thua mỗi Dượng Bầu mỗi cái địa chỉ, tranh cãi ""bữa cơm bình dân"" hơn 400K kèm đĩa trứng ""cháy"" ở Hạ Long #saudrama #drama #tiktokgiaitri #comqueduongbau #dulichhalong",sau.drama,244.0,sau.drama,7522451619255029012,"['#saudrama', '#drama', '#tiktokgiaitri', '#comqueduongbau', '#dulichhalong']"
/@sau.drama/video/7522409693554347272,https://www.tiktok.com/@sau.drama/video/7522016067275820309,"Nhiều người ""hí hửng"" khoe địa chỉ mới trên CCCD trên VNeID, liệu có đang tạo cơ hội cho kẻ gian lợi dụng? #saudrama #drama #tiktoknews #tiktokgiaitri #luadaoquamang #vneid",sau.drama,23.0,sau.drama,7522409693554347272,"['#saudrama', '#drama', '#tiktoknews', '#tiktokgiaitri', '#luadaoquamang', '#vneid']"
/@sau.drama/video/7522408081611869458,https://www.tiktok.com/@sau.drama/video/7522016067275820309,"Phát hiện có dị vật lạ trong topping của Hồng trà Ngô Gia, nhưng cách xử lý sau đó mới là điều khiến dân tình bức xúc! #saudrama #drama #tiktoknews #tiktokgiaitri #hongtrangogia",sau.drama,55400.0,sau.drama,7522408081611869458,"['#saudrama', '#drama', '#tiktoknews', '#tiktokgiaitri', '#hongtrangogia']"
/@sau.drama/video/7522373908289293588,https://www.tiktok.com/@sau.drama/video/7522016067275820309,"Người chồng đi làm xa 8 năm, vợ bệnh nặng không về thăm, con nhắn tin cả tháng mới trả lời,vô tâm hay còn uẩn khuất phía sau đó? #saudrama #drama #tiktokgiaitri #xuatkhaulaodong",sau.drama,3857.0,sau.drama,7522373908289293588,"['#saudrama', '#drama', '#tiktokgiaitri', '#xuatkhaulaodong']"
/@sau.drama/video/7522144769531727122,https://www.tiktok.com/@sau.drama/video/7522016067275820309,"CĐM xôn xao với hình ảnh sương sáo bẩn được đựng trong xô, không che chắn #saudrama #drama #tiktoknews #tiktokgiaitri #vesinhantoanthucpham #suongsao",sau.drama,5235.0,sau.drama,7522144769531727122,"['#saudrama', '#drama', '#tiktoknews', '#tiktokgiaitri', '#vesinhantoanthucpham', '#suongsao']"
/@sau.drama/video/7522144339405884690,https://www.tiktok.com/@sau.drama/video/7522016067275820309,"Cô gái phốt tiệm cắt tóc tự ý ghi hình để quảng cáo, CĐM cảnh giác với dịch vụ làm đẹp nhiều chiêu trò sử dụng hình ảnh khách hàng #saudrama #drama #tiktoknews #tiktokgiaitri #cattoc",sau.drama,76.0,sau.drama,7522144339405884690,"['#saudrama', '#drama', '#tiktoknews', '#tiktokgiaitri', '#cattoc']"
/@sau.drama/video/7522099444158909716,https://www.tiktok.com/@sau.drama/video/7522016067275820309,Cô gái lên tiếng cảnh cáo mọi người đang đánh đổi “phước” khi đi cúng cô Tuyết #saudrama #drama #tiktokgiaitri #cungcotuyet #mieucotuyet,sau.drama,95600.0,sau.drama,7522099444158909716,"['#saudrama', '#drama', '#tiktokgiaitri', '#cungcotuyet', '#mieucotuyet']"
/@sau.drama/video/7522009153632505096,https://www.tiktok.com/@sau.drama/video/7522016067275820309,"Cặp vợ chồng sản xuất hơn 70.000 chai dầu gió giả, buôn bán thuốc chữa bệnh giả với giá trị hơn 6 tỷ đồng chính thức bị khởi tố! #saudrama #drama #tiktoknews #tiktokgiaitri #sanxuathanggia #daugiogia",sau.drama,297.0,sau.drama,7522009153632505096,"['#saudrama', '#drama', '#tiktoknews', '#tiktokgiaitri', '#sanxuathanggia', '#daugiogia']"
/@sau.drama/video/7521742189228051732,https://www.tiktok.com/@sau.drama/video/7522016067275820309,Tóc Tiên thiên vị tại Tân Binh Toàn Năng? #saudrama #drama #tiktoknews #tiktokgiaitri #toctien #tanbinhtoannang,sau.drama,845.0,sau.drama,7521742189228051732,"['#saudrama', '#drama', '#tiktoknews', '#tiktokgiaitri', '#toctien', '#tanbinhtoannang']"
/@sau.drama/video/7521722333808086292,https://www.tiktok.com/@sau.drama/video/7522016067275820309,"TikToker Vân Phạm bị phốt vì tuyển trợ lý nhưng lại ""ngó lơ"" ứng viên #saudrama #drama #tiktoknews #tiktokgiaitri #vanpham #tuyentroly",sau.drama,14500.0,sau.drama,7521722333808086292,"['#saudrama', '#drama', '#tiktoknews', '#tiktokgiaitri', '#vanpham', '#tuyentroly']"
/@sau.drama/video/7521691221060881682,https://www.tiktok.com/@sau.drama/video/7522016067275820309,"Cùng là show âm nhạc, Genfest được khen nức nở còn NTPMM lại bị “dì.m”? #saudrama #drama #tiktoknews #tiktokgiaitri #nhungthanhphomomang #NTPMM #genfest",sau.drama,10400.0,sau.drama,7521691221060881682,"['#saudrama', '#drama', '#tiktoknews', '#tiktokgiaitri', '#nhungthanhphomomang', '#NTPMM', '#genfest']"
/@sau.drama/video/7521675610846956817,https://www.tiktok.com/@sau.drama/video/7522016067275820309,"Các cuộc thi Hoa hậu liên tiếp được tổ chức trước lúc “sáp nhập” tỉnh thành, người này đăng quang chưa kịp nhớ mặt biết tên đã đến người khác #saudrama #drama #tiktoknews #tiktokgiaitri #hoahau #sapnhaptinh #misscosmovietnam #hoahauvietnam",sau.drama,990.0,sau.drama,7521675610846956817,"['#saudrama', '#drama', '#tiktoknews', '#tiktokgiaitri', '#hoahau', '#sapnhaptinh', '#misscosmovietnam', '#hoahauvietnam']"
/@sau.drama/video/7521653846741896465,https://www.tiktok.com/@sau.drama/video/7522016067275820309,"Lucie và Diệp Lê ""cạch mặt"" nhau thật rồi #saudrama #drama #tiktoknews #tiktokgiaitri #lucie #dieple",sau.drama,19600.0,sau.drama,7521653846741896465,"['#saudrama', '#drama', '#tiktoknews', '#tiktokgiaitri', '#lucie', '#dieple']"
/@sau.drama/video/7521370912508169488,https://www.tiktok.com/@sau.drama/video/7522016067275820309,"Cứ tưởng được lương cao được làm tại nhà là sướng, cô gái bóc trần góc khuất nghề “Idol live” nơi công ty tự đi tìm ""người donate”? #saudrama #drama #tiktoknews #tiktokgiaitri #idollive",sau.drama,2578.0,sau.drama,7521370912508169488,"['#saudrama', '#drama', '#tiktoknews', '#tiktokgiaitri', '#idollive']"
/@sau.drama/video/7521335478528920848,https://www.tiktok.com/@sau.drama/video/7522016067275820309,2 thành viên Schannel miền Nam bị nói kem duyen vì cười khi cụ bà bán vé số bị đu.ổi? #saudrama #drama #tiktoknews #tiktokgiaitri #schannelmiennam #linhthitga,sau.drama,33100.0,sau.drama,7521335478528920848,"['#saudrama', '#drama', '#tiktoknews', '#tiktokgiaitri', '#schannelmiennam', '#linhthitga']"
/@sau.drama/video/7520959899677805841,https://www.tiktok.com/@sau.drama/video/7522016067275820309,"Gửi đồ nhưng bị tình nguyện viên lấy điện thoại chụp hình, tưởng vậy là hay? #saudrama #drama #tiktoknews #tiktokgiaitri #THPTQG",sau.drama,13000.0,sau.drama,7520959899677805841,"['#saudrama', '#drama', '#tiktoknews', '#tiktokgiaitri', '#THPTQG']"
/@sau.drama/video/7520816083285052690,https://www.tiktok.com/@sau.drama/video/7522016067275820309,"Gọi HR là ""bạn"" khi xin JD là sai sao? #saudrama #drama #tiktoknews #tiktokgiaitri #HR #tuyendung",sau.drama,2455.0,sau.drama,7520816083285052690,"['#saudrama', '#drama', '#tiktoknews', '#tiktokgiaitri', '#HR', '#tuyendung']"
/@sau.drama/video/7520532328284769544,https://www.tiktok.com/@sau.drama/video/7522016067275820309,"Chim đậu chi chít trên dây điện ở Nhật Bản, liệu có phải điềm chẳng lành? #saudrama #drama #tiktoknews #tiktokgiaitri #songthannhatban #thientainhatban",sau.drama,98.0,sau.drama,7520532328284769544,"['#saudrama', '#drama', '#tiktoknews', '#tiktokgiaitri', '#songthannhatban', '#thientainhatban']"
/@sau.drama/video/7520512884946767111,https://www.tiktok.com/@sau.drama/video/7522016067275820309,"Chăm mẹ chồng suốt 14 năm vẫn bị trách, nàng dâu bức xúc bày tỏ #saudrama #drama #tiktoknews #tiktokgiaitri #mechongnangdau",sau.drama,14600.0,sau.drama,7520512884946767111,"['#saudrama', '#drama', '#tiktoknews', '#tiktokgiaitri', '#mechongnangdau']"
/@sau.drama/video/7520275555082587413,https://www.tiktok.com/@sau.drama/video/7522016067275820309,Quán Bánh tráng cuốn thịt heo khiến CĐM bức xúc vì xin nước chấm cũng khó khăn #saudrama #drama #tiktoknews #tiktokgiaitri #banhtrangcuonthitheo,sau.drama,29200.0,sau.drama,7520275555082587413,"['#saudrama', '#drama', '#tiktoknews', '#tiktokgiaitri', '#banhtrangcuonthitheo']"
/@sau.drama/video/7520274684949105941,https://www.tiktok.com/@sau.drama/video/7522016067275820309,"Góp quỹ đi du lịch sau khi thi THPTQG nào ngờ bị bạn thủ quỹ ""rút trước"" tất cả #saudrama #drama #tiktoknews #tiktokgiaitri #rutquy #THPTQG",sau.drama,45100.0,sau.drama,7520274684949105941,"['#saudrama', '#drama', '#tiktoknews', '#tiktokgiaitri', '#rutquy', '#THPTQG']"
/@sau.drama/video/7520273993736146196,https://www.tiktok.com/@sau.drama/video/7522016067275820309,Khâu 6 mũi 900k là đắt hay đúng giá? #saudrama #drama #tiktoknews #tiktokgiaitri #giakhauvetthuong #phongkhamtunhan,sau.drama,85.0,sau.drama,7520273993736146196,"['#saudrama', '#drama', '#tiktoknews', '#tiktokgiaitri', '#giakhauvetthuong', '#phongkhamtunhan']"
/@sau.drama/video/7520218677363428629,https://www.tiktok.com/@sau.drama/video/7522016067275820309,"Hoàng Anh Panda review quán cơm đêm không khen, không chê cũng dính ồn ào #saudrama #drama #tiktoknews #tiktokgiaitri #hoanganhpanda #review",sau.drama,340.0,sau.drama,7520218677363428629,"['#saudrama', '#drama', '#tiktoknews', '#tiktokgiaitri', '#hoanganhpanda', '#review']"
/@sau.drama/video/7520202042179177745,https://www.tiktok.com/@sau.drama/video/7522016067275820309,"Đăng hình gia đình những bị bố bắt xoá vì ""bé ba"" của bố ghen? #saudrama #drama #tiktoknews #tiktokgiaitri #ngoaitinh",sau.drama,19700.0,sau.drama,7520202042179177745,"['#saudrama', '#drama', '#tiktoknews', '#tiktokgiaitri', '#ngoaitinh']"
/@sau.drama/video/7520187653224926471,https://www.tiktok.com/@sau.drama/video/7522016067275820309,"Tập văn nghệ bài Cô Đôi Thượng Ngàn, bạn nữ xém bị ‘tủi bóng’ khiến cả team hoảng loạn, nhưng CĐM lại trách: Đừng đem tín ngưỡng ra nói “bậy” #saudrama #drama #tiktoknews #tiktokgiaitri #codoithuongngan #chauvan #haudong",sau.drama,11700.0,sau.drama,7520187653224926471,"['#saudrama', '#drama', '#tiktoknews', '#tiktokgiaitri', '#codoithuongngan', '#chauvan', '#haudong']"
/@sau.drama/video/7520167559920880904,https://www.tiktok.com/@sau.drama/video/7522016067275820309,"Bàng hoàng về nguồn gốc thực sự của dầu ăn chăn nuôi, sẽ ra sao khi người dân vô tình ăn phải? #saudrama #drama #tiktoknews #tiktokgiaitri #dauanchannuoi",sau.drama,52.0,sau.drama,7520167559920880904,"['#saudrama', '#drama', '#tiktoknews', '#tiktokgiaitri', '#dauanchannuoi']"
/@sau.drama/video/7520160143103839504,https://www.tiktok.com/@sau.drama/video/7522016067275820309,Những sản phẩm detox được vợ chồng Hữu Công PR rầm rộ trên MXH có thực sự đáng tin #saudrama #drama #tiktoknews #tiktokgiaitri #detox #huucong,sau.drama,137.0,sau.drama,7520160143103839504,"['#saudrama', '#drama', '#tiktoknews', '#tiktokgiaitri', '#detox', '#huucong']"
/@sau.drama/video/7519872195376581905,https://www.tiktok.com/@sau.drama/video/7522016067275820309,"Đi biển say nắng đến mức ngất xỉu, du lịch nhưng cũng cần bảo vệ sức khoẻ #saudrama #drama #tiktokgiaitri #dulichbien #saynang",sau.drama,96.0,sau.drama,7519872195376581905,"['#saudrama', '#drama', '#tiktokgiaitri', '#dulichbien', '#saynang']"
/@sau.drama/video/7519850020389129480,https://www.tiktok.com/@sau.drama/video/7522016067275820309,"Hình ảnh giao thông đối lập sau 6 tháng áp dụng Nghị định 168, liệu người dân không còn “sợ”?  #saudrama #drama #tiktoknews #tiktokgiaitri #giaothong",sau.drama,5071.0,sau.drama,7519850020389129480,"['#saudrama', '#drama', '#tiktoknews', '#tiktokgiaitri', '#giaothong']"
/@sau.drama/video/7519825244912241938,https://www.tiktok.com/@sau.drama/video/7522016067275820309,"Anh chồng từng khiến CĐM ngưỡng mộ vì hết lòng chăm sóc vợ, nay lại quyết định rời “tổ ấm” #saudrama #drama #tiktoknews #tiktokgiaitri #chamvoungthu #tinhvochong",sau.drama,94.0,sau.drama,7519825244912241938,"['#saudrama', '#drama', '#tiktoknews', '#tiktokgiaitri', '#chamvoungthu', '#tinhvochong']"
/@sau.drama/video/7519810239235886356,https://www.tiktok.com/@sau.drama/video/7522016067275820309,"Hàng nghìn tấn dầu ăn chăn nuôi được ""hô biến"" thành dâu ăn cho người #saudrama #drama #tiktoknews #tiktokgiaitri #thucphamban",sau.drama,48.0,sau.drama,7519810239235886356,"['#saudrama', '#drama', '#tiktoknews', '#tiktokgiaitri', '#thucphamban']"
/@sau.drama/video/7519770594099973394,https://www.tiktok.com/@sau.drama/video/7522016067275820309,"Thiết kế tôn dáng nhưng lại khiến nhiều người ""đỏ mặt"" #saudrama #drama #localbrand #tiktoknews #tiktokgiaitri",sau.drama,22400.0,sau.drama,7519770594099973394,"['#saudrama', '#drama', '#localbrand', '#tiktoknews', '#tiktokgiaitri']"
/@sau.drama/video/7519753424309652756,https://www.tiktok.com/@sau.drama/video/7522016067275820309,"Ny Mukbang combat thầy Thích Khai Quảng, nhưng cô càng nói thì CĐM lại thấy thầy đúng #saudrama #drama #tiktokgiaitri #thichkhaiquang #nymukbangvanphong",sau.drama,21400.0,sau.drama,7519753424309652756,"['#saudrama', '#drama', '#tiktokgiaitri', '#thichkhaiquang', '#nymukbangvanphong']"
/@sau.drama/video/7519486362966510856,https://www.tiktok.com/@sau.drama/video/7522016067275820309,VinWonders bị tố đạo nhái chương trình của sinh viên #saudrama #trending #drama #tiktoknews #vinwonders,sau.drama,1409.0,sau.drama,7519486362966510856,"['#saudrama', '#trending', '#drama', '#tiktoknews', '#vinwonders']"
/@sau.drama/video/7519459303225445650,https://www.tiktok.com/@sau.drama/video/7522016067275820309,"Hơn cả Covid 19, cô gái bị sốt xuất huyết hành trong viện cả tuần chưa khỏi #saudrama #trending #drama #tiktoknews #sotxuathuyet",sau.drama,20200.0,sau.drama,7519459303225445650,"['#saudrama', '#trending', '#drama', '#tiktoknews', '#sotxuathuyet']"
/@sau.drama/video/7519452466094574866,https://www.tiktok.com/@sau.drama/video/7522016067275820309,Vòng mắt mèo được cảnh báo có thể gây ảnh hưởng sức khỏe? #saudrama #trending #drama #tiktoknews #vongmatmeo,sau.drama,3066.0,sau.drama,7519452466094574866,"['#saudrama', '#trending', '#drama', '#tiktoknews', '#vongmatmeo']"
/@sau.drama/video/7519430289240624405,https://www.tiktok.com/@sau.drama/video/7522016067275820309,"Hát karaoke suốt 6 tiếng, bị nhắc nhở còn phản ứng ngược #saudrama #trending #drama #tiktoknews #thoisu #karaoke",sau.drama,45.0,sau.drama,7519430289240624405,"['#saudrama', '#trending', '#drama', '#tiktoknews', '#thoisu', '#karaoke']"
/@sau.drama/video/7519410724666576135,https://www.tiktok.com/@sau.drama/video/7522016067275820309,Cặp đôi thao túng cả Viện pháp y biến phòng bệnh thành nơi sử dụng m.ai th.uý và đường dây “chạy án” một cách tinh vi! #saudrama #trending #drama #tiktoknews #thoisu,sau.drama,61.0,sau.drama,7519410724666576135,"['#saudrama', '#trending', '#drama', '#tiktoknews', '#thoisu']"
/@sau.drama/video/7519111546551782674,https://www.tiktok.com/@sau.drama/video/7522016067275820309,"Hot mom sang chảnh Cún Bông bị bắt dù từng nhận mình “liêm”, đã nói năm số 9 ""thanh trừng TikToker"" mà! #saudrama #trending #drama #tiktoknews #cunbong #namso9",sau.drama,176.0,sau.drama,7519111546551782674,"['#saudrama', '#trending', '#drama', '#tiktoknews', '#cunbong', '#namso9']"
/@sau.drama/video/7519102539430759698,https://www.tiktok.com/@sau.drama/video/7522016067275820309,Măng cụt trắng thế này mà nói bị dập không ăn được? #saudrama #trending #drama #tiktoknews #mangcut,sau.drama,2801.0,sau.drama,7519102539430759698,"['#saudrama', '#trending', '#drama', '#tiktoknews', '#mangcut']"
/@sau.drama/video/7519059624868285703,https://www.tiktok.com/@sau.drama/video/7522016067275820309,"Đi mua dừa mà bỗng thành ""người ăn cắp"" #saudrama #trending #drama #tiktoknews #vuoan",sau.drama,25400.0,sau.drama,7519059624868285703,"['#saudrama', '#trending', '#drama', '#tiktoknews', '#vuoan']"
/@sau.drama/video/7519053376630361365,https://www.tiktok.com/@sau.drama/video/7522016067275820309,Mạnh Tiến Khôi bị nói là “đám mây đen” sau khi cậu đồng Trọng Dương ra đi? #tiktoknews #saudrama #trending #caudongtrongduong #manhtienkhoi #dammayden,sau.drama,9201.0,sau.drama,7519053376630361365,"['#tiktoknews', '#saudrama', '#trending', '#caudongtrongduong', '#manhtienkhoi', '#dammayden']"
/@sau.drama/video/7519047289592089863,https://www.tiktok.com/@sau.drama/video/7522016067275820309,"Thơ Nguyễn cắt dép do Jack quảng cáo, làm quá hay chỉ đơn giản là người tiêu dùng không thích nên có quyền #saudrama #trending #drama #tiktoknews #thonguyen #depnesty #jack",sau.drama,9865.0,sau.drama,7519047289592089863,"['#saudrama', '#trending', '#drama', '#tiktoknews', '#thonguyen', '#depnesty', '#jack']"
/@sau.drama/video/7519008050896735496,https://www.tiktok.com/@sau.drama/video/7522016067275820309,Công ty Ăn Cùng Bà Tuyết tuyên bố giải thể nhưng vẫn duy trì hộ kinh doanh? #saudrama #trending #drama #tiktoknews #ancungbatuyet,sau.drama,720.0,sau.drama,7519008050896735496,"['#saudrama', '#trending', '#drama', '#tiktoknews', '#ancungbatuyet']"
/@sau.drama/video/7518665103076642056,https://www.tiktok.com/@sau.drama/video/7522016067275820309,"Thạch trang lên tiếng thu sản phẩm, hoàn tiền sau khi dính lùm xùm, thẳng tay kiện những ai vu khống cô trốn thuế #tiktoknews #saudrama #trending #thachtrang",sau.drama,1188.0,sau.drama,7518665103076642056,"['#tiktoknews', '#saudrama', '#trending', '#thachtrang']"
/@sau.drama/video/7518591763183832337,https://www.tiktok.com/@sau.drama/video/7522016067275820309,Nhiều sản phẩm từng được Sen Vàng rầm rộ quảng cáo nên bỗng biến mất? #tiktoknews #saudrama #hanggiahangnhai #senvang #samvang,sau.drama,3486.0,sau.drama,7518591763183832337,"['#tiktoknews', '#saudrama', '#hanggiahangnhai', '#senvang', '#samvang']"
/@sau.drama/video/7518369211551468820,https://www.tiktok.com/@sau.drama/video/7522016067275820309,Nhiều người không ngại ra “bãi rác” thi nhau nhặt mỹ phẩm #tiktoknews #saudrama #trending #myphamhanggia,sau.drama,93.0,sau.drama,7518369211551468820,"['#tiktoknews', '#saudrama', '#trending', '#myphamhanggia']"
/@sau.drama/video/7518353951394204949,https://www.tiktok.com/@sau.drama/video/7522016067275820309,Nhổ 1 cọng lông chân mà không ngờ được bị đến như vậy #tiktoknews #saudrama #trending #nholongchan,sau.drama,19800.0,sau.drama,7518353951394204949,"['#tiktoknews', '#saudrama', '#trending', '#nholongchan']"
/@sau.drama/video/7518312669506456848,https://www.tiktok.com/@sau.drama/video/7522016067275820309,"Phát ngôn của Kiến Ứng nói 5,6 năm trước giới trẻ không đón nhận các sản phẩm có yếu tố văn hoá khiến dân tình tranh cãi #tiktoknews #saudrama #trending #anhtraivuotnganchonggai #kienung #hoangthuylinh",sau.drama,286.0,sau.drama,7518312669506456848,"['#tiktoknews', '#saudrama', '#trending', '#anhtraivuotnganchonggai', '#kienung', '#hoangthuylinh']"
/@sau.drama/video/7517999744199773448,https://www.tiktok.com/@sau.drama/video/7522016067275820309,"Khi thế hệ cợt nhả đối mặt với thiên tai, độ lạc quan phải gọi là số 1 #saudrama #trending #drama #tiktoknews #tiktokgiaitri #thehecotnha #nuiluaphuntrao",sau.drama,435.0,sau.drama,7517999744199773448,"['#saudrama', '#trending', '#drama', '#tiktoknews', '#tiktokgiaitri', '#thehecotnha', '#nuiluaphuntrao']"
/@sau.drama/video/7517990561018547464,https://www.tiktok.com/@sau.drama/video/7522016067275820309,Mẹ lấy đồ ăn làm đồ chơi cho con để an toàn nhưng lại bị CĐM chỉ trích lãng phí đồ ăn #saudrama #trending #drama #tiktoknews #tiktokgiaitri #laydoanlamdochoi,sau.drama,7197.0,sau.drama,7517990561018547464,"['#saudrama', '#trending', '#drama', '#tiktoknews', '#tiktokgiaitri', '#laydoanlamdochoi']"
/@sau.drama/video/7517893099406773512,https://www.tiktok.com/@sau.drama/video/7522016067275820309,BTV Quang Minh cho biết mình bị l.ừa khi quảng cáo sửa giả nhưng CĐM vẫn không tin? #saudrama #trending #drama #tiktoknews #tiktokgiaitri #btvquangminh #suagia,sau.drama,58.0,sau.drama,7517893099406773512,"['#saudrama', '#trending', '#drama', '#tiktoknews', '#tiktokgiaitri', '#btvquangminh', '#suagia']"
/@sau.drama/video/7517624012336352519,https://www.tiktok.com/@sau.drama/video/7522016067275820309,Duy Lân đã tái phậm lần 2 vẫn được bênh khi chương trình phạt cắt hình #saudrama #trending #drama #tiktoknews #tiktokgiaitri #tanbinhtoannang #duylan,sau.drama,1002.0,sau.drama,7517624012336352519,"['#saudrama', '#trending', '#drama', '#tiktoknews', '#tiktokgiaitri', '#tanbinhtoannang', '#duylan']"
/@sau.drama/video/7517622713708547336,https://www.tiktok.com/@sau.drama/video/7522016067275820309,Bộ Công Thương lên tiếng về đơn tố cáo liên quan tới Chu Thanh Huyền #saudrama #trending #drama #tiktoknews #tiktokgiaitri #chuthanhhuyen,sau.drama,89.0,sau.drama,7517622713708547336,"['#saudrama', '#trending', '#drama', '#tiktoknews', '#tiktokgiaitri', '#chuthanhhuyen']"
/@sau.drama/video/7517567923519606023,https://www.tiktok.com/@sau.drama/video/7522016067275820309,"Mẹ Cua Cốm bán cao ngựa dùng cho trẻ nhỏ, dù bác sĩ khẳng định có thể gây ảnh hưởng không tốt? #saudrama #trending #drama #tiktoknews #tiktokgiaitri #caongua #mecuacom",sau.drama,273.0,sau.drama,7517567923519606023,"['#saudrama', '#trending', '#drama', '#tiktoknews', '#tiktokgiaitri', '#caongua', '#mecuacom']"
/@sau.drama/video/7517529414675090696,https://www.tiktok.com/@sau.drama/video/7522016067275820309,Nước mắm bị nghi hàng giả đổ đóng tại Quảng Nam #saudrama #trending #drama #tiktoknews #tiktokgiaitri #nuocmamgia,sau.drama,49.0,sau.drama,7517529414675090696,"['#saudrama', '#trending', '#drama', '#tiktoknews', '#tiktokgiaitri', '#nuocmamgia']"
/@sau.drama/video/7517511093955169554,https://www.tiktok.com/@sau.drama/video/7522016067275820309,"Hành trình cưa lại người yêu cũ nhưng ngày càng content, PR? #saudrama #trending #drama #tiktoknews #tiktokgiaitri #cualainguoiyeucu",sau.drama,9606.0,sau.drama,7517511093955169554,"['#saudrama', '#trending', '#drama', '#tiktoknews', '#tiktokgiaitri', '#cualainguoiyeucu']"
/@sau.drama/video/7517511994598067476,https://www.tiktok.com/@sau.drama/video/7522016067275820309,2000 gói giả nhãn hiệu “tăm cay Bà Tuyết” bị tiêu huỷ #tiktoknews #saudrama #trending #hanggia #tamcaybatuyet,sau.drama,26700.0,sau.drama,7517511994598067476,"['#tiktoknews', '#saudrama', '#trending', '#hanggia', '#tamcaybatuyet']"
/@sau.drama/video/7517508520967818504,https://www.tiktok.com/@sau.drama/video/7522016067275820309,"Cho con ngủ một mình, bé gái 7 tuổi bị rắn cạp nia cắn phải đưa đi cấp cứu trong tình trạng ng.uy kị.ch #saudrama #trending #drama #tiktoknews #tiktokgiaitri #rancan",sau.drama,1803.0,sau.drama,7517508520967818504,"['#saudrama', '#trending', '#drama', '#tiktoknews', '#tiktokgiaitri', '#rancan']"
/@sau.drama/video/7517251458237091093,https://www.tiktok.com/@sau.drama/video/7522016067275820309,Tiệm photobooth lên tiếng rồi ai nói Babyboo leak nữa không? #saudrama #trending #drama #tiktoknews #tiktokgiaitri #hieuthuhaibabyboo,sau.drama,47400.0,sau.drama,7517251458237091093,"['#saudrama', '#trending', '#drama', '#tiktoknews', '#tiktokgiaitri', '#hieuthuhaibabyboo']"
/@sau.drama/video/7517220007776898322,https://www.tiktok.com/@sau.drama/video/7522016067275820309,Nestlé Việt Nam bị phạt 80 triệu đồng do vi phạm quảng cáo #saudrama #trending #drama #quangcaosaisuthat #milo #nestle,sau.drama,122.0,sau.drama,7517220007776898322,"['#saudrama', '#trending', '#drama', '#quangcaosaisuthat', '#milo', '#nestle']"
/@sau.drama/video/7517216083602935048,https://www.tiktok.com/@sau.drama/video/7522016067275820309,"Manwah chính thức lên tiếng xin lỗi đến fan nhà ATVNCG, nhiều Gai Con vẫn chưa hài lòng? #saudrama #trending #drama #anhtraivuotnganchonggai #manwah",sau.drama,73.0,sau.drama,7517216083602935048,"['#saudrama', '#trending', '#drama', '#anhtraivuotnganchonggai', '#manwah']"
/@sau.drama/video/7517155002704514311,https://www.tiktok.com/@sau.drama/video/7522016067275820309,"“Giàu 30 tuổi chớ vội mừng”, những TikToker rơi vào vòng lao lý khi đang ở trên đỉnh cao sự nghiệp #saudrama #trending #drama #haisen #quanglinhvlog",sau.drama,198.0,sau.drama,7517155002704514311,"['#saudrama', '#trending', '#drama', '#haisen', '#quanglinhvlog']"
/@sau.drama/video/7516921719584476436,https://www.tiktok.com/@sau.drama/video/7522016067275820309,Sữa chua lên men của hãng V bị vón cục như giấy mục #tiktoknews #saudrama #trending #suachuauong #vinamilk,sau.drama,6374.0,sau.drama,7516921719584476436,"['#tiktoknews', '#saudrama', '#trending', '#suachuauong', '#vinamilk']"
/@sau.drama/video/7516876050345856264,https://www.tiktok.com/@sau.drama/video/7522016067275820309,"Review drama chỉ có thể là Panda, mua sầu riêng cũng bị ""đào lửa"" #saudrama #trending #drama #hoanganhpanda #luadao",sau.drama,8205.0,sau.drama,7516876050345856264,"['#saudrama', '#trending', '#drama', '#hoanganhpanda', '#luadao']"
/@sau.drama/video/7516844658551475474,https://www.tiktok.com/@sau.drama/video/7522016067275820309,Cho con chơi ở hành lang chung cư lại còn mang thái độ thách thức #saudrama #tiktoknews #drama #tiktokgiaitri #tiktoknews,sau.drama,70.0,sau.drama,7516844658551475474,"['#saudrama', '#tiktoknews', '#drama', '#tiktokgiaitri', '#tiktoknews']"
/@sau.drama/video/7516843281095871751,https://www.tiktok.com/@sau.drama/video/7522016067275820309,Giờ còn ngoại tình qua cả app chuyển tiền? #saudrama #tiktoknews #drama #tiktokgiaitri #ngoaitinh,sau.drama,7604.0,sau.drama,7516843281095871751,"['#saudrama', '#tiktoknews', '#drama', '#tiktokgiaitri', '#ngoaitinh']"
/@sau.drama/video/7516789092542156039,https://www.tiktok.com/@sau.drama/video/7522016067275820309,Chủ kênh TikTok “Gia đình Hải Sen” giàu cỡ nào trước khi bị bắt vì bán hàng giả! #saudrama #tiktoknews #drama #giadinhhaisen,sau.drama,328.0,sau.drama,7516789092542156039,"['#saudrama', '#tiktoknews', '#drama', '#giadinhhaisen']"
/@sau.drama/video/7516572912573304085,https://www.tiktok.com/@sau.drama/video/7522016067275820309,Quán ăn nhận về loạt đánh giá 1⭐️ vì mở bài Trình khi có fans Chông Gai đến #tiktoknews #saudrama #trending #anhtraisayhi #anhtraivuotnganchonggai,sau.drama,6275.0,sau.drama,7516572912573304085,"['#tiktoknews', '#saudrama', '#trending', '#anhtraisayhi', '#anhtraivuotnganchonggai']"
/@sau.drama/video/7516526518265203988,https://www.tiktok.com/@sau.drama/video/7522016067275820309,Ra đường mua hàng mà mắt kém là ngớ ngay #tiktoknews #saudrama #trending #muatraicay #giatraicay,sau.drama,3843.0,sau.drama,7516526518265203988,"['#tiktoknews', '#saudrama', '#trending', '#muatraicay', '#giatraicay']"
/@sau.drama/video/7516504496957115655,https://www.tiktok.com/@sau.drama/video/7522016067275820309,Chuyện chồng ngo.ại tình nhưng đa số lại đổ lỗi cho ti.ểu tam liệu có đúng? #saudrama #tiktoknews #drama #tieutam #ngoaitinh,sau.drama,63.0,sau.drama,7516504496957115655,"['#saudrama', '#tiktoknews', '#drama', '#tieutam', '#ngoaitinh']"
/@sau.drama/video/7516193098121153799,https://www.tiktok.com/@sau.drama/video/7522016067275820309,Cô gái bức xúc khi bị làm phiền lúc đang nằm viện #tiktoknews #trending #tintuc #saudrama #drama #benhvien,sau.drama,227.0,sau.drama,7516193098121153799,"['#tiktoknews', '#trending', '#tintuc', '#saudrama', '#drama', '#benhvien']"
/@sau.drama/video/7516155918342573332,https://www.tiktok.com/@sau.drama/video/7522016067275820309,Thấy hàng xóm ở Nhật lâu ngày không ra khỏi nhà thiệt sự không dám nghĩ #tiktoknews #saudrama #trending #hangxomonhat,sau.drama,170.0,sau.drama,7516155918342573332,"['#tiktoknews', '#saudrama', '#trending', '#hangxomonhat']"
/@sau.drama/video/7516045674253700372,https://www.tiktok.com/@sau.drama/video/7522016067275820309,Huỳnh My không muốn làm việc với Mia Lê khi thấy Phương Anh và Mia Lê chơi lại #tiktoknews #saudrama #trending #huynhmy #mialephuonganh #miale,sau.drama,2548.0,sau.drama,7516045674253700372,"['#tiktoknews', '#saudrama', '#trending', '#huynhmy', '#mialephuonganh', '#miale']"
/@sau.drama/video/7515757691327859986,https://www.tiktok.com/@sau.drama/video/7522016067275820309,Hạt chia nảy mầm trong ống hút #tiktoknews #trending #tintuc #saudrama #hatchia #naymam,sau.drama,2870.0,sau.drama,7515757691327859986,"['#tiktoknews', '#trending', '#tintuc', '#saudrama', '#hatchia', '#naymam']"
/@sau.drama/video/7515725513994800402,https://www.tiktok.com/@sau.drama/video/7522016067275820309,"Loạt khoảnh khắc Nhung Phan ‘xịt keo’ vì những câu nói đùa của Thiên Thư bị đào lại, lẽ nào ‘chị dâu em chồng’ không hoà hợp như lời đồn? #tiktoknews #trending #tintuc #saudrama #drama #nhungphanchannel #vietthienthu",sau.drama,50400.0,sau.drama,7515725513994800402,"['#tiktoknews', '#trending', '#tintuc', '#saudrama', '#drama', '#nhungphanchannel', '#vietthienthu']"
/@sau.drama/video/7515419679360355592,https://www.tiktok.com/@sau.drama/video/7522016067275820309,Cua 45k khiến dân tình tranh nhau mua liệu có đáng tiền? #tiktoknews #trending #tintuc #saudrama #drama #cua45k,sau.drama,159.0,sau.drama,7515419679360355592,"['#tiktoknews', '#trending', '#tintuc', '#saudrama', '#drama', '#cua45k']"
/@sau.drama/video/7515404826512084242,https://www.tiktok.com/@sau.drama/video/7522016067275820309,Xe ôm truyền thống tranh cãi nảy lửa với xe ôm công nghệ vì chỗ đứng? #tiktoknews #trending #tintuc #saudrama #drama #xeomcongnghe #xeomtruyenthong,sau.drama,78.0,sau.drama,7515404826512084242,"['#tiktoknews', '#trending', '#tintuc', '#saudrama', '#drama', '#xeomcongnghe', '#xeomtruyenthong']"
/@sau.drama/video/7515339321323359496,https://www.tiktok.com/@sau.drama/video/7522016067275820309,"Thiện Nhân lên clip đáp trả CĐM khi bị nói bán sầu riêng ‘hàng dạt’ giá cao, Panda ngồi không cũng dính chưởng? #tiktoknews #trending #tintuc #drama #saudrama #thiennhan #hoanganhpanda #saurieng #sauriengmini",sau.drama,40800.0,sau.drama,7515339321323359496,"['#tiktoknews', '#trending', '#tintuc', '#drama', '#saudrama', '#thiennhan', '#hoanganhpanda', '#saurieng', '#sauriengmini']"
/@sau.drama/video/7515292986482183442,https://www.tiktok.com/@sau.drama/video/7522016067275820309,"Bác sĩ khuyến cáo không nên tiêu thụ quá nhiều matcha trong ngày, bà Tân Vlog làm hẳn ly matcha latte 60 lít, không biết các cháu uống xong có sao không? #tiktoknews #trending #tintuc #drama #saudrama #batanvlog #matchalatte",sau.drama,3197.0,sau.drama,7515292986482183442,"['#tiktoknews', '#trending', '#tintuc', '#drama', '#saudrama', '#batanvlog', '#matchalatte']"
/@sau.drama/video/7515055155302239496,https://www.tiktok.com/@sau.drama/video/7522016067275820309,Tài xế từ chối chở khách đi 5 người mà đặt xe 4 chỗ liền bị doạ phản ánh #tiktoknews #trending #tintuc #saudrama #drama #taixe,sau.drama,54.0,sau.drama,7515055155302239496,"['#tiktoknews', '#trending', '#tintuc', '#saudrama', '#drama', '#taixe']"
/@sau.drama/video/7515009366664170760,https://www.tiktok.com/@sau.drama/video/7522016067275820309,"Rủ nhau đi đu trend hái nấm rừng thông Đà Lạt, du khách đồng loạt nhận cái kết khó lường? #tiktoknews #trending #tintuc #saudrama #drama #hainamdalat #dalat #hainam",sau.drama,41.0,sau.drama,7515009366664170760,"['#tiktoknews', '#trending', '#tintuc', '#saudrama', '#drama', '#hainamdalat', '#dalat', '#hainam']"
/@sau.drama/video/7514998968460266759,https://www.tiktok.com/@sau.drama/video/7522016067275820309,Chú Quang và Ngân 98 tranh cãi trên livestream về chuyện tiếp tục thẩm mỹ: Đa phần CĐM đều nghiêng về ý kiến của 1 người? #tiktoknews #trending #tintuc #saudrama #drama #ngan98 #luongbangquang,sau.drama,218.0,sau.drama,7514998968460266759,"['#tiktoknews', '#trending', '#tintuc', '#saudrama', '#drama', '#ngan98', '#luongbangquang']"
/@sau.drama/video/7514973451715628306,https://www.tiktok.com/@sau.drama/video/7522016067275820309,"Chuyện tình plot twist hơn cả phim, chàng trai hẹn hò suốt 4 năm rồi nhận ra cú lừa bởi ""người bạn gái"" không hề tồn tại #tiktoknews #trending #tintuc #saudrama #drama #plottwist",sau.drama,7059.0,sau.drama,7514973451715628306,"['#tiktoknews', '#trending', '#tintuc', '#saudrama', '#drama', '#plottwist']"
/@sau.drama/video/7514648074845736198,https://www.tiktok.com/@sau.drama/video/7522016067275820309,"Cô gái thất vọng với buổi first date đàng trai mặc đồ đã không chỉn chu lại còn bị đi bộ vì xe hết xăng, CĐM khuyên: 1 lần và mãi mãi! #tiktoknews #trending #tintuc #saudrama #drama #firstdate",sau.drama,16400.0,sau.drama,7514648074845736198,"['#tiktoknews', '#trending', '#tintuc', '#saudrama', '#drama', '#firstdate']"
/@sau.drama/video/7514621459726142725,https://www.tiktok.com/@sau.drama/video/7522016067275820309,"Trào lưu ""người chuột"" dành cho hội lười biếng  #tiktoknews #trending #tintuc #saudrama #ngủ #genZ",sau.drama,24900.0,sau.drama,7514621459726142725,"['#tiktoknews', '#trending', '#tintuc', '#saudrama', '#ngủ', '#genZ']"
/@sau.drama/video/7514620763652033798,https://www.tiktok.com/@sau.drama/video/7522016067275820309,Biển người tranh nhau mua hàng sale ở Winmart #tiktoknews #trending #tintuc #saudrama #winmartsadec #sansale,sau.drama,11000.0,sau.drama,7514620763652033798,"['#tiktoknews', '#trending', '#tintuc', '#saudrama', '#winmartsadec', '#sansale']"
/@sau.drama/video/7514576963974040837,https://www.tiktok.com/@sau.drama/video/7522016067275820309,"Harry đính chính Meichan ""vô tội"", dân tình thắc mắc Huy Cuộc Sống có ổn không khi từng bênh hết lòng, để Harry lên tiếng hết hồn #tiktoknews #trending #tintuc #saudrama #drama #harry #meichan #hacoi",sau.drama,38500.0,sau.drama,7514576963974040837,"['#tiktoknews', '#trending', '#tintuc', '#saudrama', '#drama', '#harry', '#meichan', '#hacoi']"
/@sau.drama/video/7514576637371977016,https://www.tiktok.com/@sau.drama/video/7522016067275820309,Biển người tranh nhau mua hàng sale ở Winmart #tiktoknews #trending #tintuc #saudrama #winmartsadec #sansale,sau.drama,19.0,sau.drama,7514576637371977016,"['#tiktoknews', '#trending', '#tintuc', '#saudrama', '#winmartsadec', '#sansale']"
/@sau.drama/video/7514557510523669768,https://www.tiktok.com/@sau.drama/video/7522016067275820309,"Góc Của Rư đính chính không nhận booking bất chấp, tất cả sản phẩm đều được test kĩ lưỡng nhưng CĐM vẫn thấy vô số đều đáng ngờ? #tiktoknews #trending #tintuc #saudrama #drama #goccuaru #makeup",sau.drama,1552.0,sau.drama,7514557510523669768,"['#tiktoknews', '#trending', '#tintuc', '#saudrama', '#drama', '#goccuaru', '#makeup']"
/@sau.drama/video/7514537271555525894,https://www.tiktok.com/@sau.drama/video/7522016067275820309,"Chi hơn 1 triệu mua đồ local brand, Cô gái thất vọng vì cách đóng gói sơ sài, bán hàng chỉ cần số lượng chứ không quan tâm đến trải nghiệm của khách? #tiktoknews #trending #saudrama #drama #donggoi",sau.drama,36.0,sau.drama,7514537271555525894,"['#tiktoknews', '#trending', '#saudrama', '#drama', '#donggoi']"
/@sau.drama/video/7514542812449262864,https://www.tiktok.com/@sau.drama/video/7522016067275820309,"Thông tin Chính phủ đã lên tiếng, mong mọi người giữ tự trọng #tiktoknews #saudrama #trending #lehoanghiep #concertquocgia",sau.drama,169.0,sau.drama,7514542812449262864,"['#tiktoknews', '#saudrama', '#trending', '#lehoanghiep', '#concertquocgia']"
/@sau.drama/video/7514536862812458247,https://www.tiktok.com/@sau.drama/video/7522016067275820309,"Bị bắt mua lại vé người lớn vì bé đã cao trên 1m, người mẹ bức xúc quát ngược nhân viên khiến CĐM bức xúc, đi du lịch nhưng so đo từng tí? #tiktoknews #trending #tintuc #saudrama #drama #novaworldphanthiet",sau.drama,17900.0,sau.drama,7514536862812458247,"['#tiktoknews', '#trending', '#tintuc', '#saudrama', '#drama', '#novaworldphanthiet']"
/@sau.drama/video/7514342169818205461,https://www.tiktok.com/@sau.drama/video/7522016067275820309,"Chiêu ""đào lửa"" đánh vào tâm lý ""Chồng có bồ nhí"", cũ nhưng liệu hội chị em có đủ tỉnh táo để không trở thành nạn nhân? #tiktoknews #trending #saudrama #drama #tintuc #luadao",sau.drama,7866.0,sau.drama,7514342169818205461,"['#tiktoknews', '#trending', '#saudrama', '#drama', '#tintuc', '#luadao']"
/@sau.drama/video/7514247702100692231,https://www.tiktok.com/@sau.drama/video/7522016067275820309,"Vấn nạn phơi thóc giữa đường, biết là 1 năm có vài ngày nhưng tính mạng người đi đường ai chịu? #tiktoknews #trending #tintuc #saudrama #drama #phoithoc",sau.drama,86.0,sau.drama,7514247702100692231,"['#tiktoknews', '#trending', '#tintuc', '#saudrama', '#drama', '#phoithoc']"
