user_info,content,likes,timestamp,video_url
"{'username': '@etuancuong', 'avatar_url': 'https://p16-sign-sg.tiktokcdn.com/tos-alisg-avt-0068/8b6a6ef0fa2e480a9e8b517783dbf1db~tplv-tiktokx-cropcenter:100:100.jpg?dr=14579&refresh_token=f4965793&x-expires=1752080400&x-signature=tQPb2owqukbb33YxHQFgXQuwGtU%3D&t=4d5b0474&ps=13740610&shp=30310797&shcp=ff37627b&idc=my2'}",d√¢y chuy·ªÅn ch·ªìng qua c·ªï c√≥ nghƒ©a g√¨,3331,6d ago,https://www.tiktok.com/@sau.drama/video/7522016067275820309
"{'username': '@hiep05058', 'avatar_url': 'https://p16-sign-sg.tiktokcdn.com/tos-alisg-avt-0068/3325b4b4db4bf74bb398c1f4f6b6c687~tplv-tiktokx-cropcenter:100:100.jpg?dr=14579&refresh_token=29b9b36f&x-expires=1752080400&x-signature=MvS0UV3Mk6g%2Fg2jyvYxWkyVrLOU%3D&t=4d5b0474&ps=13740610&shp=30310797&shcp=ff37627b&idc=my2'}",T g√µ tr√™n c∆° l√† g√¨ n√≥ ra s·∫øch,4,4d ago,https://www.tiktok.com/@sau.drama/video/7522016067275820309
"{'username': '@chuyenhoang966', 'avatar_url': 'https://p16-sign-sg.tiktokcdn.com/tos-alisg-avt-0068/04daee971483e5880f07a50ba1080df1~tplv-tiktokx-cropcenter:100:100.jpg?dr=14579&refresh_token=5587bbce&x-expires=1752080400&x-signature=ORLiyhgDzqWL7mxbCE6of3Q3ZS0%3D&t=4d5b0474&ps=13740610&shp=30310797&shcp=ff37627b&idc=my2'}",Ki·ªÉu n√†y c∆∞·ªõi xong c≈©ng ph·∫£i ƒë∆∞a l·∫°i h·∫øt v√†ng cho m·∫π ckü§£,8313,1w ago,https://www.tiktok.com/@sau.drama/video/7522016067275820309
"{'username': '@saucon0803', 'avatar_url': 'https://p16-sign-useast2a.tiktokcdn.com/tos-useast2a-avt-0068-giso/78bb736f1421b9aefe309f4ac5fa44e6~tplv-tiktokx-cropcenter:100:100.jpg?dr=14579&refresh_token=d36306b0&x-expires=1752080400&x-signature=AltAQEAzUIpPRhdMpm0jTnLbIs8%3D&t=4d5b0474&ps=13740610&shp=30310797&shcp=ff37627b&idc=my2'}",ƒêeo ki·ªÉu g√¨ c≈©ng dc mi·ªÖn ƒë·ª´ng l·∫•y v√†ng l·∫°i l√† dc,4713,1w ago,https://www.tiktok.com/@sau.drama/video/7522016067275820309
"{'username': '@tungtran20433', 'avatar_url': 'https://p16-sign-useast2a.tiktokcdn.com/tos-useast2a-avt-0068-giso/ae11bfecbfcaddf9c46a42e9d553e65d~tplv-tiktokx-cropcenter:100:100.jpg?dr=14579&refresh_token=45db2755&x-expires=1752080400&x-signature=uhIvg5jvcSLO7lhFh0dE8iOMkJk%3D&t=4d5b0474&ps=13740610&shp=30310797&shcp=ff37627b&idc=my2'}",th·ª© nguy hi·ªÉm ·ªü ƒë√¢y ko ph·∫£i b√† m·∫π m√† l√† mxh :)))),3093,1w ago,https://www.tiktok.com/@sau.drama/video/7522016067275820309
"{'username': '@linxinhhnhat', 'avatar_url': 'https://p16-sign-sg.tiktokcdn.com/tos-alisg-avt-0068/67e50b1619d91384cd7a87f5c1274fe9~tplv-tiktokx-cropcenter:100:100.jpg?dr=14579&refresh_token=4b2b987a&x-expires=1752080400&x-signature=KXfJRMR5j9C3B13l604Teorpzlw%3D&t=4d5b0474&ps=13740610&shp=30310797&shcp=ff37627b&idc=my2'}",Nhi·ªÅu m·∫π ck gh√™ g·ªõm th·∫≠t s·ª± ch·∫Øc k d√°m l·∫•y ck qu√° üôÇ,4661,1w ago,https://www.tiktok.com/@sau.drama/video/7522016067275820309
"{'username': '@anhthu_.089', 'avatar_url': 'https://p16-sign-sg.tiktokcdn.com/tos-alisg-avt-0068/90abcc1aa4e9fea8b00c79603d6bae55~tplv-tiktokx-cropcenter:100:100.jpg?dr=14579&refresh_token=4b2bafbd&x-expires=1752080400&x-signature=dS5QhCt71XpKFf4y5Ntf6ru2CRU%3D&t=4d5b0474&ps=13740610&shp=30310797&shcp=ff37627b&idc=my2'}","ƒêeo ki·ªÉu v·∫≠y l√† m·∫π ch·ªìng mu·ªën n·∫Øm ƒë·∫ßu con d√¢u,h√†nh h·∫°,tr√≥i bu·ªôt con d√¢u √°",867,6d ago,https://www.tiktok.com/@sau.drama/video/7522016067275820309
"{'username': '@kh_linh_h1h4_bong_', 'avatar_url': 'https://p16-sign-sg.tiktokcdn.com/tos-alisg-avt-0068/42705da0cad59d315c737571204e7524~tplv-tiktokx-cropcenter:100:100.jpg?dr=14579&refresh_token=7ae26539&x-expires=1752080400&x-signature=VndTuM0v%2BXZwgVh%2BweOf9rxrREg%3D&t=4d5b0474&ps=13740610&shp=30310797&shcp=ff37627b&idc=my2'}",t√¨m ki·∫øm d√¢y chuy·ªÅn ch·ªìng qua c·ªï c√≥ nghƒ©a g√¨ m√† n√≥ to√†n hi·ªán boylove ko =))),44,6d ago,https://www.tiktok.com/@sau.drama/video/7522016067275820309
"{'username': '@hangnganhuhien_33', 'avatar_url': 'https://p16-sign-sg.tiktokcdn.com/tos-alisg-avt-0068/ce5744708ab403302fd4a34dbe3a1bd7~tplv-tiktokx-cropcenter:100:100.jpg?dr=14579&refresh_token=cd9f2c17&x-expires=1752080400&x-signature=hAcnwNJ%2B4JR4aaCRJqBv9Qfi%2B%2Bo%3D&t=4d5b0474&ps=13740610&shp=30310797&shcp=ff37627b&idc=my2'}","ƒêeo ki·ªÉu g√¨ th√¨ k·ªá, mi·ªÖn cho l√† ƒëc. C√≤n sau n√†y nghe l·ªùi hay ko l√† vi·ªác c·ªßa con kkk",442,1w ago,https://www.tiktok.com/@sau.drama/video/7522016067275820309
"{'username': '@kim_oi1989', 'avatar_url': 'https://p16-sign-sg.tiktokcdn.com/tos-alisg-avt-0068/49b4fc92501940361ac75a28fbe1280c~tplv-tiktokx-cropcenter:100:100.jpg?dr=14579&refresh_token=8361073d&x-expires=1752080400&x-signature=7oEr0ML4dqL%2Fw1YNSxLrcKrF1U0%3D&t=4d5b0474&ps=13740610&shp=30310797&shcp=ff37627b&idc=my2'}",√îi tui tin nha lm v·∫≠y ƒë·ªÉ tr√™n c∆° c√¥ d√¢u n√®,487,1w ago,https://www.tiktok.com/@sau.drama/video/7522016067275820309
"{'username': '@dangt2002', 'avatar_url': 'https://p16-sign-sg.tiktokcdn.com/tos-alisg-avt-0068/6dbf31a4f3a9a69907c6d048a5670bfd~tplv-tiktokx-cropcenter:100:100.jpg?dr=14579&refresh_token=106966fd&x-expires=1752080400&x-signature=RBl8KT4jmzVFi%2B2L1tQwWwhsXSI%3D&t=4d5b0474&ps=13740610&shp=30310797&shcp=ff37627b&idc=my2'}","Ai b·ªã l·∫•y l·∫°i v√†ng nh∆∞ tui kh√¥ng, ? Tui v·ª´a ƒë∆∞·ª£c trao v√†o c·ªï m·∫•y ph√∫t xong l·ªÖ trao l√† b·ªã l·∫•y l·∫°i lu√¥n üòÇ",178,1w ago,https://www.tiktok.com/@sau.drama/video/7522016067275820309
"{'username': '@linh.n331', 'avatar_url': 'https://p16-sign-sg.tiktokcdn.com/tos-alisg-avt-0068/c6c70c751141c159cd2ae69144e9eb13~tplv-tiktokx-cropcenter:100:100.jpg?dr=14579&refresh_token=86c098d3&x-expires=1752080400&x-signature=D0GGBbXxdIZQI5PRO7GMoHO6a6w%3D&t=4d5b0474&ps=13740610&shp=30310797&shcp=ff37627b&idc=my2'}",T g√µ tr√™n c∆° l√† g√¨ n√≥ ra s·∫øch,5786,1w ago,https://www.tiktok.com/@sau.drama/video/7522016067275820309
"{'username': '@_ntkn206', 'avatar_url': 'https://p16-sign-sg.tiktokcdn.com/tos-alisg-avt-0068/ac28d800889f048d1c122d7994362070~tplv-tiktokx-cropcenter:100:100.jpg?dr=14579&refresh_token=4411a1b5&x-expires=1752080400&x-signature=5mgrxJTa6RCCq0YLeTPZ2epeEr8%3D&t=4d5b0474&ps=13740610&shp=30310797&shcp=ff37627b&idc=my2'}",sao gi·ªëng ƒëeo g√¥ng zo c·ªï d·ªØ tr·ªùi üò¨,287,1w ago,https://www.tiktok.com/@sau.drama/video/7522016067275820309
"{'username': '@chiyeuminhanh_235', 'avatar_url': 'https://p16-sign-sg.tiktokcdn.com/tos-alisg-avt-0068/8f7f585decb35c0d4c96457b8c0b5a50~tplv-tiktokx-cropcenter:100:100.jpg?dr=14579&refresh_token=3b3f82d5&x-expires=1752080400&x-signature=xCynvfrWBCaDzKLZR8uZX3A6kGI%3D&t=4d5b0474&ps=13740610&shp=30310797&shcp=ff37627b&idc=my2'}",√™ ch·∫Øc c√≥ m√¨nh tao ch∆∞a hi·ªÉu,82,6d ago,https://www.tiktok.com/@sau.drama/video/7522016067275820309
"{'username': '@p.linh106', 'avatar_url': 'https://p16-sign-sg.tiktokcdn.com/tos-alisg-avt-0068/9acddcd8950953af7eccfdbe23858937~tplv-tiktokx-cropcenter:100:100.jpg?dr=14579&refresh_token=4cef39e2&x-expires=1752080400&x-signature=Y4zKn69jBQadtCEmZd9p0yi%2FQms%3D&t=4d5b0474&ps=13740610&shp=30310797&shcp=ff37627b&idc=my2'}",·ª¶a l√† sao v·∫≠y mn,10,6d ago,https://www.tiktok.com/@sau.drama/video/7522016067275820309
"{'username': '@biencex3110', 'avatar_url': 'https://p16-sign-sg.tiktokcdn.com/tos-alisg-avt-0068/6eaccce023b6a7a21de8b7b0a408b7cc~tplv-tiktokx-cropcenter:100:100.jpg?dr=14579&refresh_token=6120a1cd&x-expires=1752080400&x-signature=nlzJU0rhsOyZ1ufDuo8BGcYyKrY%3D&t=4d5b0474&ps=13740610&shp=30310797&shcp=ff37627b&idc=my2'}",√™ √¥ng ch·ªìng t th·∫•y gi·ªëng mama boy =))),306,1w ago,https://www.tiktok.com/@sau.drama/video/7522016067275820309
"{'username': '@btrann_29.10', 'avatar_url': 'https://p16-sign-sg.tiktokcdn.com/tos-alisg-avt-0068/faad6036de3b36c5b468f8738c2caaac~tplv-tiktokx-cropcenter:100:100.jpg?dr=14579&refresh_token=1f56c344&x-expires=1752080400&x-signature=dduG%2FP7YPeG%2Fh4fwrW9ihLHc%2B14%3D&t=4d5b0474&ps=13740610&shp=30310797&shcp=ff37627b&idc=my2'}",Ko ·ªü dec th√¨ li h√¥n ch·ª© sao lo xa v·∫≠y tr·ªùi üôèüèªüôèüèª,9,1w ago,https://www.tiktok.com/@sau.drama/video/7522016067275820309
"{'username': '@tloan.282', 'avatar_url': 'https://p16-sign-sg.tiktokcdn.com/tos-alisg-avt-0068/8786bd58d879ae771c7355b083a4927d~tplv-tiktokx-cropcenter:100:100.jpg?dr=14579&refresh_token=b8a875ff&x-expires=1752080400&x-signature=lzT6GnffjSyHRFQqkf4TCs0JwrM%3D&t=4d5b0474&ps=13740610&shp=30310797&shcp=ff37627b&idc=my2'}",Hay v√†ng 24k ko c√≥ m√≥c kho√° ƒë·ªÉ th√°o ph·∫£i ƒëeo ch√≤ng,28,6d ago,https://www.tiktok.com/@sau.drama/video/7522016067275820309
"{'username': '@pham_thi94', 'avatar_url': 'https://p16-sign-useast2a.tiktokcdn.com/tos-useast2a-avt-0068-giso/4bd1057ca833c9dd9b962d83b87677f1~tplv-tiktokx-cropcenter:100:100.jpg?dr=14579&refresh_token=98e21d43&x-expires=1752080400&x-signature=0j8Cg77As%2Bk0%2FQmW7x%2FnC8WiA%2BE%3D&t=4d5b0474&ps=13740610&shp=30310797&shcp=ff37627b&idc=my2'}",nh√¨u lo·∫°i d√¢y k·ªâu ch·ªìng c·ªï k c√≥ m·ªëc m·∫•y cha oi .ü§£ü§£,2,6d ago,https://www.tiktok.com/@sau.drama/video/7522016067275820309
"{'username': '@usertbe8ey4id8', 'avatar_url': 'https://p16-sign-useast2a.tiktokcdn.com/tos-useast2a-avt-0068-giso/27eec6fd33482e6fd920990d1c951ebf~tplv-tiktokx-cropcenter:100:100.jpg?dr=14579&refresh_token=0457c752&x-expires=1752080400&x-signature=O%2Bj%2BqV2meGgzPF5g616q0XIOno0%3D&t=4d5b0474&ps=13740610&shp=30310797&shcp=ff37627b&idc=my2'}",ƒêeo ki·ªÉu ji c≈©ng dc . Qu·∫•n v√¥ c·ªï lun c≈©ng dc ch·ª© ƒë·ª©ng c√°i ki·ªÉu s√°ng ƒëeo r·ªìi chi·ªÅu m∆∞·ª£n l·∫°i l√† dc,2,6d ago,https://www.tiktok.com/@sau.drama/video/7522016067275820309
"{'username': '@babymeboylovebp0026', 'avatar_url': 'https://p16-sign-sg.tiktokcdn.com/tos-alisg-avt-0068/2a2ee39a644b7859daf006e4dc3de3ef~tplv-tiktokx-cropcenter:100:100.jpg?dr=14579&refresh_token=58aaba8b&x-expires=1752080400&x-signature=QkgJj%2ByeOEZKeVc5gWgzq%2Bjb6Vw%3D&t=4d5b0474&ps=13740610&shp=30310797&shcp=ff37627b&idc=my'}",lsao v mn,40,1w ago,https://www.tiktok.com/@sau.drama/video/7522016067275820309
"{'username': '@haybuon107', 'avatar_url': 'https://p9-sign-sg.tiktokcdn.com/tos-alisg-avt-0068/fa5708f4f1f305dbc303f3174620b2f9~tplv-tiktokx-cropcenter:100:100.jpg?dr=14579&refresh_token=97c8d845&x-expires=1752080400&x-signature=NDt2yvTA93ABhiDYMAHEP33i3so%3D&t=4d5b0474&ps=13740610&shp=30310797&shcp=ff37627b&idc=my'}",M·∫π ck n√†o ng√†y c∆∞·ªõi con trai m√† m·∫∑c qu·∫ßn √°o b√¨nh th∆∞·ªùng th·∫ø ???,9,4d ago,https://www.tiktok.com/@sau.drama/video/7522016067275820309
"{'username': '@gddaiphat', 'avatar_url': 'https://p16-sign-va.tiktokcdn.com/tos-maliva-avt-0068/b2525a1d1134c462cc7cc6af12679f4c~tplv-tiktokx-cropcenter:100:100.jpg?dr=14579&refresh_token=c16ebc63&x-expires=1752080400&x-signature=6isoOthsHhX6rYoAkd%2B7sM3e%2Bmw%3D&t=4d5b0474&ps=13740610&shp=30310797&shcp=ff37627b&idc=my'}",Tin nha t√¥i b·ªã r·ªìi √Å,21,6d ago,https://www.tiktok.com/@sau.drama/video/7522016067275820309
"{'username': '@bedths1tg', 'avatar_url': 'https://p9-sign-sg.tiktokcdn.com/tos-alisg-avt-0068/a3ee2782952817aca45e5a288dd2fc66~tplv-tiktokx-cropcenter:100:100.jpg?dr=14579&refresh_token=cf6997b9&x-expires=1752080400&x-signature=ghf%2FELmbAQwQPJDYxFIT%2F4pcHuI%3D&t=4d5b0474&ps=13740610&shp=30310797&shcp=ff37627b&idc=my'}",lsao v·∫≠y ai gi·∫£i th√≠ch gi√πm t ƒëc hong,7,6d ago,https://www.tiktok.com/@sau.drama/video/7522016067275820309
"{'username': '@kimgiasutienghan', 'avatar_url': 'https://p9-sign-sg.tiktokcdn.com/tos-alisg-avt-0068/62f1cb29140ef0272d728b3ee6cdf811~tplv-tiktokx-cropcenter:100:100.jpg?dr=14579&refresh_token=6fd92386&x-expires=1752080400&x-signature=pknhedSVL%2Bs932JDy09nWoOMxr0%3D&t=4d5b0474&ps=13740610&shp=30310797&shcp=ff37627b&idc=my'}",m·∫π ck m·∫∑c ƒë·ªì th·ªÉ thao √† üôÑ,6,6d ago,https://www.tiktok.com/@sau.drama/video/7522016067275820309
"{'username': '@pevien1412', 'avatar_url': 'https://p16-sign-sg.tiktokcdn.com/tos-alisg-avt-0068/ff121e3e605affebe40d7ea89a8626f3~tplv-tiktokx-cropcenter:100:100.jpg?dr=14579&refresh_token=442bd7a0&x-expires=1752080400&x-signature=uJ%2FRpfxK2WSQlymVxX8kOPvgf80%3D&t=4d5b0474&ps=13740610&shp=30310797&shcp=ff37627b&idc=my'}",Xin ph√©p h·ªïng l·∫•y ck:)),3,1w ago,https://www.tiktok.com/@sau.drama/video/7522016067275820309
"{'username': '@tieu_ana2410', 'avatar_url': 'https://p16-sign-sg.tiktokcdn.com/tos-alisg-avt-0068/a4126f40f3947fbd0b1d05307ba1a0d6~tplv-tiktokx-cropcenter:100:100.jpg?dr=14579&refresh_token=4d2342e3&x-expires=1752080400&x-signature=BJ0fPKnX33d%2F%2FtQ0gKX4adeU7yY%3D&t=4d5b0474&ps=13740610&shp=30310797&shcp=ff37627b&idc=my'}",Ko dc ƒëeo d·ªã √°,96,1w ago,https://www.tiktok.com/@sau.drama/video/7522016067275820309
"{'username': '@lq.285', 'avatar_url': 'https://p16-sign-sg.tiktokcdn.com/tos-alisg-avt-0068/82b34249fc82dee19e57f3e6c712809a~tplv-tiktokx-cropcenter:100:100.jpg?dr=14579&refresh_token=d08ab10d&x-expires=1752080400&x-signature=7AljVpMVF5112Yrtkfh5H6y5FXE%3D&t=4d5b0474&ps=13740610&shp=30310797&shcp=ff37627b&idc=my'}",Sao k ai ƒë·ªÉ √Ω t·ªõi th·∫±ng ch·ªìng v·∫≠y? N√≥ ƒë·ªìng √Ω theo m·∫π n√≥ lu√¥n m√†üôÇ,3,1w ago,https://www.tiktok.com/@sau.drama/video/7522016067275820309
"{'username': '@hahayhonlovely', 'avatar_url': 'https://p16-sign-sg.tiktokcdn.com/tos-alisg-avt-0068/b0217594e9814a46f0f25069eaf38cd7~tplv-tiktokx-cropcenter:100:100.jpg?dr=14579&refresh_token=8dd9ec30&x-expires=1752080400&x-signature=cl4Gblba%2FSovb6uyPNLb%2FGURpEg%3D&t=4d5b0474&ps=13740610&shp=30310797&shcp=ff37627b&idc=my'}","Trao l√† vui r, mc tui trao 2 ch·ªâ b·∫£o 5 ch·ªâ tr∆∞·ªõc m·∫∑t h·ªç h√†ng ƒë√¢yüòÇ",5,6d ago,https://www.tiktok.com/@sau.drama/video/7522016067275820309
"{'username': '@teo_bi_cam', 'avatar_url': 'https://p16-sign-sg.tiktokcdn.com/tos-alisg-avt-0068/1410ad4c20d8bb9b79daf6e626beb1e7~tplv-tiktokx-cropcenter:100:100.jpg?dr=14579&refresh_token=0c988811&x-expires=1752080400&x-signature=VDIIPCQYPwoEw647%2BcPTMJgY8fk%3D&t=4d5b0474&ps=13740610&shp=30310797&shcp=ff37627b&idc=my'}",L√† s v hok hi·ªÉu,7,6d ago,https://www.tiktok.com/@sau.drama/video/7522016067275820309
"{'username': '@thanhtuyen2019', 'avatar_url': 'https://p16-sign-va.tiktokcdn.com/tos-maliva-avt-0068/c8542d304772fbb0c362154360590102~tplv-tiktokx-cropcenter:100:100.jpg?dr=14579&refresh_token=0db34cf6&x-expires=1752080400&x-signature=8JIAOMVoFO5G2odIcF3syi28Cdo%3D&t=4d5b0474&ps=13740610&shp=30310797&shcp=ff37627b&idc=my'}",t√πy ng∆∞·ªùi th√¥i. g·∫∑p hung d·ªØ nh∆∞ t th√¨ ƒë·ªë ai tr√™n c∆° n·ªïi,34,6d ago,https://www.tiktok.com/@sau.drama/video/7522016067275820309
"{'username': '@nbngoc_1723', 'avatar_url': 'https://p16-sign-sg.tiktokcdn.com/tos-alisg-avt-0068/c47c3acca95f02b712f2c45454bf23bc~tplv-tiktokx-cropcenter:100:100.jpg?dr=14579&refresh_token=8ce2fe5e&x-expires=1752080400&x-signature=P7%2BW3WN%2FVRenvGBZ9hI0nGWWJ5A%3D&t=4d5b0474&ps=13740610&shp=30310797&shcp=ff37627b&idc=my'}",C√≥ khi v√†ng m∆∞·ª£n ƒëeo xong t√≠ ƒë√°m c∆∞·ªõi xong tr·∫£ m·∫π m·∫π tr·∫£ cho nta,120,1w ago,https://www.tiktok.com/@sau.drama/video/7522016067275820309
"{'username': '@le.bio71b3', 'avatar_url': 'https://p16-sign-sg.tiktokcdn.com/tos-alisg-avt-0068/93e8917e11cc657682f48aaab428da2e~tplv-tiktokx-cropcenter:100:100.jpg?dr=14579&refresh_token=bfbc3ee9&x-expires=1752080400&x-signature=SwG%2BO16Bnfys1p8IcjxbMKOQBc8%3D&t=4d5b0474&ps=13740610&shp=30310797&shcp=ff37627b&idc=my'}",ƒêeo sau c≈©ng ƒë∆∞·ª£c mi·ªÖn ƒë·ª´ng ƒë√≤i l·∫°i l√† ƒë∆∞·ª£c,9,5d ago,https://www.tiktok.com/@sau.drama/video/7522016067275820309
"{'username': '@umeequanghungmasterd', 'avatar_url': 'https://p16-sign-sg.tiktokcdn.com/tos-alisg-avt-0068/dcddee561e307986c9d4bf973b10e5e5~tplv-tiktokx-cropcenter:100:100.jpg?dr=14579&refresh_token=43f501e8&x-expires=1752080400&x-signature=1BjbklnSeAmymk7M9caGXilwtWA%3D&t=4d5b0474&ps=13740610&shp=30310797&shcp=ff37627b&idc=my'}",l√† sao b√¢y,8,6d ago,https://www.tiktok.com/@sau.drama/video/7522016067275820309
"{'username': '@bichphuog_95', 'avatar_url': 'https://p16-sign-sg.tiktokcdn.com/tos-alisg-avt-0068/94bce3b53b8de3e55e1be5981379984f~tplv-tiktokx-cropcenter:100:100.jpg?dr=14579&refresh_token=c346bf83&x-expires=1752080400&x-signature=7scMs2XPGEWU9OTvAfEuKlvwY8Y%3D&t=4d5b0474&ps=13740610&shp=30310797&shcp=ff37627b&idc=my'}",D√¢y ƒë√≥ sau n√†y ck c≈©ng ƒëeo th√¥i,10,1w ago,https://www.tiktok.com/@sau.drama/video/7522016067275820309
"{'username': '@khanhziii2810', 'avatar_url': 'https://p16-sign-sg.tiktokcdn.com/tos-alisg-avt-0068/da5dd685bc4cc26e325bb442e9e0bef5~tplv-tiktokx-cropcenter:100:100.jpg?dr=14579&refresh_token=0fd7fac5&x-expires=1752080400&x-signature=%2FouaXWZoIKseHQAbE7gECs2Tq0I%3D&t=4d5b0474&ps=13740610&shp=30310797&shcp=ff37627b&idc=my'}",l√† sao v ·∫°,7,6d ago,https://www.tiktok.com/@sau.drama/video/7522016067275820309
"{'username': '@huongbui.phunxamlongan', 'avatar_url': 'https://p16-sign-sg.tiktokcdn.com/tos-alisg-avt-0068/ef45f03b3db776e85dd9350609c0a09e~tplv-tiktokx-cropcenter:100:100.jpg?dr=14579&refresh_token=448b3487&x-expires=1752080400&x-signature=5NE5G0OBlYCyYp%2BEtnpnktLlO4U%3D&t=4d5b0474&ps=13740610&shp=30310797&shcp=ff37627b&idc=my'}","h·ªìi ƒë√≥ ch√∫ √∫t t l·∫•y v·ª£, l√∫c rc d√¢u b√† m·∫π v·ª£ l√¥i c√¥ d√¢u ƒëi tr∆∞·ªõc b√† n·ªôi tui, ki·ªÉu mu·ªën con v√™ tr√™n c∆° m·∫π ck v·ªõi ck, m√† thi·ªát k bi·∫øt l√† m·∫πo hay sao v·ªÅ b√† n·ªôi vs ch√∫ √∫t s∆° m·ª£ √∫t tui thi·ªátüòÇüòÇ",15,1w ago,https://www.tiktok.com/@sau.drama/video/7522016067275820309
"{'username': '@xviiixii_', 'avatar_url': 'https://p16-sign-sg.tiktokcdn.com/tos-alisg-avt-0068/3be94fdb914f15cf9cb5c5c092a8e7bf~tplv-tiktokx-cropcenter:100:100.jpg?dr=14579&refresh_token=1f282144&x-expires=1752080400&x-signature=hMfJb5cECyrsR%2FGEpobCZZQQe%2Bk%3D&t=4d5b0474&ps=13740610&shp=30310797&shcp=ff37627b&idc=my'}",ƒêeo ki·ªÉu g√¨ c≈©ng ƒë∆∞·ª£c mi·ªÖn ƒë·ª´ng gi·ªØ d√πm v√†ng c∆∞·ªõi l√† ƒë∆∞·ª£c r·ªìiü§£,0,4d ago,https://www.tiktok.com/@sau.drama/video/7522016067275820309
"{'username': '@princess.trnhspa', 'avatar_url': 'https://p16-sign-sg.tiktokcdn.com/tos-alisg-avt-0068/3d6f726602e013bce686bb2fe49e8098~tplv-tiktokx-cropcenter:100:100.jpg?dr=14579&refresh_token=e7392891&x-expires=1752080400&x-signature=CZJNL%2FnlI8D26xGbIptReUxs2sc%3D&t=4d5b0474&ps=13740610&shp=30310797&shcp=ff37627b&idc=my'}",h·ªèng h·∫øt t√≥c c√¥ d√¢u,9,6d ago,https://www.tiktok.com/@sau.drama/video/7522016067275820309
"{'username': '@alone200817', 'avatar_url': 'https://p16-sign-sg.tiktokcdn.com/tos-alisg-avt-0068/76da9485e90d8f5d2d8f3fb3c20ef491~tplv-tiktokx-cropcenter:100:100.jpg?dr=14579&refresh_token=6b6351e9&x-expires=1752080400&x-signature=%2BELOs0fCf7RPk2jNeY7Ojh2zts4%3D&t=4d5b0474&ps=13740610&shp=30310797&shcp=ff37627b&idc=my'}","c√≥ ai ƒë·ªÉ √Ω qu·∫ßn √°o ""m·∫π ch·ªìng"" m√† c√°c b·∫°n n√≥i, tui nghƒ© ng√†y ko ph·∫£i m·∫π ck, l√†m l·ªÖ ai m·∫∑c ƒë·ªì ki·ªÉu ƒë√≥üòÇ",26,1w ago,https://www.tiktok.com/@sau.drama/video/7522016067275820309
"{'username': '@tin.tin9828', 'avatar_url': 'https://p16-sign-sg.tiktokcdn.com/tos-alisg-avt-0068/c67ec0925870b553f617c9ad291af588~tplv-tiktokx-cropcenter:100:100.jpg?dr=14579&refresh_token=0161a9a8&x-expires=1752080400&x-signature=KjotZ%2BIPpRQ0QLR5%2BglMGZgA5vY%3D&t=4d5b0474&ps=13740610&shp=30310797&shcp=ff37627b&idc=my'}",ƒêeo ki·ªÉu n√†o c≈©ng ƒëc... mi·ªÖn ƒë·ª´ng l·∫•y l·∫°i l√† ok,6,6d ago,https://www.tiktok.com/@sau.drama/video/7522016067275820309
"{'username': '@baobao9595', 'avatar_url': 'https://p16-sign-sg.tiktokcdn.com/tos-alisg-avt-0068/974cdc3e5acfb77966cd71b707f25cb1~tplv-tiktokx-cropcenter:100:100.jpg?dr=14579&refresh_token=b4e1ac1e&x-expires=1752080400&x-signature=xvaeAvM1vtQ9%2F8LYPTzjg%2FtF3bc%3D&t=4d5b0474&ps=13740610&shp=30310797&shcp=ff37627b&idc=my'}",Tui ƒëi Makeup c√≤n c√≥ qu·∫£ m·∫π ch·ªìng nh·ªù ng ƒëi ƒë√≥n d√¢u quay clip xem c√¥ d√¢u dc nh√† m·∫π ƒë·∫ª t·∫∑ng bao nhi√™u v√†ng trang s·ª©c k√¨a tr.,5,1w ago,https://www.tiktok.com/@sau.drama/video/7522016067275820309
"{'username': '@thichkhianic', 'avatar_url': 'https://p9-sign-sg.tiktokcdn.com/tos-alisg-avt-0068/7375121553085693968~tplv-tiktokx-cropcenter:100:100.jpg?dr=14579&refresh_token=4170706a&x-expires=1752080400&x-signature=QiEHnMOzHA5HqwmceqyO8Ev8F2I%3D&t=4d5b0474&ps=13740610&shp=30310797&shcp=ff37627b&idc=my'}","m·∫π ck tui th√°o d√¢y chuy·ªÅn ra ƒëeo cho tui, t·ªõi l√∫c ƒëeo b√¥ng ck tui ƒëeo cho m√† do l√¢u qu√° k ƒëeo n√™n b√≠t l·ªó n√™n h∆°i ƒëau xg m·∫π ck tui ns *ƒëeo nh·∫π t·ª´ t·ª´ ƒë·ªÉ ƒëau em*",18,1w ago,https://www.tiktok.com/@sau.drama/video/7522016067275820309
"{'username': '@chuotcong28', 'avatar_url': 'https://p16-sign-sg.tiktokcdn.com/tos-alisg-avt-0068/8252867269a15a6486a808d1e1fb35be~tplv-tiktokx-cropcenter:100:100.jpg?dr=14579&refresh_token=4dad2d60&x-expires=1752080400&x-signature=8ExQ8WyL769qqWvuNIs5F062AK4%3D&t=4d5b0474&ps=13740610&shp=30310797&shcp=ff37627b&idc=my'}",ƒë√°m c∆∞·ªõi xong tr·ªën nha ch·ªã,11,6d ago,https://www.tiktok.com/@sau.drama/video/7522016067275820309
"{'username': '@khnh.vy2851', 'avatar_url': 'https://p9-sign-sg.tiktokcdn.com/tos-alisg-avt-0068/d97cebc34d828621e695a0dd041be31b~tplv-tiktokx-cropcenter:100:100.jpg?dr=14579&refresh_token=5525b5e1&x-expires=1752080400&x-signature=j9rGi8kKh39nTydCgAc%2BLAe0OgI%3D&t=4d5b0474&ps=13740610&shp=30310797&shcp=ff37627b&idc=my'}",Ai sau n√†y c√≥ con trai c≈©ng l√†m m·∫π ck. M√† gi·ªù h·ªü c√°i m·∫π ck n√†y n·ªç. L·∫•y ck th√¨ mu·ªën cho c·ªßa cho v√†ng nhi·ªÅu. L√†m d√¢u th√¨ kh√¥ng mu·ªën l√†m mu·ªën l√†m m·∫π üòÖüòÖ. M·∫•y b√† khi n√†o kg sanh con ƒëi r·ªìi n√≥i m·∫π ck. Ch·ª© sanh r·ªìi c√≥ con trai c≈©ng l√†m m·∫π ck th√¥i,5,5d ago,https://www.tiktok.com/@sau.drama/video/7522016067275820309
"{'username': '@xin.1fl.hoi', 'avatar_url': 'https://p16-sign-sg.tiktokcdn.com/tos-alisg-avt-0068/a63e87cfa9b17b87e0efc4209e5bf9ea~tplv-tiktokx-cropcenter:100:100.jpg?dr=14579&refresh_token=9afad863&x-expires=1752080400&x-signature=FOq1fzboX8kdwVK6TbyQVYBnBYE%3D&t=4d5b0474&ps=13740610&shp=30310797&shcp=ff37627b&idc=my'}",Nghƒ©a l√† j v·∫≠y ·∫°,7,1w ago,https://www.tiktok.com/@sau.drama/video/7522016067275820309
"{'username': '@hyhy4596', 'avatar_url': 'https://p16-sign-sg.tiktokcdn.com/tos-alisg-avt-0068/22a08237326b2caa6cf96936a52bf334~tplv-tiktokx-cropcenter:100:100.jpg?dr=14579&refresh_token=b6142d98&x-expires=1752080400&x-signature=mDIWjU%2FVJdgkInk4ktEukhVrV7M%3D&t=4d5b0474&ps=13740610&shp=30310797&shcp=ff37627b&idc=my'}",ƒê·ªçc cmt m·ªõi bi·∫øt ko dc ƒëeo ki·ªÉu ƒë√≥ . ƒê·ª£t c∆∞·ªõi ck e ƒëeo v·∫≠y cho e r·ªìi e c≈©ng ƒëeo l·∫°i nh∆∞ v cho ck. T·∫°i kho√° n√≥ kh·∫Øc kh√≥ m·ªü n√™n ƒëeo v cho nhanh üòÇüòÇ,16,1w ago,https://www.tiktok.com/@sau.drama/video/7522016067275820309
"{'username': '@anhtaone', 'avatar_url': 'https://p16-sign-sg.tiktokcdn.com/tos-alisg-avt-0068/29e482f3e0164b9e713d5f3aeb2e21da~tplv-tiktokx-cropcenter:100:100.jpg?dr=14579&refresh_token=63dfe8db&x-expires=1752080400&x-signature=YZkS59lGeEPIYrEpnZVh6Ni1q1s%3D&t=4d5b0474&ps=13740610&shp=30310797&shcp=ff37627b&idc=my'}",n√≥i thi·ªát nh√† ngt ko l√™n ti·∫øng th√¨ m√¨nh ƒë·ª©ng n√≥i nh∆∞ th·∫ø gia ƒë√¨nh ngt m√† m.n n√≥i qu√° tr,3,6d ago,https://www.tiktok.com/@sau.drama/video/7522016067275820309
"{'username': '@kydaujo', 'avatar_url': 'https://p16-sign-sg.tiktokcdn.com/tos-alisg-avt-0068/7328578060263882760~tplv-tiktokx-cropcenter:100:100.jpg?dr=14579&refresh_token=6d8fd9b1&x-expires=1752080400&x-signature=0OcVlIIS4cL%2B8XCtrX7VdlSGx4k%3D&t=4d5b0474&ps=13740610&shp=30310797&shcp=ff37627b&idc=my'}",Tao to√†n ƒëeo v·∫≠y th√°o m√≥c chi cho m·∫•t th·ªùi gian,3,5d ago,https://www.tiktok.com/@sau.drama/video/7522016067275820309
"{'username': '@be7honghot', 'avatar_url': 'https://p16-sign-sg.tiktokcdn.com/tos-alisg-avt-0068/a6ab0a466f3c04b587b9da80b0ab797c~tplv-tiktokx-cropcenter:100:100.jpg?dr=14579&refresh_token=1947d0f1&x-expires=1752080400&x-signature=noTR4R9Zv0zp0Px3wuTS8V%2BHuaM%3D&t=4d5b0474&ps=13740610&shp=30310797&shcp=ff37627b&idc=my'}",R·ªìi ch·∫Øc g√¨ tr√™n c∆° dc v·ªÅ n√≥ ch·ª≠i b·∫£ th√¨ m·∫•y b·∫°n th·∫•y k,5,6d ago,https://www.tiktok.com/@sau.drama/video/7522016067275820309
"{'username': '@tamne20032', 'avatar_url': 'https://p9-sign-sg.tiktokcdn.com/tos-alisg-avt-0068/9c904c0a25fe2d10b72136e4c4dcba05~tplv-tiktokx-cropcenter:100:100.jpg?dr=14579&refresh_token=21cebd9e&x-expires=1752080400&x-signature=b%2BRGt2aa1rPZ6UWshTuiZ0x4eoQ%3D&t=4d5b0474&ps=13740610&shp=30310797&shcp=ff37627b&idc=my'}",l√† sao v·∫≠y mn,6,1w ago,https://www.tiktok.com/@sau.drama/video/7522016067275820309
"{'username': '@ngocanhs996', 'avatar_url': 'https://p16-sign-sg.tiktokcdn.com/tos-alisg-avt-0068/d89346dfb761fe54871ee519ff3ace4a~tplv-tiktokx-cropcenter:100:100.jpg?dr=14579&refresh_token=ca166bea&x-expires=1752080400&x-signature=SktRRvtTOeDLLWZGuft4sOkcGk0%3D&t=4d5b0474&ps=13740610&shp=30310797&shcp=ff37627b&idc=my'}",m·∫πo g√¨ c·ª© ƒëeo cho v√†ng th·∫≠t l√† ƒë∆∞·ª£c. 10 c√°i nh∆∞ v·∫≠y c≈©ng ƒëc √°,7,1w ago,https://www.tiktok.com/@sau.drama/video/7522016067275820309
"{'username': '@httra2809', 'avatar_url': 'https://p9-sign-sg.tiktokcdn.com/tos-alisg-avt-0068/bf0c9970fca6d8ebd9a4e04fa623f997~tplv-tiktokx-cropcenter:100:100.jpg?dr=14579&refresh_token=76f365fa&x-expires=1752080400&x-signature=EeSZQtw2Q4h9rOpgd0%2BT6%2FWGAbE%3D&t=4d5b0474&ps=13740610&shp=30310797&shcp=ff37627b&idc=my'}",Sao to√†n s·ª£ l·∫•y v√†ng l·∫°i züò≥,12,1w ago,https://www.tiktok.com/@sau.drama/video/7522016067275820309
"{'username': '@taokhongthicmay', 'avatar_url': 'https://p16-sign-sg.tiktokcdn.com/tos-alisg-avt-0068/50e5c61f1614ec548eb5228b917e2f22~tplv-tiktokx-cropcenter:100:100.jpg?dr=14579&refresh_token=cc7a1f53&x-expires=1752080400&x-signature=IuUUV11Z%2FJ%2FsqKDJnhm%2FfR2dqqA%3D&t=4d5b0474&ps=13740610&shp=30310797&shcp=ff37627b&idc=my'}",√™ b√† t2 gi·ªëng miale,6,6d ago,https://www.tiktok.com/@sau.drama/video/7522016067275820309
"{'username': '@nuong_nuongne', 'avatar_url': 'https://p9-sign-sg.tiktokcdn.com/tos-alisg-avt-0068/189f6fe7160be1832596e63d88c97d61~tplv-tiktokx-cropcenter:100:100.jpg?dr=14579&refresh_token=3c831d2d&x-expires=1752080400&x-signature=NpqtQIF%2F7kbtznhlKBuCOjA%2F87E%3D&t=4d5b0474&ps=13740610&shp=30310797&shcp=ff37627b&idc=my'}",T√¥i ngh·ªâ l√† do d√¢y truy·ªÅn ƒë√≥ l√† lo·∫°i tro√†ng c·ªï ko c√≥ m√≥c kho√° th√¥i c·ª© tho√°ng d√π g√¨ c≈©ng ƒë√°m c∆∞·ªõi ngta,3,5d ago,https://www.tiktok.com/@sau.drama/video/7522016067275820309
"{'username': '@hiny.huyen2', 'avatar_url': 'https://p16-sign-sg.tiktokcdn.com/tos-alisg-avt-0068/6e2cc928c62a6522bef08b5a4c61fa4a~tplv-tiktokx-cropcenter:100:100.jpg?dr=14579&refresh_token=eb4397d1&x-expires=1752080400&x-signature=dNFRPWb%2FdC8wN%2FXonj9yZOC7OSE%3D&t=4d5b0474&ps=13740610&shp=30310797&shcp=ff37627b&idc=my'}",L√† s v ·∫°??,5,6d ago,https://www.tiktok.com/@sau.drama/video/7522016067275820309
"{'username': '@yeuanhs1tg210', 'avatar_url': 'https://p9-sign-sg.tiktokcdn.com/tos-alisg-avt-0068/e47a0d5d0acffda8a7e400b32908167b~tplv-tiktokx-cropcenter:100:100.jpg?dr=14579&refresh_token=ac82b507&x-expires=1752080400&x-signature=iHq8yGGjrLNd0fylXtHZR2ZSUww%3D&t=4d5b0474&ps=13740610&shp=30310797&shcp=ff37627b&idc=my'}",+1 ki·∫øn th·ª©c mai sau l·∫•y ch·ªìng:)),13,6d ago,https://www.tiktok.com/@sau.drama/video/7522016067275820309
"{'username': '@taodemuadoonlinethoi', 'avatar_url': 'https://p16-sign-sg.tiktokcdn.com/tos-alisg-avt-0068/c4fe7c1790214831daeed482395e5b23~tplv-tiktokx-cropcenter:100:100.jpg?dr=14579&refresh_token=e9a6bca3&x-expires=1752080400&x-signature=6QxZJ9s90RGpcRdL8mW%2B54bqc%2BM%3D&t=4d5b0474&ps=13740610&shp=30310797&shcp=ff37627b&idc=my'}",ƒêeo t s·ª£i 10 c√¢y ƒëi ki·ªÉu d·ªã c≈©ng dc n·ªØa. Ch·ª© ·ªü ƒë√≥ m√† gong c·ªï tr√™n c∆°. Ch·ª© th√°o ra ƒëeo v·ªÅ gi·∫£ b·ªô m·∫π gi·ªØ d√πm cho c≈©ng d·ªã h√† c√≤n b·∫•t ho√† h∆°n n·ªØa ƒë√≥,11,6d ago,https://www.tiktok.com/@sau.drama/video/7522016067275820309
"{'username': '@hihahahahhash', 'avatar_url': 'https://p16-sign-sg.tiktokcdn.com/tos-alisg-avt-0068/abd07d8960130b7facba98d922204f1d~tplv-tiktokx-cropcenter:100:100.jpg?dr=14579&refresh_token=7f512c8f&x-expires=1752080400&x-signature=dikxBOeIGFNxQKXaAf3rO4ELnxw%3D&t=4d5b0474&ps=13740610&shp=30310797&shcp=ff37627b&idc=my2'}",l√† sao,5,5d ago,https://www.tiktok.com/@sau.drama/video/7522016067275820309
"{'username': '@geminifourth1318', 'avatar_url': 'https://p16-sign-sg.tiktokcdn.com/tos-alisg-avt-0068/0b61538faafdbc3cb23eab1960c18712~tplv-tiktokx-cropcenter:100:100.jpg?dr=14579&refresh_token=9feb8bbb&x-expires=1752080400&x-signature=kkfRxUu6WryIT%2F3Ua7bhS%2B%2FV%2B7g%3D&t=4d5b0474&ps=13740610&shp=30310797&shcp=ff37627b&idc=my2'}",l√† sao ·∫°,6,1w ago,https://www.tiktok.com/@sau.drama/video/7522016067275820309
"{'username': '@bkm903', 'avatar_url': 'https://p16-sign-sg.tiktokcdn.com/tos-alisg-avt-0068/56ed002ffeb91f5f82cf7d5a86feb68e~tplv-tiktokx-cropcenter:100:100.jpg?dr=14579&refresh_token=5c70939f&x-expires=1752080400&x-signature=SOzNr1dg6nSa5RFXVEG3fuGPk6w%3D&t=4d5b0474&ps=13740610&shp=30310797&shcp=ff37627b&idc=my2'}",b√† ƒë·ªãnh l√†m √¥ng c·ªë t√¥i √† :)),14,1w ago,https://www.tiktok.com/@sau.drama/video/7522016067275820309
"{'username': '@bephuong170703', 'avatar_url': 'https://p16-sign-sg.tiktokcdn.com/tos-alisg-avt-0068/f51fb72fa75e8bb44d9bdff0da0b8ebf~tplv-tiktokx-cropcenter:100:100.jpg?dr=14579&refresh_token=42ce0cae&x-expires=1752080400&x-signature=6PebcpZ6wPpkNBIAkF%2BnRR73du4%3D&t=4d5b0474&ps=13740610&shp=30310797&shcp=ff37627b&idc=my2'}","Ki·ªÉu xi·ªÅng x√≠ch con d√¢u l·∫°i, s·ª£ con d√¢u b·∫≠t l·∫°i ü§£ü§£ü§£ nhi·ªÅu b√† gi·ªù c√≤n t√≠nh to√°n d·ªØ h∆°n ng x∆∞a ch·ª© ƒë·ª´ng n√≥i th·ªùi ƒë·∫°i g√¨ h·∫øt",3,5d ago,https://www.tiktok.com/@sau.drama/video/7522016067275820309
"{'username': '@ngokngok51.5579', 'avatar_url': 'https://p16-sign-sg.tiktokcdn.com/tos-alisg-avt-0068/837779721f93ea358213eb6467a3cff2~tplv-tiktokx-cropcenter:100:100.jpg?dr=14579&refresh_token=56433087&x-expires=1752080400&x-signature=XY0ZMYSPemsIyAz4ddQIh8yeND4%3D&t=4d5b0474&ps=13740610&shp=30310797&shcp=ff37627b&idc=my2'}",th√°o ra ƒëeo v√†o m·∫•t m·∫•y gi√¢y ch·ª© üòÖüòÖüòÖ,7,1w ago,https://www.tiktok.com/@sau.drama/video/7522016067275820309
"{'username': '@hope_baby10', 'avatar_url': 'https://p16-sign-sg.tiktokcdn.com/tos-alisg-avt-0068/b65eb61196083f96b799cff45815f43a~tplv-tiktokx-cropcenter:100:100.jpg?dr=14579&refresh_token=78898edb&x-expires=1752080400&x-signature=GbcXIyF3%2BdmIVcRlfrmXVC0d8%2F4%3D&t=4d5b0474&ps=13740610&shp=30310797&shcp=ff37627b&idc=my2'}","H√™n qu√° m·∫π m√¨nh k c√≥ con trai , ch·ª© m·∫π m√¨nh mua v√†ng to√†n ƒëeo ki·ªÉu d·ªã k √° üòÖ",5,1w ago,https://www.tiktok.com/@sau.drama/video/7522016067275820309
"{'username': '@tongtailamgucdotraitimem', 'avatar_url': 'https://p16-sign-sg.tiktokcdn.com/tos-alisg-avt-0068/96093cf0af3b6ccbe2d4f8de02ea97bb~tplv-tiktokx-cropcenter:100:100.jpg?dr=14579&refresh_token=5637b6ad&x-expires=1752080400&x-signature=tKOqN9lURJ3yadwKCN9qNSgRoKE%3D&t=4d5b0474&ps=13740610&shp=30310797&shcp=ff37627b&idc=my2'}","@n√†o ƒëi·ªÉm tuy·ªát ƒë·ªëi TA ƒë·ªïi t√™n:N·∫øu b·∫°n ƒë·ªçc b√†i ƒë√°nh gi√° n√†y, cha m·∫π b·∫°n s·∫Ω r·∫•t kh·ªèe m·∫°nh trong 100 nƒÉm n·ªØa. ƒê·ªÉ k√≠ch ho·∫°t l·ªùi nguy·ªÅn n√†y, b·∫°n s·∫Ω c·∫ßn ph·∫£i sao ch√©p v√† d√°n n√≥ v√†o nƒÉm video kh√°c
H√£y d·ªãch ƒëi nh√©, kh√¥ng h·ªëi h·∫≠n ƒë√¢uuü•∞",6,1w ago,https://www.tiktok.com/@sau.drama/video/7522016067275820309
"{'username': '@yennhi_______24', 'avatar_url': 'https://p9-sign-sg.tiktokcdn.com/tos-alisg-avt-0068/63991296fdd79818d5a97b5a26aa9821~tplv-tiktokx-cropcenter:100:100.jpg?dr=14579&refresh_token=fce2ffee&x-expires=1752080400&x-signature=rpvxrdIQcQ1BNRMEX1M%2BF8UjW0g%3D&t=4d5b0474&ps=13740610&shp=30310797&shcp=ff37627b&idc=my2'}",d√¢y chuy·ªÅn ƒë√≥ ki·ªÉu nh∆∞ c·ªßa nam v·∫≠y √° . v·ªõi ƒëi·ªÅu t nh√¨n l√† m·∫π m·∫∑c ƒë·ªì b·ªô hay g√¨ d·∫°,5,1w ago,https://www.tiktok.com/@sau.drama/video/7522016067275820309
"{'username': '@d0raemon2703', 'avatar_url': 'https://p9-sign-sg.tiktokcdn.com/tos-alisg-avt-0068/e8c2d82baed133f410481c471af2cc59~tplv-tiktokx-cropcenter:100:100.jpg?dr=14579&refresh_token=93f05f2a&x-expires=1752080400&x-signature=YvJILpWNtCjO%2F58IrbvuvxxV%2Bdw%3D&t=4d5b0474&ps=13740610&shp=30310797&shcp=ff37627b&idc=my2'}",L√† s v mn ai ght gi√∫p tui vs,3,6d ago,https://www.tiktok.com/@sau.drama/video/7522016067275820309
"{'username': '@minhtam28187', 'avatar_url': 'https://p16-sign-sg.tiktokcdn.com/tos-alisg-avt-0068/2d991db0bb30c81c1139cfb3daf02f7a~tplv-tiktokx-cropcenter:100:100.jpg?dr=14579&refresh_token=7e47e2b4&x-expires=1752080400&x-signature=HJdZ5mXha5V6xPuaZZD7vLTjGLM%3D&t=4d5b0474&ps=13740610&shp=30310797&shcp=ff37627b&idc=my2'}",m·∫π ck t m√† m·∫πo cho t ƒëeo 10 c√°i d√¢y chuy·ªÅn v√†ng th·∫ø t c≈©ng ƒëeo ü§£ü§£ü§£l·∫Øm chuy·ªán m·∫•y ƒë·ª©a m·∫πo online qu√°,3,1w ago,https://www.tiktok.com/@sau.drama/video/7522016067275820309
"{'username': '@nho_anh_5_ngay', 'avatar_url': 'https://p9-sign-sg.tiktokcdn.com/tos-alisg-avt-0068/444013e84244bf18e4fd3b800d8922b2~tplv-tiktokx-cropcenter:100:100.jpg?dr=14579&refresh_token=fbfbffb4&x-expires=1752080400&x-signature=ZYWFLQPgSN%2BM84uba1h3w62vUuM%3D&t=4d5b0474&ps=13740610&shp=30310797&shcp=ff37627b&idc=my2'}",·ªßa vd thu2 sao c√¥ d√¢u nh√¨n gi·ªëng mia v,3,6d ago,https://www.tiktok.com/@sau.drama/video/7522016067275820309
"{'username': '@cdksgtghm', 'avatar_url': 'https://p16-sign-sg.tiktokcdn.com/tos-alisg-avt-0068/0467b0ecfacd223ba7dec4826e204237~tplv-tiktokx-cropcenter:100:100.jpg?dr=14579&refresh_token=c51dd557&x-expires=1752080400&x-signature=C4MM469fb6XaXZIqhI6jIe4XeU4%3D&t=4d5b0474&ps=13740610&shp=30310797&shcp=ff37627b&idc=my2'}",Ai c≈©ng b·ªã ovtk h·∫£üò≠üò≠üò≠,3,5d ago,https://www.tiktok.com/@sau.drama/video/7522016067275820309
"{'username': '@ntn.15.11', 'avatar_url': 'https://p16-sign-sg.tiktokcdn.com/tos-alisg-avt-0068/b9e0a99b3e3cfbe341c539a3591fd488~tplv-tiktokx-cropcenter:100:100.jpg?dr=14579&refresh_token=d65ea67a&x-expires=1752080400&x-signature=s0%2FEnVVd%2B6vzCBBlX7yVjREojIg%3D&t=4d5b0474&ps=13740610&shp=30310797&shcp=ff37627b&idc=my2'}",G·ªçi ƒëeo g√¥ng v√†o c·ªï m·∫π ch·ªìng tr√™n c∆° v·ªÅ th√¨ b·ªã ch√≥i bu·ªôc n√≥i ƒë√¢u nghe ƒë√≥ üòå,2,5d ago,https://www.tiktok.com/@sau.drama/video/7522016067275820309
"{'username': '@sinhne19', 'avatar_url': 'https://p16-sign-sg.tiktokcdn.com/tos-alisg-avt-0068/988ee646982d68201f0773c297f96995~tplv-tiktokx-cropcenter:100:100.jpg?dr=14579&refresh_token=99875d30&x-expires=1752080400&x-signature=8x7I75uxxFOfi5EmNNMCCQqRFSs%3D&t=4d5b0474&ps=13740610&shp=30310797&shcp=ff37627b&idc=my2'}",N√≥ c√≥ m·∫πo c·∫£ ƒë·∫•y ko l·∫•y d√¢y chuy·ªÅn ƒë√≥ n·ªØa l√† ƒë∆∞·ª£c,4,1w ago,https://www.tiktok.com/@sau.drama/video/7522016067275820309
"{'username': '@cmt_dao28', 'avatar_url': 'https://p16-sign-sg.tiktokcdn.com/tos-alisg-avt-0068/8899e2cb65f47007320aa4f4c009bea8~tplv-tiktokx-cropcenter:100:100.jpg?dr=14579&refresh_token=75c23e12&x-expires=1752080400&x-signature=WnaFULgE4Ll%2F0Gxlk%2BlpD2Y855c%3D&t=4d5b0474&ps=13740610&shp=30310797&shcp=ff37627b&idc=my2'}","nh√¨u khi m·ªü ho√†i k ra √°
t√≠ch c·ª±c l√™n ƒëi
ƒë·∫±ng n√†o cx c√≥ ai l·∫•y mk ƒë√¢uü§£ü§£",4,1w ago,https://www.tiktok.com/@sau.drama/video/7522016067275820309
"{'username': '@lucaswilliams0072', 'avatar_url': 'https://p16-sign-sg.tiktokcdn.com/tos-alisg-avt-0068/7470e83a5e1fa34ab00e54b0b81ff303~tplv-tiktokx-cropcenter:100:100.jpg?dr=14579&refresh_token=07ced258&x-expires=1752080400&x-signature=w2YlHKnhAaeHpeAp%2B3NASy04t5c%3D&t=4d5b0474&ps=13740610&shp=30310797&shcp=ff37627b&idc=my2'}",ƒê√∫ng r·ªìi c√¥ d√¢u ch·∫°y ƒëi!!! ƒê·ªÉ tui ·ªü l·∫°i cho ü•∞,2,5d ago,https://www.tiktok.com/@sau.drama/video/7522016067275820309
"{'username': '@tine_626', 'avatar_url': 'https://p16-sign-va.tiktokcdn.com/tos-maliva-avt-0068/b63d9f623789be271e0286b8d7120362~tplv-tiktokx-cropcenter:100:100.jpg?dr=14579&refresh_token=ce2faf5f&x-expires=1752080400&x-signature=919s85%2BczK%2BcmASepmFggVhxOWw%3D&t=4d5b0474&ps=13740610&shp=30310797&shcp=ff37627b&idc=my2'}",th√¥i m·∫•y b√† nh·∫°y c·∫£m qu√°. th·ª≠ thay c·ªçng ƒë√≥ b·∫±ng c·ªçng 10 c√¢y v√†ng xem üòÇ. m·ªõi c√≥ 1 h√†nh ƒë·ªông x√≠u m√† nh·∫£y d·ª±ng l√™n,3,6d ago,https://www.tiktok.com/@sau.drama/video/7522016067275820309
"{'username': '@minmiu_family', 'avatar_url': 'https://p16-sign-sg.tiktokcdn.com/tos-alisg-avt-0068/904088489f51deba05f7f08564f681d9~tplv-tiktokx-cropcenter:100:100.jpg?dr=14579&refresh_token=94cf8f81&x-expires=1752080400&x-signature=n1RDteDyuj2g2TVGHiZAayIvF0E%3D&t=4d5b0474&ps=13740610&shp=30310797&shcp=ff37627b&idc=my2'}",Ki·ªÉu ‚Äú ƒëeo gong v√†o c·ªï‚Äù √°,3,6d ago,https://www.tiktok.com/@sau.drama/video/7522016067275820309
"{'username': '@minhdung1023', 'avatar_url': 'https://p9-sign-sg.tiktokcdn.com/tos-alisg-avt-0068/ae1f71609d3ba1a6d0927b2059f71166~tplv-tiktokx-cropcenter:100:100.jpg?dr=14579&refresh_token=1908085f&x-expires=1752080400&x-signature=mrwnusipDnLsxWiRO%2BOw6P0C5WU%3D&t=4d5b0474&ps=13740610&shp=30310797&shcp=ff37627b&idc=my2'}",k·ªÉ ra c·ª© trao th√™m v√†i c√°i nh∆∞ v·∫≠y n·ªØa c≈©ng ƒëcüòÇüòÇüòÇ,3,5d ago,https://www.tiktok.com/@sau.drama/video/7522016067275820309
"{'username': '@mommyhieuan', 'avatar_url': 'https://p9-sign-sg.tiktokcdn.com/tos-alisg-avt-0068/e4dbd898665bb2af44ad2c2f6bd34142~tplv-tiktokx-cropcenter:100:100.jpg?dr=14579&refresh_token=6452205b&x-expires=1752080400&x-signature=WO6trJpZ%2FJ9aBDLfW0z2IKOgPWQ%3D&t=4d5b0474&ps=13740610&shp=30310797&shcp=ff37627b&idc=my2'}","ƒê√°m c∆∞·ªõi tao, m·∫π ch·ªìng m·∫π ru·ªôt t k ƒëeo g√¨ cho t h·∫øt. M√¨nh √™n ch·ªìng t ƒëeo , m√† t kho√°i v·∫≠y. Ch·ª© th·ªùi bu·ªïi n√†o r·ªìi m√† c√≤n m·∫πo.",2,5d ago,https://www.tiktok.com/@sau.drama/video/7522016067275820309
"{'username': '@dvitcong', 'avatar_url': 'https://p16-sign-sg.tiktokcdn.com/tos-alisg-avt-0068/7327779591395737621~tplv-tiktokx-cropcenter:100:100.jpg?dr=14579&refresh_token=1d377867&x-expires=1752080400&x-signature=VhbPF7shIhsnrOFzn0kBGC0rO50%3D&t=4d5b0474&ps=13740610&shp=30310797&shcp=ff37627b&idc=my'}",ƒë√¢y ch√≠nh ad l√†m ·∫£nh h∆∞·ªüng ƒë·∫øn gia ƒë√¨nh nt ƒë·∫•y,2,6d ago,https://www.tiktok.com/@sau.drama/video/7522016067275820309
"{'username': '@nit.204', 'avatar_url': 'https://p16-sign-sg.tiktokcdn.com/tos-alisg-avt-0068/d13bb2160e4b70dd2f763b0aff84d17a~tplv-tiktokx-cropcenter:100:100.jpg?dr=14579&refresh_token=7aa5e799&x-expires=1752080400&x-signature=tjBjXcmDQ73JqSBrgbA0fWljobA%3D&t=4d5b0474&ps=13740610&shp=30310797&shcp=ff37627b&idc=my'}",c√°ch m·∫∑c ƒë·ªì c·ªßa m·∫π ch·ªìng l√† hi·ªÉu r,4,1w ago,https://www.tiktok.com/@sau.drama/video/7522016067275820309
"{'username': '@hong.thit.t5', 'avatar_url': 'https://p16-sign-sg.tiktokcdn.com/tos-alisg-avt-0068/ed071db3ceecceb4aa27f1e968372fdc~tplv-tiktokx-cropcenter:100:100.jpg?dr=14579&refresh_token=4466562b&x-expires=1752080400&x-signature=2LjAijGXQrAPglY7ed61ASMuc58%3D&t=4d5b0474&ps=13740610&shp=30310797&shcp=ff37627b&idc=my'}","√™ n√≥i thi·ªác ƒë·ª©a n√†o n√≥i ƒëeo v·∫≠y do v·ªôi, tao th·∫•y ƒëeo v·∫≠y c√≤n l√¢u h∆°n th√°o ra ƒëeo n·ªØa, n√†y c·ªë √Ω th√¨ c√≥, do m·∫•y m·∫πo n√†y l√¢u √≠t ai bt",2,1w ago,https://www.tiktok.com/@sau.drama/video/7522016067275820309
"{'username': '@nctn20', 'avatar_url': 'https://p16-sign-sg.tiktokcdn.com/tos-alisg-avt-0068/1dad3c7658f6934ba66fb4756e8d3ffc~tplv-tiktokx-cropcenter:100:100.jpg?dr=14579&refresh_token=c60605c5&x-expires=1752080400&x-signature=MAFBEo6g1oCUcsEgmJ%2FS2y5rrl4%3D&t=4d5b0474&ps=13740610&shp=30310797&shcp=ff37627b&idc=my'}",Mn ng∆∞·ªùi s·ª£ m√¨nh ƒëeo d√πm cho mi·ªÖn c√≥ v√†ng ƒëeo l√† ƒëc,2,6d ago,https://www.tiktok.com/@sau.drama/video/7522016067275820309
"{'username': '@thuylinh1524', 'avatar_url': 'https://p16-sign-sg.tiktokcdn.com/tos-alisg-avt-0068/41909e5e6513c0f0b35699e8af7d3d76~tplv-tiktokx-cropcenter:100:100.jpg?dr=14579&refresh_token=5b16ecdc&x-expires=1752080400&x-signature=T%2BZJxcdGr2%2FcWPoHcQ%2BmJJOQRh4%3D&t=4d5b0474&ps=13740610&shp=30310797&shcp=ff37627b&idc=my'}",B√°c g√°i h·ªìi h·ªôp qu√° kh√¥ng th√°o ƒë∆∞·ª£c ƒëeo nh∆∞ v·∫≠y lu√¥n,3,1w ago,https://www.tiktok.com/@sau.drama/video/7522016067275820309
"{'username': '@h.h.h3229', 'avatar_url': 'https://p16-sign-sg.tiktokcdn.com/tos-alisg-avt-0068/7c27948e25a4fef1e2848ced1a6b3c78~tplv-tiktokx-cropcenter:100:100.jpg?dr=14579&refresh_token=ae54045c&x-expires=1752080400&x-signature=CMU3qRbUyAGo%2FHeVi4X%2ByOSzvp8%3D&t=4d5b0474&ps=13740610&shp=30310797&shcp=ff37627b&idc=my'}",ch·∫£ h·ªâu,3,1w ago,https://www.tiktok.com/@sau.drama/video/7522016067275820309
"{'username': '@user2553790087856', 'avatar_url': 'https://p9-sign-sg.tiktokcdn.com/tos-alisg-avt-0068/2ac82fe0505a53d26d1bbce925476c89~tplv-tiktokx-cropcenter:100:100.jpg?dr=14579&refresh_token=8a5cba69&x-expires=1752080400&x-signature=iC4XfoKrtRcE3psHxUjd7BY6S3k%3D&t=4d5b0474&ps=13740610&shp=30310797&shcp=ff37627b&idc=my'}",ƒëeo sao c≈©ng ƒë∆∞·ª£c ƒë·ª´ng b·∫Øt tr·∫£ l√† ƒë∆∞·ª£c,3,6d ago,https://www.tiktok.com/@sau.drama/video/7522016067275820309
"{'username': '@hvba2819', 'avatar_url': 'https://p9-sign-sg.tiktokcdn.com/tos-alisg-avt-0068/2a11b90298755cfd3faa97c952edd898~tplv-tiktokx-cropcenter:100:100.jpg?dr=14579&refresh_token=53b23f1f&x-expires=1752080400&x-signature=khKJguCJ7C6rjLgprYCe3bL%2BFQ4%3D&t=4d5b0474&ps=13740610&shp=30310797&shcp=ff37627b&idc=my'}",kh√©o b√† m·∫π c√≤n ch·∫£ bi·∫øt=)) mxh gh√™ th·∫≠t,2,6d ago,https://www.tiktok.com/@sau.drama/video/7522016067275820309
"{'username': '@thythy.2204', 'avatar_url': 'https://p16-sign-sg.tiktokcdn.com/tos-alisg-avt-0068/483032bd53e264ff135645261ac8c511~tplv-tiktokx-cropcenter:100:100.jpg?dr=14579&refresh_token=468df811&x-expires=1752080400&x-signature=caKTVW%2FQLJgZVF9pBruZVuarfFQ%3D&t=4d5b0474&ps=13740610&shp=30310797&shcp=ff37627b&idc=my'}",Nh·∫£ v√≠a ƒë∆∞a d√†ng m·∫π ck gi·ªØ nh∆∞ng mu·ªën l·∫•y n√≥i m·∫π ƒë∆∞a l·∫°i li·ªÅn kkk. ü§£,2,1w ago,https://www.tiktok.com/@sau.drama/video/7522016067275820309
"{'username': '@ririsfan103', 'avatar_url': 'https://p16-sign-sg.tiktokcdn.com/tos-alisg-avt-0068/d914378964f8682dbcc6d68408f3bd91~tplv-tiktokx-cropcenter:100:100.jpg?dr=14579&refresh_token=72e032ff&x-expires=1752080400&x-signature=OQQCtPPY7H01uyu3g7x9zY%2FXnwA%3D&t=4d5b0474&ps=13740610&shp=30310797&shcp=ff37627b&idc=my'}",Ki·ªÉu nh∆∞ n√†y g·∫∑p m√° t l√† ƒëu·ªïi v·ªÅ lun kh·ªèi c∆∞·ªõi xin üòÜüòÜ,2,1w ago,https://www.tiktok.com/@sau.drama/video/7522016067275820309
"{'username': '@hongdao204', 'avatar_url': 'https://p16-sign-sg.tiktokcdn.com/tos-alisg-avt-0068/8259ad7d9ebfaa104604eb03904ccb9d~tplv-tiktokx-cropcenter:100:100.jpg?dr=14579&refresh_token=fccc4981&x-expires=1752080400&x-signature=EGLRZhyuJqScDXxQwVgWZRKRf3E%3D&t=4d5b0474&ps=13740610&shp=30310797&shcp=ff37627b&idc=my'}",Kh√¥ng pk m·∫π ch·ªìng nha m·∫π ru·ªôt c√¥ d√¢uüòÇ,2,6d ago,https://www.tiktok.com/@sau.drama/video/7522016067275820309
"{'username': '@ngocleeva', 'avatar_url': 'https://p16-sign-sg.tiktokcdn.com/tos-alisg-avt-0068/27ead0bfb76f417bf3d2cd285c26cc4d~tplv-tiktokx-cropcenter:100:100.jpg?dr=14579&refresh_token=9924c6a0&x-expires=1752080400&x-signature=zFLaTGkPzWCa4si8sQBNLFrrdxU%3D&t=4d5b0474&ps=13740610&shp=30310797&shcp=ff37627b&idc=my'}",Ch·∫≥ng b√π cho m·∫π ck tui.th∆∞∆°ng con d√¢u nh∆∞ con ru·ªôt.c√≥ bn c≈©ng cho v√† vun v√©n cho con.hi·ªÅn v√† d·ªÖ t√≠nh c·ª±c k·ª≥.th∆∞∆°ng m·∫π l·∫Øm lu√¥n.,1,5d ago,https://www.tiktok.com/@sau.drama/video/7522016067275820309
"{'username': '@MS4wLjABAAAA7ugN4ntJq4qMenDx4I-NBkNtTACOpSQUuVzfiYXLNsxCT64xWuJYl602OqnSjLzv', 'avatar_url': 'https://p16-sign-sg.tiktokcdn.com/tos-alisg-avt-0068/5011d396185d075a7298ffafe0dcff9c~tplv-tiktokx-cropcenter:100:100.jpg?dr=14579&refresh_token=e08d2c1f&x-expires=1752080400&x-signature=bg5T3c6iv8iK5CWNNP1wdAvY1ZQ%3D&t=4d5b0474&ps=13740610&shp=30310797&shcp=ff37627b&idc=my'}",th·ªùi bu·ªïi nh∆∞ v·∫≠y c√≤n nh∆∞ v·∫≠y g·∫∑p tao kh·ªèi l·∫•y ck,2,1w ago,https://www.tiktok.com/@sau.drama/video/7522016067275820309
"{'username': '@mthu_110824', 'avatar_url': 'https://p16-sign-sg.tiktokcdn.com/tos-alisg-avt-0068/f55c4f0158808cde8dfe9721adbccec9~tplv-tiktokx-cropcenter:100:100.jpg?dr=14579&refresh_token=520f6625&x-expires=1752080400&x-signature=1pRexPJRFT39hF2%2BFWrRMhXy8wU%3D&t=4d5b0474&ps=13740610&shp=30310797&shcp=ff37627b&idc=my'}","th·ªùi ƒë·∫°i n√†o r·ªìi, v·∫≠y c√°i n·∫øt m·∫π ck cx ch·∫£ b·ªÅn l√¢u n·ªïi",1,3d ago,https://www.tiktok.com/@sau.drama/video/7522016067275820309
"{'username': '@bella83868386', 'avatar_url': 'https://p16-sign-sg.tiktokcdn.com/tos-alisg-avt-0068/b3796856d9c6bfaeb035289cb07c62af~tplv-tiktokx-cropcenter:100:100.jpg?dr=14579&refresh_token=4e15fb9b&x-expires=1752080400&x-signature=PhtT4d3hLcq0Y7bRSnlm0d1JYi0%3D&t=4d5b0474&ps=13740610&shp=30310797&shcp=ff37627b&idc=my'}",m·∫π ck m√† b√† n√†o ch·∫£ th√≠ch tr√™n c∆° d√¢u ƒë·ªÉ b·∫Øt n·∫°t,1,4d ago,https://www.tiktok.com/@sau.drama/video/7522016067275820309
"{'username': '@emyeu.10', 'avatar_url': 'https://p16-sign-sg.tiktokcdn.com/tos-alisg-avt-0068/9d64a3dd18e9252b486b74c3f4287218~tplv-tiktokx-cropcenter:100:100.jpg?dr=14579&refresh_token=f7a6aa64&x-expires=1752080400&x-signature=NLOytDh9zL1P%2BoU29SLSv%2FkaS2A%3D&t=4d5b0474&ps=13740610&shp=30310797&shcp=ff37627b&idc=my'}",·ª¶a n√≥i ch·ª© m·∫π ck tui c≈©ng l√†m v·∫≠y n√® t·∫°i d√¢y r·ªông qu√° ƒëeo v·∫≠y cho l·∫π.Ch·ª© v·ªÅ nh√† ck m·∫π ch·ªìng d·ªÖ t√≠nh h∆°n tui n·ªØa üòå l√†m g√¨ ƒë√¢u m√† l√†m qu√° l√™n v·∫≠y tr·ªùi,2,6d ago,https://www.tiktok.com/@sau.drama/video/7522016067275820309
"{'username': '@8131492278n', 'avatar_url': 'https://p16-sign-sg.tiktokcdn.com/tos-alisg-avt-0068/18fc0a3749d3873210c33ae372ae63d1~tplv-tiktokx-cropcenter:100:100.jpg?dr=14579&refresh_token=623c23d4&x-expires=1752080400&x-signature=B0A%2BJah0cHMkn6U7JQAnTMFls8A%3D&t=4d5b0474&ps=13740610&shp=30310797&shcp=ff37627b&idc=my'}",b√† th·ª© 2 gi·ªëng mia l√™,2,6d ago,https://www.tiktok.com/@sau.drama/video/7522016067275820309
"{'username': '@huonn888', 'avatar_url': 'https://p16-sign-useast2a.tiktokcdn.com/tos-useast2a-avt-0068-giso/0faf3c97979bbdc0a8dde31dcdf94aa4~tplv-tiktokx-cropcenter:100:100.jpg?dr=14579&refresh_token=1b6d6a9d&x-expires=1752080400&x-signature=S9n1ar3E%2B0hQM8fcYJnN2aUi8N0%3D&t=4d5b0474&ps=13740610&shp=30310797&shcp=ff37627b&idc=my2'}","M·∫•y c√°i ng√†y nh∆∞ ng√†y c∆∞·ªõi kh√° thi√™ng nh√©, ch·ªã m√¨nh l√∫c ƒë∆∞a d√¢u v·ªÅ nh√† ck v√†o ph√≤g ng·ªìi ngay l√™n g·ªëi n√≥i chug m·∫πo √≠ ƒë√∫g l√† gi·ªù m·∫π ck k d√°m g√¢y s·ª± lu√¥n",2,1w ago,https://www.tiktok.com/@sau.drama/video/7522016067275820309
"{'username': '@tu.an752', 'avatar_url': 'https://p16-sign-sg.tiktokcdn.com/tos-alisg-avt-0068/21cdf110a9b180179cf50b021df436a8~tplv-tiktokx-cropcenter:100:100.jpg?dr=14579&refresh_token=b46eecb8&x-expires=1752080400&x-signature=O74GfEZQiCV7E9o31oLVt%2FAkV7Y%3D&t=4d5b0474&ps=13740610&shp=30310797&shcp=ff37627b&idc=my2'}","M·∫π ck tui ƒë∆∞a t√¥i ƒëi ch·ªçn ki·ªÅng, xong 2 m·∫π con c√≤n t·∫≠p tr∆∞·ªõc v√¨ s·ª£ ƒë·∫øn h√¥m l·ªÖ c∆∞·ªõi l·∫°i s·ª£ g√£y ki·ªÅng akakak",2,1w ago,https://www.tiktok.com/@sau.drama/video/7522016067275820309
"{'username': '@tho.thanh2089', 'avatar_url': 'https://p16-sign-sg.tiktokcdn.com/tos-alisg-avt-0068/52a8a9941ab5c12bdb37c7d808605391~tplv-tiktokx-cropcenter:100:100.jpg?dr=14579&refresh_token=7a2c0d3f&x-expires=1752080400&x-signature=TNP9NZjQZPEVhDTcQ3A9a%2FL5vfI%3D&t=4d5b0474&ps=13740610&shp=30310797&shcp=ff37627b&idc=my2'}",Gi·ªëng c√¢u ƒëeo g√¥ng v√†o c·ªï,2,6d ago,https://www.tiktok.com/@sau.drama/video/7522016067275820309
"{'username': '@pthuydi20', 'avatar_url': 'https://p9-sign-sg.tiktokcdn.com/tos-alisg-avt-0068/4609d2d0414490d97a0a739b2331e6e7~tplv-tiktokx-cropcenter:100:100.jpg?dr=14579&refresh_token=7c1832fa&x-expires=1752080400&x-signature=boAWuVU1MN%2FA8XO%2FYvD8PKtosqk%3D&t=4d5b0474&ps=13740610&shp=30310797&shcp=ff37627b&idc=my2'}",L√† sao mn ko hi·ªÉu,2,1w ago,https://www.tiktok.com/@sau.drama/video/7522016067275820309
"{'username': '@thuyduy2706', 'avatar_url': 'https://p16-sign-sg.tiktokcdn.com/tos-alisg-avt-0068/b4a43701cc075b31a1790f3e25683455~tplv-tiktokx-cropcenter:100:100.jpg?dr=14579&refresh_token=2485f0c7&x-expires=1752080400&x-signature=GcnGz7AP2DcwwuzMjg%2BzxwwZGm0%3D&t=4d5b0474&ps=13740610&shp=30310797&shcp=ff37627b&idc=my2'}",Th·∫•y C√¥ d√¢u c≈©ng bu·ªìn ch·∫Øc c≈©ng bi·∫øt √Ω b√† gi√† Ck,2,6d ago,https://www.tiktok.com/@sau.drama/video/7522016067275820309
"{'username': '@loanli31', 'avatar_url': 'https://p16-sign-sg.tiktokcdn.com/tos-alisg-avt-0068/a7f6ff29690e747404095b18529b141a~tplv-tiktokx-cropcenter:100:100.jpg?dr=14579&refresh_token=63d5ca22&x-expires=1752080400&x-signature=IikCe9takJHg1v0uPVi2Az111Ts%3D&t=4d5b0474&ps=13740610&shp=30310797&shcp=ff37627b&idc=my2'}",Mu·ªën tr√™n c∆° theo ki·ªÉu n√†y th√¨ tr·ªìng nhi·ªÅu c·ªông x√≠u üòÇüòÇüòÇ,1,4d ago,https://www.tiktok.com/@sau.drama/video/7522016067275820309
"{'username': '@thanhtra140', 'avatar_url': 'https://p16-sign-sg.tiktokcdn.com/tos-alisg-avt-0068/4756bbe0a8bd27254b1b03bb9420a91a~tplv-tiktokx-cropcenter:100:100.jpg?dr=14579&refresh_token=f5eae214&x-expires=1752080400&x-signature=4f4UxoV26mqUkWbjxbXmMcEm8Hc%3D&t=4d5b0474&ps=13740610&shp=30310797&shcp=ff37627b&idc=my2'}",k ai ƒëeo ki·ªÉu z h·∫øt,2,6d ago,https://www.tiktok.com/@sau.drama/video/7522016067275820309
"{'username': '@shingjian', 'avatar_url': 'https://p9-sign-sg.tiktokcdn.com/tos-alisg-avt-0068/f07b8a1c6b0728dca71a45956de96396~tplv-tiktokx-cropcenter:100:100.jpg?dr=14579&refresh_token=784a26ae&x-expires=1752080400&x-signature=3aV9HOsCtSFAhU14RyNa124g8XM%3D&t=4d5b0474&ps=13740610&shp=30310797&shcp=ff37627b&idc=my2'}",ai c≈©ng ƒëc ƒëeo g√¥ng v√†ng nha,2,1w ago,https://www.tiktok.com/@sau.drama/video/7522016067275820309
"{'username': '@bocuaban95', 'avatar_url': 'https://p9-sign-sg.tiktokcdn.com/tos-alisg-avt-0068/91a06fb1310801ac2c2cf36ee7774206~tplv-tiktokx-cropcenter:100:100.jpg?dr=14579&refresh_token=19c174dd&x-expires=1752080400&x-signature=bbZudAAcuyZtTsV%2BfiNlLcPy4NM%3D&t=4d5b0474&ps=13740610&shp=30310797&shcp=ff37627b&idc=my2'}",tao th∆∞·ªùng ƒëeo g√¥ng cho b√© c√∫n nh√† tao b·∫±ng c√°ch th√°o ra r·ªìi c√†i v√¥..,1,4d ago,https://www.tiktok.com/@sau.drama/video/7522016067275820309
"{'username': '@tramtran04037', 'avatar_url': 'https://p16-sign-sg.tiktokcdn.com/tos-alisg-avt-0068/cd1bf9d47e45e55071501cb3178ff9c5~tplv-tiktokx-cropcenter:100:100.jpg?dr=14579&refresh_token=de0cb75d&x-expires=1752080400&x-signature=BoPWlOoYjZS7K4ElXRSiepS6qj0%3D&t=4d5b0474&ps=13740610&shp=30310797&shcp=ff37627b&idc=my2'}","m·ªët th√≠ d·ª• c√≥ ƒë√≤i l·∫°i c√°i b·∫£ n√≥i:""·ªßa l√∫c ƒë√≥ t ƒë√¢u c√≥ ƒëeo cho m""
eo √¥iiiü§°",1,5d ago,https://www.tiktok.com/@sau.drama/video/7522016067275820309
"{'username': '@ebeieun', 'avatar_url': 'https://p16-sign-sg.tiktokcdn.com/tos-alisg-avt-0068/dd16741da09d7260cd612b96036a3024~tplv-tiktokx-cropcenter:100:100.jpg?dr=14579&refresh_token=68a80a23&x-expires=1752080400&x-signature=%2BRW4Qauy%2FlEQWXBJ2kFd%2B7RfLDw%3D&t=4d5b0474&ps=13740610&shp=30310797&shcp=ff37627b&idc=my2'}",L√† sao,1,5d ago,https://www.tiktok.com/@sau.drama/video/7522016067275820309
"{'username': '@akaired2', 'avatar_url': 'https://p16-sign-sg.tiktokcdn.com/tos-alisg-avt-0068/41021a3448ffbcc1bdab8ceda0453d22~tplv-tiktokx-cropcenter:100:100.jpg?dr=14579&refresh_token=f4e96ec7&x-expires=1752080400&x-signature=8%2B3IlNMy%2By7n%2BbzxhWSY6vkvxNI%3D&t=4d5b0474&ps=13740610&shp=30310797&shcp=ff37627b&idc=my2'}",nhg v√≤ng n√†o ch·∫£ c√≥ ch·ªó th√°o ƒë·ªÉ ƒëeo v√†o sao l·∫°i ƒëeo th·∫ø ?,2,1w ago,https://www.tiktok.com/@sau.drama/video/7522016067275820309
"{'username': '@vinhday1234', 'avatar_url': 'https://p16-sign-sg.tiktokcdn.com/tos-alisg-avt-0068/7fe540986532ff7fbebafe51f8836f34~tplv-tiktokx-cropcenter:100:100.jpg?dr=14579&refresh_token=80f148ff&x-expires=1752080400&x-signature=6v39ySc%2FKw%2BI66sfEkW4JUwHnyU%3D&t=4d5b0474&ps=13740610&shp=30310797&shcp=ff37627b&idc=my2'}",th·ª© kinh d·ªã ·ªü ƒë√¢y l√† c·ªông ƒë·ªìng m·∫°ng,1,5d ago,https://www.tiktok.com/@sau.drama/video/7522016067275820309
"{'username': '@huongduong5411', 'avatar_url': 'https://p16-sign-useast2a.tiktokcdn.com/tos-useast2a-avt-0068-aiso/a6e75a71fca20967399e87225817647d~tplv-tiktokx-cropcenter:100:100.jpg?dr=14579&refresh_token=dbbcb242&x-expires=1752080400&x-signature=v8RAEl9LWByNiNXp%2FN%2BvytG9V%2Bs%3D&t=4d5b0474&ps=13740610&shp=30310797&shcp=ff37627b&idc=my2'}",t k bi·∫øt m·∫πo g√¨ nh∆∞ng t√≥c c√¥ d√¢u ch·∫£i chu·ªët ƒë·∫πp ƒë·∫Ω r tr√≤ng ki·ªÉu n√†y h·ªèng t√≥c th√¨ kh√≥ ch·ªãu l·∫Øm üôÇ,1,6d ago,https://www.tiktok.com/@sau.drama/video/7522016067275820309
"{'username': '@cogaidepnhat0', 'avatar_url': 'https://p16-sign-sg.tiktokcdn.com/tos-alisg-avt-0068/a8e2327c2507bc6e555c82ddcb5ef131~tplv-tiktokx-cropcenter:100:100.jpg?dr=14579&refresh_token=d2005e23&x-expires=1752080400&x-signature=t5o7XhBqAkUUZ7J%2F4PmKKGr3LVU%3D&t=4d5b0474&ps=13740610&shp=30310797&shcp=ff37627b&idc=my2'}",l·∫°y n√≥ ko c√≥ g·ªü ƒëc m·∫•y m√° ∆°i t th·∫•y d√¢y chuy·ªÅn ƒë√≥ 1 l·∫ßn r √°üò≠,0,5h ago,https://www.tiktok.com/@sau.drama/video/7522016067275820309
"{'username': '@dau.siu.cute.864', 'avatar_url': 'https://p16-sign-sg.tiktokcdn.com/tos-alisg-avt-0068/f92a26d7ce96fb71793c146df2fbea46~tplv-tiktokx-cropcenter:100:100.jpg?dr=14579&refresh_token=5e02f371&x-expires=1752080400&x-signature=DW%2BbmQslpEAN96v4kClHPELLptw%3D&t=4d5b0474&ps=13740610&shp=30310797&shcp=ff37627b&idc=my2'}",nhanh tr√≠ √¥m v√†ng b·ªè tr·ªën,1,5d ago,https://www.tiktok.com/@sau.drama/video/7522016067275820309
"{'username': '@tran.uyen9712', 'avatar_url': 'https://p16-sign-sg.tiktokcdn.com/tos-alisg-avt-0068/bc5f55aab9713640d4fc1b04c2baab12~tplv-tiktokx-cropcenter:100:100.jpg?dr=14579&refresh_token=8ad5c5f4&x-expires=1752080400&x-signature=QgMFxy%2FqEx9REwTKvsJTYK2dOOk%3D&t=4d5b0474&ps=13740610&shp=30310797&shcp=ff37627b&idc=my2'}",√ù nghƒ©a l√† j v·∫≠y ·∫° ü•∞,0,10h ago,https://www.tiktok.com/@sau.drama/video/7522016067275820309
"{'username': '@ecec_3', 'avatar_url': 'https://p9-sign-sg.tiktokcdn.com/tos-alisg-avt-0068/f8e7fcbd9712fe4cec572ae6a46da4c1~tplv-tiktokx-cropcenter:100:100.jpg?dr=14579&refresh_token=75806f5e&x-expires=1752080400&x-signature=%2BslS%2BTwf9QNg5YAiZqJ1vPl%2FQNk%3D&t=4d5b0474&ps=13740610&shp=30310797&shcp=ff37627b&idc=my2'}",[h·∫π h·∫π],0,6h ago,https://www.tiktok.com/@sau.drama/video/7522016067275820309
"{'username': '@conghau271199', 'avatar_url': 'https://p16-sign-sg.tiktokcdn.com/tos-alisg-avt-0068/10a41b1f2f87681ec214d8466a09b3a7~tplv-tiktokx-cropcenter:100:100.jpg?dr=14579&refresh_token=a6182433&x-expires=1752080400&x-signature=YIAfyw3WP%2FYr4GYjQFRX%2FeQ3hEA%3D&t=4d5b0474&ps=13740610&shp=30310797&shcp=ff37627b&idc=my2'}",Ki·ªÉu v·∫≠y l√† tr√≥i bu·ªôc con d√¢u r·ªìi,0,7h ago,https://www.tiktok.com/@sau.drama/video/7522016067275820309
"{'username': '@nhakhoahanoi_tptran03', 'avatar_url': 'https://p16-sign-sg.tiktokcdn.com/tos-alisg-avt-0068/ceca925c60ffa6132636bea2e0aa9a00~tplv-tiktokx-cropcenter:100:100.jpg?dr=14579&refresh_token=b28de765&x-expires=1752080400&x-signature=p9lVlMW%2FpC%2FU81SZdb4cTCrQvgE%3D&t=4d5b0474&ps=13740610&shp=30310797&shcp=ff37627b&idc=my2'}",√™ c·ª© c√≥ v√†ng ƒëeo cho t th√¨ ƒëeo ki·ªÉu g√¨ t cunhx l·∫•y √°,0,1d ago,https://www.tiktok.com/@sau.drama/video/7522016067275820309
