user_title,user_subtitle,avatar_url,bio,username,following,followers,likes,first_link_url,first_link_text
vuhoangphuongnam,VÅ© HoÃ ng PhÆ°Æ¡ng Nam,https://p16-sign-sg.tiktokcdn.com/tos-alisg-avt-0068/b49bf49e0f6cbd84fd522d7c28aa7bc5~tplv-tiktokx-cropcenter:1080:1080.jpeg?dr=14579&refresh_token=e8410edd&x-expires=1753372800&x-signature=XjKvWuwrSOCBpcpi6l5edB2KWtg%3D&t=4d5b0474&ps=13740610&shp=a5d48078&shcp=81f88b70&idc=my,SÃ¡ng sky chiá»u Ä‘Ã³m tá»‘i cáº§u lÃ´ng ğŸ¸ğŸ¸ğŸ¸,vuhoangphuongnam,11,16.1K,2.7M,,
tunvabong,TÃºn vÃ  Bá»‘ng Ä‘Ã¢y!,https://p9-sign-sg.tiktokcdn.com/tos-alisg-avt-0068/63e177f292023c95b5ab115be1c72d6b~tplv-tiktokx-cropcenter:1080:1080.jpeg?dr=14579&refresh_token=3bcefe96&x-expires=1753372800&x-signature=xnD82GqtIcsbAlS82t64C2Hu8iI%3D&t=4d5b0474&ps=13740610&shp=a5d48078&shcp=81f88b70&idc=my,No bio yet.,tunvabong,15,58K,969.5K,,
gianghomang247,GIANG Há»’ Máº NG,https://p16-sign-sg.tiktokcdn.com/tos-alisg-avt-0068/bab693943542aeae7dc5e83f66f705c6~tplv-tiktokx-cropcenter:1080:1080.jpeg?dr=14579&refresh_token=1cb9fd0a&x-expires=1753372800&x-signature=9BabFU3h0AOz9R7cRpwksE1rcuA%3D&t=4d5b0474&ps=13740610&shp=a5d48078&shcp=81f88b70&idc=my,No bio yet.,gianghomang247,0,79.9K,2.6M,,
fullwarp,fullwarp,https://p16-sign-va.tiktokcdn.com/tos-maliva-avt-0068/59b90e4f8c57cfb79ecb3a53ec435b29~tplv-tiktokx-cropcenter:1080:1080.jpeg?dr=14579&refresh_token=a59f98f4&x-expires=1753372800&x-signature=19xk1gbljER9iLzidfX4BSZjxTY%3D&t=4d5b0474&ps=13740610&shp=a5d48078&shcp=81f88b70&idc=my,"weird AI experiments

AI coaching / workflow / prompting
â¬‡ï¸",fullwarp,59,825.7K,42.2M,https://www.tiktok.com/link/v2?aid=1988&lang=en&scene=bio_url&target=linktr.ee%2Ffullwarp,linktr.ee/fullwarp
plxhvn2,Tin NÃ³ng HÃ ng NgÃ y,https://p16-sign-va.tiktokcdn.com/tos-maliva-avt-0068/dac88c1ce9d059dcc70d7144dfde9553~tplv-tiktokx-cropcenter:1080:1080.jpeg?dr=14579&refresh_token=87f04126&x-expires=1753372800&x-signature=99zvNF1WknMi6S6UebvoI4JR28k%3D&t=4d5b0474&ps=13740610&shp=a5d48078&shcp=81f88b70&idc=my,"Cáº­p nháº­t tin tá»©c phÃ¡p luáº­t xÃ£ há»™i má»›i nháº¥t, tin nÃ³ng thá»i sá»± hÃ ng ngÃ y #plxhvn",plxhvn2,0,316.1K,17.2M,,
khanhlinhtran02,KhÃ¡nh Linh FF ğŸ€,https://p16-sign-sg.tiktokcdn.com/tos-alisg-avt-0068/84b80e180b6c71723d7a417a0cc008ac~tplv-tiktokx-cropcenter:1080:1080.jpeg?dr=14579&refresh_token=72ffb249&x-expires=1753372800&x-signature=3ZN9%2FnW64XvNUEBbpAgUozl7CwE%3D&t=4d5b0474&ps=13740610&shp=a5d48078&shcp=81f88b70&idc=my,"Lhcv: i gá» : Klinh_m
Phá»¥ @Linh NÆ°á»›c Ã‰p 
 Cáº§n acc uy tÃ­n giÃ¡ ráº» vÃ´ Ä‘Ã¢y nhağŸ‘‡ğŸ¼",khanhlinhtran02,77,1.2M,16.7M,https://www.tiktok.com/link/v2?aid=1988&lang=en&scene=bio_url&target=https%3A%2F%2Fbeacons.ai%2Fkhanhlinhfff,beacons.ai/khanhlinhfff
letuankhang2002,LÃª Tuáº¥n Khang,https://p16-sign-sg.tiktokcdn.com/tos-alisg-avt-0068/ff378af39120d4eb668eef664f92098a~tplv-tiktokx-cropcenter:1080:1080.jpeg?dr=14579&refresh_token=579c1f6d&x-expires=1753372800&x-signature=WpgdB0gxY9MIbB8cpvuMlsl8AaI%3D&t=4d5b0474&ps=13740610&shp=a5d48078&shcp=81f88b70&idc=my,"Cuá»™c sá»‘ng á»Ÿ quÃª em, yÃªn bÃ¬nh vÃ  giáº£n dá»‹!",letuankhang2002,3,13.4M,134.2M,https://www.tiktok.com/link/v2?aid=1988&lang=en&scene=bio_url&target=https%3A%2F%2Fwww.facebook.com%2Fkhang.letuan.90260,www.facebook.com/khang.letuan.90260
dramin.vn,DRAMIN,https://p16-sign-sg.tiktokcdn.com/tos-alisg-avt-0068/945527b2bf4251b24fbd34f33d66880a~tplv-tiktokx-cropcenter:1080:1080.jpeg?dr=14579&refresh_token=fe9238f7&x-expires=1753372800&x-signature=xc%2FK6UUBnPVRABy6FTjLiSaCWoU%3D&t=4d5b0474&ps=13740610&shp=a5d48078&shcp=81f88b70&idc=my,"Thiáº¿u gÃ¬ thÃ¬ thiáº¿u, Ä‘á»«ng thiáº¿u Vitamin Drama má»—i ngÃ y
ZALO: 085 775 9559",dramin.vn,18,226K,24.9M,,
tramtruong175,TrÃ¢m TrÆ°Æ¡ng,https://p16-sign-sg.tiktokcdn.com/tos-alisg-avt-0068/7331769396764868610~tplv-tiktokx-cropcenter:1080:1080.jpeg?dr=14579&refresh_token=8386d556&x-expires=1753372800&x-signature=9V7WT2RyuuCZoLIF3Es2goAhD%2FE%3D&t=4d5b0474&ps=13740610&shp=a5d48078&shcp=81f88b70&idc=my,No bio yet.,tramtruong175,435,18.2K,307K,,
splivetinnong.com,ğ’ğğ‹ğˆğ•ğ„ ğ“ğ¢ğ§ ğğ¨Ìğ§ğ ,https://p16-sign-sg.tiktokcdn.com/tos-alisg-avt-0068/fbfa5d5f72fdbe6c22ddd833475e8322~tplv-tiktokx-cropcenter:1080:1080.jpeg?dr=14579&refresh_token=33bf044f&x-expires=1753372800&x-signature=LFlZiCsH%2B7tGTF0vXfYDUtPi9aw%3D&t=4d5b0474&ps=13740610&shp=a5d48078&shcp=81f88b70&idc=my,No bio yet.,splivetinnong.com,3,29.5K,472.2K,,
quannguyenpuleofficial,QuÃ¢n Nguyá»…n - Pu LÃª Official,https://p16-sign-sg.tiktokcdn.com/tos-alisg-avt-0068/0f73b0295dcf70a081fc5d5a8203a7d9~tplv-tiktokx-cropcenter:1080:1080.jpeg?dr=14579&refresh_token=07a680d4&x-expires=1753372800&x-signature=O8SRybQSNZ33vs0mJjmrYVz9Smo%3D&t=4d5b0474&ps=13740610&shp=a5d48078&shcp=81f88b70&idc=my,"ğŸ“ Há»c viá»‡n QuÃ¢n Nguyá»…n Pu LÃª
ğŸ’„ ÄÃ o táº¡o Makeup & Hair 
â˜ï¸ Hotline: 078 661 464",quannguyenpuleofficial,1521,613.8K,36.1M,,
24h.sports,24h.Sports,https://p16-sign-sg.tiktokcdn.com/tos-alisg-avt-0068/7ea7f116911e5940a1ec3895a456a510~tplv-tiktokx-cropcenter:1080:1080.jpeg?dr=14579&refresh_token=f79a8ac7&x-expires=1753372800&x-signature=wtgpTLUdkK%2FOo1yM5vyW7Ff3svk%3D&t=4d5b0474&ps=13740610&shp=a5d48078&shcp=81f88b70&idc=my,"Tin tá»©c bÃ³ng Ä‘Ã¡ thá»ƒ thao, video highlight nhanh nháº¥t táº¡i www.24h.com.vn",24h.sports,8,1.4M,83.8M,https://www.tiktok.com/link/v2?aid=1988&lang=en&scene=bio_url&target=24h.com.vn,24h.com.vn
b.d.thuan,ThÃ¹n ThÃ¹n ğŸ˜¶â€ğŸŒ«ï¸,https://p16-sign-sg.tiktokcdn.com/tos-alisg-avt-0068/50f1faa7c62f47c0ccf6fda641a64618~tplv-tiktokx-cropcenter:1080:1080.jpeg?dr=14579&refresh_token=559bd7a8&x-expires=1753372800&x-signature=VguICs%2FdiKSJYG4Fe1He90EZaX8%3D&t=4d5b0474&ps=13740610&shp=a5d48078&shcp=81f88b70&idc=my,NhÃ¢n sinh trÄƒm vá»‹ tuá»³ Ã½ lÃ  Ä‘Æ°á»£c :)),b.d.thuan,101,2345,420.9K,,
cahebietnhayy,CÃ¡ há» biáº¿t nháº£y ğŸ©µ,https://p9-sign-sg.tiktokcdn.com/tos-alisg-avt-0068/fde341ee806307535716357b9b01f32b~tplv-tiktokx-cropcenter:1080:1080.jpeg?dr=14579&refresh_token=cd1077ee&x-expires=1753372800&x-signature=xtUDYQo9oGonrMY1oU53FYv02LQ%3D&t=4d5b0474&ps=13740610&shp=a5d48078&shcp=81f88b70&idc=my,"Má»¤C TIÃŠU 2M FOLLOW ğŸ«¶ğŸ»âœ¨
Job : jcorner1311@gmail.com",cahebietnhayy,40,1.8M,43.7M,,
daccongnuoc93,Bá»™ Äá»™i Äáº·c CÃ´ngğŸ‡»ğŸ‡³,https://p16-sign-sg.tiktokcdn.com/tos-alisg-avt-0068/e76c60d56317dc5483832ff16b05058f~tplv-tiktokx-cropcenter:1080:1080.jpeg?dr=14579&refresh_token=2fd39f79&x-expires=1753372800&x-signature=hklMsSYArJvHMQx0nGhMrG8%2FhUA%3D&t=4d5b0474&ps=13740610&shp=a5d48078&shcp=81f88b70&idc=my,"Äáº·c CÃ´ng NÆ°á»›c RÃ¨n Luyá»‡n Cá»©u Há»™ Cá»©u Náº¡n 
Zalo: 0.8.6.5.4.9.4.8.7.2",daccongnuoc93,211,172.7K,3.1M,,
phth29,BÃ² ğŸ„,https://p16-sign-sg.tiktokcdn.com/tos-alisg-avt-0068/de61d07018dde760073cc0f0bd94f8a5~tplv-tiktokx-cropcenter:1080:1080.jpeg?dr=14579&refresh_token=8039b059&x-expires=1753372800&x-signature=7gsakFFjmBsU2pf4CrtI3onl1W8%3D&t=4d5b0474&ps=13740610&shp=a5d48078&shcp=81f88b70&idc=my,No bio yet.,phth29,7927,94.8K,5.1M,,
bmi.thuongw,ThÆ°Æ¡ng BÃ¡nh MÃ¬,https://p16-sign-sg.tiktokcdn.com/tos-alisg-avt-0068/ef8f29b36d2b70c0e258a6a8fc5fb012~tplv-tiktokx-cropcenter:1080:1080.jpeg?dr=14579&refresh_token=c4ce03f0&x-expires=1753372800&x-signature=bGxF9Q%2FySP8y0wCvRthAIC6ekW4%3D&t=4d5b0474&ps=13740610&shp=a5d48078&shcp=81f88b70&idc=my,No bio yet.,bmi.thuongw,8,1574,235.6K,,
_halinhtran_,Tráº§n HÃ  Linh ğŸ°,https://p16-sign-sg.tiktokcdn.com/tos-alisg-avt-0068/9d4b25227ef8bf3c3a438dec013230ef~tplv-tiktokx-cropcenter:1080:1080.jpeg?dr=14579&refresh_token=2cf12f10&x-expires=1753372800&x-signature=JLoTm4iRQ3m74K6tKsJ3DlA29Ws%3D&t=4d5b0474&ps=13740610&shp=a5d48078&shcp=81f88b70&idc=my,"Nháº­n job liÃªn há»‡ cÃ¡c mxh dÆ°á»›i
@Äáº·c vá»¥ meo meo",_halinhtran_,85,2.2M,73M,https://www.tiktok.com/link/v2?aid=1988&lang=en&scene=bio_url&target=https%3A%2F%2Fbeacons.ai%2Fhalinhxinhxinh,beacons.ai/halinhxinhxinh
hoanglananh31,HoÃ ng Lan Anh,https://p16-sign-sg.tiktokcdn.com/tos-alisg-avt-0068/53ac2204ab410d70e17529ee83456eb2~tplv-tiktokx-cropcenter:1080:1080.jpeg?dr=14579&refresh_token=f288d1e8&x-expires=1753372800&x-signature=ps1E4eLGIqQZkc%2BNDJyaqiGEmvg%3D&t=4d5b0474&ps=13740610&shp=a5d48078&shcp=81f88b70&idc=my,FOR JOB: 0902459204 (zl),hoanglananh31,69,3.5M,104.1M,https://www.tiktok.com/link/v2?aid=1988&lang=en&scene=bio_url&target=https%3A%2F%2Fwww.facebook.com%2Fshare%2F16vqcs8eLu%2F%3Fmibextid%3DwwXIfr,www.facebook.com/share/16vqcs8eLu/?mibextid=wwXIfr
duongxuantruong29,DÆ°Æ¡ng XuÃ¢n TrÆ°á»ng,https://p16-sign-sg.tiktokcdn.com/tos-alisg-avt-0068/6dd08c81766e41021f2cf232db29edbb~tplv-tiktokx-cropcenter:1080:1080.jpeg?dr=14579&refresh_token=0bffe202&x-expires=1753372800&x-signature=Iow2pojrqL2HjnXRcJtuH6fII24%3D&t=4d5b0474&ps=13740610&shp=a5d48078&shcp=81f88b70&idc=my,Trá»Ÿ Láº¡i Vá»›i Äam MÃªâ¤ï¸,duongxuantruong29,1314,1.7M,65.4M,,
vang.thi.xoa0,Thá»‹ xoa .,https://p16-sign-sg.tiktokcdn.com/tos-alisg-avt-0068/91caa13e4ddcd944f5b2b54e147fb06a~tplv-tiktokx-cropcenter:1080:1080.jpeg?dr=14579&refresh_token=ab16dd8c&x-expires=1753372800&x-signature=Q%2FveuzcjtjyT%2B0bfdwqU3G2evug%3D&t=4d5b0474&ps=13740610&shp=a5d48078&shcp=81f88b70&idc=my,".""chá»‰ hai tá»« Ä‘Ã³ lÃ :follo .""
         â™¥ï¸ğŸ¥°",vang.thi.xoa0,181,33.2K,789.4K,,
dinhthiyenngoc_1998,Shop bÃ© Ngá»c chÃ¢n voi,https://p16-sign-sg.tiktokcdn.com/tos-alisg-avt-0068/ad1e0c97bf46ea8ca85ad9008604cde3~tplv-tiktokx-cropcenter:1080:1080.jpeg?dr=14579&refresh_token=b9937ecc&x-expires=1753372800&x-signature=Xlq9wcaBsLSu5%2BKj5miMQYe40m8%3D&t=4d5b0474&ps=13740610&shp=a5d48078&shcp=81f88b70&idc=my,https://youtube.com/@ngocchanvoi?si=hYdXCuXPVi8Pd_lT,dinhthiyenngoc_1998,23,80.3K,304.9K,,
tra.dang.904,â˜˜ï¸TrÃ  Äáº·ngâ˜˜ï¸,https://p16-sign-va.tiktokcdn.com/tos-maliva-avt-0068/f3dc33d68b524d07a0c64f56dd93fb75~tplv-tiktokx-cropcenter:1080:1080.jpeg?dr=14579&refresh_token=396519a2&x-expires=1753372800&x-signature=PEBtKERBt%2B6wVTkSa%2FOTnZVzwcM%3D&t=4d5b0474&ps=13740610&shp=a5d48078&shcp=81f88b70&idc=my,"TikTok Creator 
ğŸ“©: tra.dang.904@gmail.com
CEO ThÆ°Æ¡ng Hiá»‡u @TrÃ  Äáº·ng Cosmetics",tra.dang.904,115,21.4M,487.7M,https://www.tiktok.com/link/v2?aid=1988&lang=en&scene=bio_url&target=https%3A%2F%2Fwww.facebook.com%2FTra.Dang.990.NQD,www.facebook.com/Tra.Dang.990.NQD
_dieulinh16_,ğ““ğ“²ğ“®Ì£Ì‚ğ“¾ ğ“›ğ“²ğ“·ğ“±,https://p16-sign-sg.tiktokcdn.com/tos-alisg-avt-0068/2f7fb902fa41c5a948a7b69a3700e58c~tplv-tiktokx-cropcenter:1080:1080.jpeg?dr=14579&refresh_token=6fabebd1&x-expires=1753372800&x-signature=9KbbY3vit%2B2OqBT3uMAsburDrEw%3D&t=4d5b0474&ps=13740610&shp=a5d48078&shcp=81f88b70&idc=my,"Instagram : _dieulinh16_ 
ğŸ“© : forworkdieulinh@gmail.com",_dieulinh16_,122,3.7M,146.6M,https://www.tiktok.com/link/v2?aid=1988&lang=en&scene=bio_url&target=https%3A%2F%2Fbeacons.ai%2Fngdiuninh,beacons.ai/ngdiuninh
dong.200301_,ÄÃ´ng ÄÃ¢y,https://p16-sign-sg.tiktokcdn.com/tos-alisg-avt-0068/f785a5e5416be22dfcb29e94db80a987~tplv-tiktokx-cropcenter:1080:1080.jpeg?dr=14579&refresh_token=fcdd6014&x-expires=1753372800&x-signature=46tRikMqGETfUfmnZVEv2R7iWnc%3D&t=4d5b0474&ps=13740610&shp=a5d48078&shcp=81f88b70&idc=my,"FB: Phan ÄÃ´ng
Threads & IG :dong.qk4
FL tui Ä‘á»ƒ tui cÃ³ thÃªm Ä‘á»™ng lá»±c nha cÃ¡c bÃ¡c",dong.200301_,79,22.5K,734.9K,,
kimanhne_36,ğŠğšğ§ğ¡ ğƒğšÌ‚ğ®ğ® ğŸ“,https://p16-sign-sg.tiktokcdn.com/tos-alisg-avt-0068/e4bc87e3f988de52ef49ce49a05903be~tplv-tiktokx-cropcenter:1080:1080.jpeg?dr=14579&refresh_token=45db70af&x-expires=1753372800&x-signature=7O2%2FWQIv%2BUoAh6MMEOo5O3Gb3MU%3D&t=4d5b0474&ps=13740610&shp=a5d48078&shcp=81f88b70&idc=my,"Contact for work 
ğˆğ : ğ¤ğšğ§ğ¡.ğ±ğ¢ğ§ğ¡ğ¡ğŸ‘ğŸ” ğŸ“
@ğ“šğ“²ğ“¶ ğ“ğ“·ğ“± ğŸ€",kimanhne_36,228,1.2M,53.8M,,
changyangg_,Eser Fang,https://p16-sign-va.tiktokcdn.com/tos-maliva-avt-0068/118f58da12ab15313ed76bdb61069ce1~tplv-tiktokx-cropcenter:1080:1080.jpeg?dr=14579&refresh_token=3a41c87e&x-expires=1753372800&x-signature=zK4qtqPmN9vvjGYmHj6C%2Biakzp0%3D&t=4d5b0474&ps=13740610&shp=a5d48078&shcp=81f88b70&idc=my,Email work: im.phuonghy24@gmail.com,changyangg_,5,156.1K,11M,,
lehoa1297,lehoa01021997,https://p16-sign-sg.tiktokcdn.com/tos-alisg-avt-0068/53825411f312537b027afca21fdc4e2d~tplv-tiktokx-cropcenter:1080:1080.jpeg?dr=14579&refresh_token=86607799&x-expires=1753372800&x-signature=MkF486DPQxda4Mlyvk1PDMODY8s%3D&t=4d5b0474&ps=13740610&shp=a5d48078&shcp=81f88b70&idc=my,"Nháº­n job - nháº­n pr sáº£n pháº©m 
Lh : @365755704",lehoa1297,55,104.8K,1M,,
linhchi.23.11,Linh Chii ğŸ±,https://p16-sign-sg.tiktokcdn.com/tos-alisg-avt-0068/a647d366ec1e7cb8dad9e2809a75a1e9~tplv-tiktokx-cropcenter:1080:1080.jpeg?dr=14579&refresh_token=ace910b5&x-expires=1753372800&x-signature=qS9BLxcT%2B3oczHgAJMQOSLvLwTo%3D&t=4d5b0474&ps=13740610&shp=a5d48078&shcp=81f88b70&idc=my,"IG : ninh.ciii_23
@ningchi_23",linhchi.23.11,960,220.7K,3.8M,,
vutuanhung.singer,VÅ© Tuáº¥n HÃ¹ng,https://p16-sign-sg.tiktokcdn.com/tos-alisg-avt-0068/7335567838645583890~tplv-tiktokx-cropcenter:1080:1080.jpeg?dr=14579&refresh_token=637b1a7b&x-expires=1753372800&x-signature=E6cLFkNDUMmK7sKdUXByYcp%2BQeM%3D&t=4d5b0474&ps=13740610&shp=a5d48078&shcp=81f88b70&idc=my,"KÃŠNH GIáº¢I TRÃ ğŸ˜ MUSIC ğŸ¤ğŸ¶
CA HÃT/NHáº C Cá»¤/NGHá»† THUáº¬T
Contact for work â¬‡ï¸ğŸ‘‡ğŸ‘‡ğŸ‘‡",vutuanhung.singer,283,519.6K,6.9M,https://www.tiktok.com/link/v2?aid=1988&lang=en&scene=bio_url&target=https%3A%2F%2Finstabio.cc%2FTuanHung-Music,instabio.cc/TuanHung-Music
maikaheree,Maika,https://p16-sign-sg.tiktokcdn.com/tos-alisg-avt-0068/bef56c7735d7e781ac6e2ef228544894~tplv-tiktokx-cropcenter:1080:1080.jpeg?dr=14579&refresh_token=68a524f2&x-expires=1753372800&x-signature=YNtaA0pfmVwjR2H6iRDEiROX3BA%3D&t=4d5b0474&ps=13740610&shp=a5d48078&shcp=81f88b70&idc=my,"ğŸ’Œmaikahere123@gmail.com
Ig:@maikaheree",maikaheree,78,304.3K,21.4M,,
ig.khalac248,Äáº­u Topic 3 ThÃ¬ Äá»•i TÃªnğŸ‡°ğŸ‡·,https://p16-sign-sg.tiktokcdn.com/tos-alisg-avt-0068/0290cc79a97801d46f3304f23ab582c4~tplv-tiktokx-cropcenter:1080:1080.jpeg?dr=14579&refresh_token=55acac0f&x-expires=1753372800&x-signature=eJ232ujuScT4NQPy5ruYy0j1p2k%3D&t=4d5b0474&ps=13740610&shp=a5d48078&shcp=81f88b70&idc=my,"For Work : Phamm86253@gmail.comğŸ“©
 ig: Khalac_248
Link sáº£n pháº©mğŸ›’ğŸ€
ğŸ‘‡ğŸ»ğŸ‘‡ğŸ»ğŸ‘‡ğŸ»",ig.khalac248,82,1.1M,69.3M,https://www.tiktok.com/link/v2?aid=1988&lang=en&scene=bio_url&target=https%3A%2F%2Flinkbio.co%2F6042419bGfcEs,linkbio.co/6042419bGfcEs
blrecordentertainment,BL RECORD ENTERTAINMENT,https://p16-sign-sg.tiktokcdn.com/tos-alisg-avt-0068/b1bf73e18f4e95e0c9f4474bf91f7308~tplv-tiktokx-cropcenter:1080:1080.jpeg?dr=14579&refresh_token=4be95115&x-expires=1753372800&x-signature=c%2B4pkWCq5lNF6G%2Fsf8rYFfA5h2Y%3D&t=4d5b0474&ps=13740610&shp=a5d48078&shcp=81f88b70&idc=my,KÃªnh chuyÃªn Ä‘Äƒng nhá»¯ng clip giáº£i trÃ­ vá» Ã¢m nháº¡c,blrecordentertainment,1755,564.1K,8.3M,,
nguyen_huynh_tien,Nguyá»…n Huá»³nh TiÃªn,https://p16-sign-sg.tiktokcdn.com/tos-alisg-avt-0068/98d8423c51cc9b4bfb3a657bcc925c3b~tplv-tiktokx-cropcenter:1080:1080.jpeg?dr=14579&refresh_token=416ab7e5&x-expires=1753372800&x-signature=Ycynf0naFeAUwgK82piexmPwzas%3D&t=4d5b0474&ps=13740610&shp=a5d48078&shcp=81f88b70&idc=my,"NICK PHá»¤ DUY NHáº¤T ( @Má»¹ Ná»¯ Há»n Dá»—i )
Ytb: @NHT-ytb
IG : huynh_tien_201
FBğŸ‘‡ğŸ»",nguyen_huynh_tien,8,2.5M,89M,https://www.tiktok.com/link/v2?aid=1988&lang=en&scene=bio_url&target=https%3A%2F%2Fwww.facebook.com%2Fshare%2F15h6aPabdA%2F%3Fmibextid%3DwwXIfr,www.facebook.com/share/15h6aPabdA/?mibextid=wwXIfr
lehuyvietanh08,Viá»‡t Anh,https://p16-sign-sg.tiktokcdn.com/tos-alisg-avt-0068/23d1b292928128cca465822ddc14d58a~tplv-tiktokx-cropcenter:1080:1080.jpeg?dr=14579&refresh_token=e22ffb3d&x-expires=1753372800&x-signature=r5D0S%2BVHLmp6hRR%2B2Y%2FKJjAML5M%3D&t=4d5b0474&ps=13740610&shp=a5d48078&shcp=81f88b70&idc=my,No bio yet.,lehuyvietanh08,70,8080,195.5K,,
datco_194,Äáº¡t Cá» Cover,https://p16-sign-sg.tiktokcdn.com/tos-alisg-avt-0068/cbfe6d203828d35dbb8a5148714b8261~tplv-tiktokx-cropcenter:1080:1080.jpeg?dr=14579&refresh_token=e0dae57e&x-expires=1753372800&x-signature=DnZ7GYxvjvwft1HPTUXcMZ%2Bpu4M%3D&t=4d5b0474&ps=13740610&shp=a5d48078&shcp=81f88b70&idc=my,â¤ KÃªnh REPLAY láº¡i nhá»¯ng video Cover hay nháº¥t cá»§a Äáº¡t Cá» â¤,datco_194,1,40.5K,2M,,
m.anhmlem,Minah (Mai Anh) ğŸ’,https://p9-sign-sg.tiktokcdn.com/tos-alisg-avt-0068/c928872c57c99ecdc8abaed202f9723b~tplv-tiktokx-cropcenter:1080:1080.jpeg?dr=14579&refresh_token=98eaef8f&x-expires=1753372800&x-signature=bdYzUAREPvOzrnhxhm3NRQmC0aY%3D&t=4d5b0474&ps=13740610&shp=a5d48078&shcp=81f88b70&idc=my,"Äá»“ tui dÃ¹ng á»Ÿ dÆ°á»›i link nÃ y 
Contact for work ğŸ‘‡
minahwork2712@gmail.com",m.anhmlem,289,46.3K,2.6M,https://www.tiktok.com/link/v2?aid=1988&lang=en&scene=bio_url&target=https%3A%2F%2Fbeacons.ai%2Fm.anhmlem,beacons.ai/m.anhmlem
p_shiri,Con ngÆ°á»i,https://p9-sign-sg.tiktokcdn.com/tos-alisg-avt-0068/227eb065690c1b04c2006faa10a32d88~tplv-tiktokx-cropcenter:1080:1080.jpeg?dr=14579&refresh_token=8935bad0&x-expires=1753372800&x-signature=MM4u7AblQLbgyUZ5NxwZO1uVxpk%3D&t=4d5b0474&ps=13740610&shp=a5d48078&shcp=81f88b70&idc=my,"TÃ´i k thÃ­ch mn so sÃ¡nh. Mong mn biáº¿t giá»›i háº¡n áº¡ğŸ˜”
Email: hienna.work@gmail.com",p_shiri,4,1.3M,38M,,
phiyenkhongphaiphiin,tÆ°Æ¡ii táº¯n xink xáº¯n :>,https://p16-sign-sg.tiktokcdn.com/tos-alisg-avt-0068/7dc96bdcf4fb917681e4c252865de374~tplv-tiktokx-cropcenter:1080:1080.jpeg?dr=14579&refresh_token=c9fc716c&x-expires=1753372800&x-signature=lhgFVQSUm0IOrBcfrhGY109Dx90%3D&t=4d5b0474&ps=13740610&shp=a5d48078&shcp=81f88b70&idc=my,"JUST ONE ACCOUNT ğŸ™ğŸ»âŒ
----
For work // (IG): _yieen.032
Feelinâ€™ good today!!!!!",phiyenkhongphaiphiin,128,1.4M,38.2M,https://www.tiktok.com/link/v2?aid=1988&lang=en&scene=bio_url&target=https%3A%2F%2Fhaphiyenne.passio.eco,haphiyenne.passio.eco
dvucutii,Dá»«a(æ¤°å­),https://p16-sign-sg.tiktokcdn.com/tos-alisg-avt-0068/4f2417ccc7b0fc68467efafc02256940~tplv-tiktokx-cropcenter:1080:1080.jpeg?dr=14579&refresh_token=ab33fced&x-expires=1753372800&x-signature=uT7nuF%2BZNl9S%2ByN9zINc81GspGE%3D&t=4d5b0474&ps=13740610&shp=a5d48078&shcp=81f88b70&idc=my,"Fb:TrÆ°Æ¡ng Ä‘á»©c vÅ©
Ig:T_.truong
Äá»“ trong giá» hÃ ng",dvucutii,66,257K,12.1M,https://www.tiktok.com/link/v2?aid=1988&lang=en&scene=bio_url&target=https%3A%2F%2Fwww.instagram.com%2Ft_.truong%3Figsh%3DMW9pY3RjNGp2YWY5aQ%253D%253D%26utm_source%3Dqr,www.instagram.com/t_.truong?igsh=MW9pY3RjNGp2YWY5aQ%3D%3D&utm_source=qr
that201025,T H áº¤ T ğŸ‚ğŸ”¥,https://p16-sign-sg.tiktokcdn.com/tos-alisg-avt-0068/501af3c9addf40c6948045593d872ef1~tplv-tiktokx-cropcenter:1080:1080.jpeg?dr=14579&refresh_token=f24cd7f3&x-expires=1753372800&x-signature=lM239aGK0d4FhklH%2Faq%2Ffs6%2BZw4%3D&t=4d5b0474&ps=13740610&shp=a5d48078&shcp=81f88b70&idc=my,fl acc phá»¥ voii mn oii @THáº¤TğŸ’— tÃ©n kÃ¬uğŸ¤—ğŸ˜˜,that201025,26,68.7K,1.1M,,
namanhvt11,Cáº­u Báº£y Quáº­n 3 ğŸ¦ˆ,https://p16-sign-sg.tiktokcdn.com/tos-alisg-avt-0068/4673f4b55c9b233e153a70a291008642~tplv-tiktokx-cropcenter:1080:1080.jpeg?dr=14579&refresh_token=0015e1e9&x-expires=1753372800&x-signature=Zf3Dbs8jn2OuJVN6m1D5XytRCI0%3D&t=4d5b0474&ps=13740610&shp=a5d48078&shcp=81f88b70&idc=my,ğŸ“© caubayquan3.work@gmail.com,namanhvt11,58,1.4M,47.8M,,
dangthuhaf,Äáº·ng Thu HÃ ,https://p16-sign-sg.tiktokcdn.com/tos-alisg-avt-0068/7328263982618738706~tplv-tiktokx-cropcenter:1080:1080.jpeg?dr=14579&refresh_token=006e8b13&x-expires=1753372800&x-signature=Evq0t0l3SMX3GZyQhw0SAUxJRnE%3D&t=4d5b0474&ps=13740610&shp=a5d48078&shcp=81f88b70&idc=my,"MC/Content Creator
partners@schannel.vn",dangthuhaf,3,3.7M,202.2M,,
teamsadiqcholistani,Team Sadiq Cholistani,https://p16-sign-sg.tiktokcdn.com/tos-alisg-avt-0068/e3357be9e4b1f287b58d11b711ebb919~tplv-tiktokx-cropcenter:1080:1080.jpeg?dr=14579&refresh_token=0cc741c0&x-expires=1753372800&x-signature=smzEQBtaaumxNb%2BH85FA6BtvozY%3D&t=4d5b0474&ps=13740610&shp=a5d48078&shcp=81f88b70&idc=my,Thank you guys for my support ğŸ¥°ğŸ¥°,teamsadiqcholistani,0,178.3K,4.3M,,
breaker_sakura,Sakuraâ€¢EXEğŸ”˜,https://p16-sign-sg.tiktokcdn.com/tos-alisg-avt-0068/aba909ec5d4c77aa78e744e287263f38~tplv-tiktokx-cropcenter:1080:1080.jpeg?dr=14579&refresh_token=801987c7&x-expires=1753372800&x-signature=c2rkXcmCNbgeLZBdmY0%2BAwpRRIw%3D&t=4d5b0474&ps=13740610&shp=a5d48078&shcp=81f88b70&idc=my,ch mn @Kimetsu No Yaiba,breaker_sakura,4,8597,200.4K,,
quanghien.ne,Quang Hiá»n NÃ¨ ğŸ‘‹,https://p16-sign-sg.tiktokcdn.com/tos-alisg-avt-0068/96be9309ff9e51aa62085b9a63d8a2ef~tplv-tiktokx-cropcenter:1080:1080.jpeg?dr=14579&refresh_token=53868dec&x-expires=1753372800&x-signature=U1wfcDYHywXgASD4iSynISYm6IM%3D&t=4d5b0474&ps=13740610&shp=a5d48078&shcp=81f88b70&idc=my,"Chia sáº» cuá»™c sá»‘ng háº±ng ngÃ y ğŸ¡
SÃ¡ng Ä‘i lÃ m - Tá»‘i Ä‘i há»c
Theo Ä‘uá»•i Ä‘am mÃª ğŸ¬",quanghien.ne,99,34K,1.7M,,
binhan.dv,Chá»“ng PhÆ°Æ¡ng Nga,https://p16-sign-sg.tiktokcdn.com/tos-alisg-avt-0068/1052311e719b5d5012c7b0db5f6efd88~tplv-tiktokx-cropcenter:1080:1080.jpeg?dr=14579&refresh_token=c0263824&x-expires=1753372800&x-signature=6Ts3SPTw413trlakCkobiAfAYWI%3D&t=4d5b0474&ps=13740610&shp=a5d48078&shcp=81f88b70&idc=my,"TÃªn tháº­t: BÃ¬nh An
TÃªn chÃ­nh: ""nhÆ° trÃªn""
Forwork: thenogust.booking@gmail.com",binhan.dv,14,328.7K,8.3M,,
hylick3105,Há»“ng LÄ©nhh,https://p16-sign-sg.tiktokcdn.com/tos-alisg-avt-0068/30074b5c118febfbbfa83b71614a4eaf~tplv-tiktokx-cropcenter:1080:1080.jpeg?dr=14579&refresh_token=df3d3821&x-expires=1753372800&x-signature=HYvlpscQRkSEVQZTzrLY71BH55E%3D&t=4d5b0474&ps=13740610&shp=a5d48078&shcp=81f88b70&idc=my,"Contact For Work :
0352.205.292 ( Há»“ng LÄ©nh )
Bá»™ Máº·t KhÃ¡c : @LÄ©nh Láº¯m Lá»i",hylick3105,89,712.3K,28.8M,,
yenxinh150822,Vá»£ Anh TÃ¹ng,https://p16-sign-sg.tiktokcdn.com/tos-alisg-avt-0068/7d0324cbffe4997afd0203c663f42384~tplv-tiktokx-cropcenter:1080:1080.jpeg?dr=14579&refresh_token=17915062&x-expires=1753372800&x-signature=OtWte989JvpkOZaYEPmDQM8E6Lk%3D&t=4d5b0474&ps=13740610&shp=a5d48078&shcp=81f88b70&idc=my,"For work âœ‰ï¸: Voanhtung.booking@gmail.com
0862.347.486 ( Lam )",yenxinh150822,32,483.6K,29.7M,https://www.tiktok.com/link/v2?aid=1988&lang=en&scene=bio_url&target=https%3A%2F%2Fbeacons.ai%2Fvoanhtung,beacons.ai/voanhtung
trangrung08,Trang Rá»«ng ğŸ¤­ğŸ¤­,https://p16-sign-sg.tiktokcdn.com/tos-alisg-avt-0068/cba88277d56941c81aef57e96d12cb69~tplv-tiktokx-cropcenter:1080:1080.jpeg?dr=14579&refresh_token=0fc01438&x-expires=1753372800&x-signature=pKOkgYXaD%2B6%2F4fmruFm5PZ5aH8g%3D&t=4d5b0474&ps=13740610&shp=a5d48078&shcp=81f88b70&idc=my,"Contact IG:trangrung08
Booking@vtvcab.vn",trangrung08,11,3M,124.8M,https://www.tiktok.com/link/v2?aid=1988&lang=en&scene=bio_url&target=https%3A%2F%2Flinktr.ee%2Fberung2008,linktr.ee/berung2008
ttinflyou,ChÃº TÃ­n,https://p16-sign-sg.tiktokcdn.com/tos-alisg-avt-0068/234449a197a15a6f8206d953fafd9c5b~tplv-tiktokx-cropcenter:1080:1080.jpeg?dr=14579&refresh_token=f87b037c&x-expires=1753372800&x-signature=PvpS%2FwJO6k%2B8skD0kW9%2FhDXC5jM%3D&t=4d5b0474&ps=13740610&shp=a5d48078&shcp=81f88b70&idc=my,"Acc phá»¥ duy nháº¥t @Táº­p lÃ m ChÃº TÃ­n 
lG: ttinflyou
Gmail: votun0132@gmail.com",ttinflyou,513,865.5K,65.3M,https://www.tiktok.com/link/v2?aid=1988&lang=en&scene=bio_url&target=https%3A%2F%2Flinkbio.co%2F7040211trroDI,linkbio.co/7040211trroDI
khuamatvuong,Anh Máº·t VuÃ´ng,https://p16-sign-sg.tiktokcdn.com/tos-alisg-avt-0068/2160e2f466aa277fe02de570ac688bc8~tplv-tiktokx-cropcenter:1080:1080.jpeg?dr=14579&refresh_token=b4e0a683&x-expires=1753372800&x-signature=lDOK80M5%2B3gR4ygsc1uR8PaEoSE%3D&t=4d5b0474&ps=13740610&shp=a5d48078&shcp=81f88b70&idc=my,"Contacts mua xe: 0826999909 (TraiDepBanXeRe)
Booking: khuamatvuong@gmail.com",khuamatvuong,208,1M,42.7M,,
vanvinh116,Phamvanvinh116,https://p16-sign-useast2a.tiktokcdn.com/tos-useast2a-avt-0068-euttp/7320193250331983904~tplv-tiktokx-cropcenter:1080:1080.jpeg?dr=14579&refresh_token=451638b7&x-expires=1753372800&x-signature=jI8qXvLqx2F3WBq8mmYCGEhR0UY%3D&t=4d5b0474&ps=13740610&shp=a5d48078&shcp=81f88b70&idc=my,HÃ i hÆ°á»›c vui váº½,vanvinh116,79,315.2K,9.3M,,
huynhlapofficial,Huá»³nh Láº­p Official,https://p9-sign-sg.tiktokcdn.com/tos-alisg-avt-0068/e491c87f6408bd861840952b80505e5e~tplv-tiktokx-cropcenter:1080:1080.jpeg?dr=14579&refresh_token=b67f5ef4&x-expires=1753372800&x-signature=9vb5Ro6kEbjQv7mol8qzXjaQ3ww%3D&t=4d5b0474&ps=13740610&shp=a5d48078&shcp=81f88b70&idc=my,"Fanpage: Huá»³nh Láº­p
Youtube: Huá»³nh Láº­p Official
Instagram: dienvien.huynhlap",huynhlapofficial,100,3.6M,58.3M,https://www.tiktok.com/link/v2?aid=1988&lang=en&scene=bio_url&target=https%3A%2F%2Fbeacons.ai%2Ftinhlamjw,beacons.ai/tinhlamjw
longandaxua,LÃª Long An,https://p16-sign-sg.tiktokcdn.com/tos-alisg-avt-0068/4f4378128535c85483cba87b29c31b50~tplv-tiktokx-cropcenter:1080:1080.jpeg?dr=14579&refresh_token=b0bd5fc2&x-expires=1753372800&x-signature=D1c6ngeyQmrvwonrnM3WDbOdaxc%3D&t=4d5b0474&ps=13740610&shp=a5d48078&shcp=81f88b70&idc=my,"Leader T1G Team 
ğŸ”»t1gteamvn@gmail.comğŸ”»",longandaxua,462,3.2M,72.7M,,
thanhdaudau69,THANH ÄAU Äáº¦U,https://p16-sign-useast2a.tiktokcdn.com/tos-useast2a-avt-0068-giso/592c1227b197ecf2af5e312a6b6aa84b~tplv-tiktokx-cropcenter:1080:1080.jpeg?dr=14579&refresh_token=234bc4ed&x-expires=1753372800&x-signature=ztNV%2BFgy%2BVd9I7qShwswwhVihWw%3D&t=4d5b0474&ps=13740610&shp=a5d48078&shcp=81f88b70&idc=my,Nhá»©c Ä‘áº§u gÃ¬ chÆ°a nÃ­?,thanhdaudau69,69,441.1K,14.6M,https://www.tiktok.com/link/v2?aid=1988&lang=en&scene=bio_url&target=https%3A%2F%2Fwww.facebook.com%2Fthanhdaudau69,www.facebook.com/thanhdaudau69
duyyy.real.channel,NgÃ´ Äá»©c Duy,https://p16-sign-sg.tiktokcdn.com/tos-alisg-avt-0068/7324706649963233288~tplv-tiktokx-cropcenter:1080:1080.jpeg?dr=14579&refresh_token=7541b936&x-expires=1753372800&x-signature=arvh90wqjmkxYa2KVjoJYS%2B5rvU%3D&t=4d5b0474&ps=13740610&shp=a5d48078&shcp=81f88b70&idc=my,"Review vÃ  xÃ m xÃ­ğŸ§ğŸ§ğŸ§
Contact: ngoducduy.1511@gmail.com",duyyy.real.channel,0,8.4M,447.2M,,
phucbinhyenofficial,PhÃºc BÃ¬nh YÃªn,https://p16-sign-sg.tiktokcdn.com/tos-alisg-avt-0068/b8825e801a8a5bff0ec7a6157183fc14~tplv-tiktokx-cropcenter:1080:1080.jpeg?dr=14579&refresh_token=77654e76&x-expires=1753372800&x-signature=MZe2ghQByx5H2GQCuWw7dLeiA8E%3D&t=4d5b0474&ps=13740610&shp=a5d48078&shcp=81f88b70&idc=my,"ğ‘»ğ’†ğ’‚ğ’ ğ‘·ğ’‰ğ’–Ìğ’„ ğ‘ºğ’šğ’ğ’
Ná»˜I DUNG GIáº¢I TRÃ 
Lh review: 0366.129.400",phucbinhyenofficial,27,311.9K,7.5M,https://www.tiktok.com/link/v2?aid=1988&lang=en&scene=bio_url&target=https%3A%2F%2Fbeacons.ai%2Fphucbinhyen,beacons.ai/phucbinhyen
dong.thuydung,Äá»“ng Thuá»³ Dung,https://p9-sign-sg.tiktokcdn.com/tos-alisg-avt-0068/3559da399b15c10c15a1d2ff24203a9f~tplv-tiktokx-cropcenter:1080:1080.jpeg?dr=14579&refresh_token=0ab63b32&x-expires=1753372800&x-signature=N3qSdCr%2FJFhQEliHh7o2FUEosxs%3D&t=4d5b0474&ps=13740610&shp=a5d48078&shcp=81f88b70&idc=my,"FW: bichphuong191098@gmail.com
Zl:0866147098
@Äá»“ng Dung KhÃ³ TÃ­nh
@Äá»“ng ThÃ¹y Dung",dong.thuydung,161,1.5M,45M,https://www.tiktok.com/link/v2?aid=1988&lang=en&scene=bio_url&target=https%3A%2F%2Fwww.facebook.com%2Fdongthuydungg%3Fmibextid%3DLQQJ4d,www.facebook.com/dongthuydungg?mibextid=LQQJ4d
saigonteu,Saigon Táº¿u,https://p16-sign-sg.tiktokcdn.com/tos-alisg-avt-0068/7333557393176920084~tplv-tiktokx-cropcenter:1080:1080.jpeg?dr=14579&refresh_token=04e57d90&x-expires=1753372800&x-signature=zHcrNSgzS30Jm%2F7MZ62TDvO15LQ%3D&t=4d5b0474&ps=13740610&shp=a5d48078&shcp=81f88b70&idc=my,"ÄÃ¢y lÃ  kÃªnh Tiktok duy nháº¥t cá»§a Táº¿uğŸ’™
Mua vÃ© xem show Saigon Táº¿u táº¡i Ä‘Ã¢y ğŸ‘‡",saigonteu,20,3.2M,47.5M,https://www.tiktok.com/link/v2?aid=1988&lang=en&scene=bio_url&target=https%3A%2F%2Ftinyurl.com%2FTDDATiktok,tinyurl.com/TDDATiktok
th.khane,Khaaa           ğŸ‘¾,https://p16-sign-sg.tiktokcdn.com/tos-alisg-avt-0068/b0dd74377ce4a2af50a5038e68f6148a~tplv-tiktokx-cropcenter:1080:1080.jpeg?dr=14579&refresh_token=172bdda3&x-expires=1753372800&x-signature=tbhQqTxeDCFWnAynJP%2FcV8SswIs%3D&t=4d5b0474&ps=13740610&shp=a5d48078&shcp=81f88b70&idc=my,"IG: _ngkha069
linkk Ã¢yy bÃºcc bÃªnn dÆ°á»›ii nefeğŸ‘‡ğŸ»",th.khane,81,570.7K,142.6M,https://www.tiktok.com/link/v2?aid=1988&lang=en&scene=bio_url&target=https%3A%2F%2Fbeacons.ai%2Fthkhane,beacons.ai/thkhane
itsdunggee,DÅ©ng GeeğŸ’‹,https://p16-sign-sg.tiktokcdn.com/tos-alisg-avt-0068/5ea3e84f59b6a911658a620179736f00~tplv-tiktokx-cropcenter:1080:1080.jpeg?dr=14579&refresh_token=68b211d3&x-expires=1753372800&x-signature=5p%2B5EqtqURZdy8wTPuqvyO1bmvs%3D&t=4d5b0474&ps=13740610&shp=a5d48078&shcp=81f88b70&idc=my,"ğŸ‡¦ğŸ‡ºDÅ©ng & VyğŸ‡»ğŸ‡³
ğŸ“©: dunggee.business@gmail.com",itsdunggee,159,4.8M,146.6M,,
maminpxbg3l,Zgost,https://p16-sign-va.tiktokcdn.com/tos-maliva-avt-0068/f1decf0861241882aef224f3dbd25f67~tplv-tiktokx-cropcenter:1080:1080.jpeg?dr=14579&refresh_token=b44e3644&x-expires=1753372800&x-signature=bJ1jpljA3vO1kKY%2BMafX8GvUcFE%3D&t=4d5b0474&ps=13740610&shp=a5d48078&shcp=81f88b70&idc=my,mua hÃ ng trong pháº§n trÆ°ng bÃ y á»§ng há»™ mÃ¬nh nha cáº£m Æ¡n mn nhiá»u áº¡,maminpxbg3l,91,151.1K,13.4M,,
nehibeou,LÃªHiğŸ°,https://p16-sign-sg.tiktokcdn.com/tos-alisg-avt-0068/31199bb487ef0be7a18acf45092211f0~tplv-tiktokx-cropcenter:1080:1080.jpeg?dr=14579&refresh_token=e440b8cb&x-expires=1753372800&x-signature=YBfo1rWpcdNWQ3NYhiQThaWAd%2BA%3D&t=4d5b0474&ps=13740610&shp=a5d48078&shcp=81f88b70&idc=my,"âœ‰ï¸ : ads.pventertainment@gmail.com
â™¾ï¸ facebook/Lehi204
âœ–ï¸: ig/hibeu221",nehibeou,9,123.5K,4.3M,,
anthonyngofficial,Anthony Ng,https://p16-sign-va.tiktokcdn.com/tos-maliva-avt-0068/b91731b302564d45a26ebc85df03038f~tplv-tiktokx-cropcenter:1080:1080.jpeg?dr=14579&refresh_token=0996e723&x-expires=1753372800&x-signature=EIFyxje9LdVeXV9CqJa%2BSersgFI%3D&t=4d5b0474&ps=13740610&shp=a5d48078&shcp=81f88b70&idc=my,lg anthonyngofficial,anthonyngofficial,26,460.5K,21.4M,https://www.tiktok.com/link/v2?aid=1988&lang=en&scene=bio_url&target=https%3A%2F%2Fbeacons.ai%2Fanthonyngofficial,beacons.ai/anthonyngofficial
nhuhuynh151515,Jessi Huá»³nh,https://p16-sign-sg.tiktokcdn.com/tos-alisg-avt-0068/bf6fb6aa10077e7debfb8a08065e4415~tplv-tiktokx-cropcenter:1080:1080.jpeg?dr=14579&refresh_token=d20c37c4&x-expires=1753372800&x-signature=1JjsX3uaNsMaa2UkuW%2FuG9J06cE%3D&t=4d5b0474&ps=13740610&shp=a5d48078&shcp=81f88b70&idc=my,Phá»Ÿ poÃ  : NhÆ° Quá»³nh (Nguyá»…n Thá»‹ NhÆ° Huá»³nh),nhuhuynh151515,75,1.2M,55.8M,,
nam.perdz,Nam Per fect,https://p16-sign-sg.tiktokcdn.com/tos-alisg-avt-0068/579b245ad9eed28fbd9f902dd3cdbbce~tplv-tiktokx-cropcenter:1080:1080.jpeg?dr=14579&refresh_token=124d52fd&x-expires=1753372800&x-signature=0zkuL4m2nJ36oN1Jg9FyMBh%2Fsug%3D&t=4d5b0474&ps=13740610&shp=a5d48078&shcp=81f88b70&idc=my,Tráº» con thÃ­ch chÆ¡i Ä‘á»“ cá»•,nam.perdz,555,1.5M,39.7M,,
caulongyb,Cáº§u LÃ´ng YB,https://p16-sign-sg.tiktokcdn.com/tos-alisg-avt-0068/a24f955cded0cc2aa87d721b52324912~tplv-tiktokx-cropcenter:1080:1080.jpeg?dr=14579&refresh_token=1a54f861&x-expires=1753372800&x-signature=mfuGw%2FvmwqdLHg%2BibWl0nCtuyjs%3D&t=4d5b0474&ps=13740610&shp=a5d48078&shcp=81f88b70&idc=my,"Há»c há»i giao lÆ°u Ä‘Æ°á»ng cáº§u kÃªnh mÃ¬nhğŸ¸
ğŸ‘‡ Mua hÃ ng á»§ng há»™ mÃ¬nh á»Ÿ giá» nha ğŸ‘‡ğŸ›’",caulongyb,4,110K,2.4M,https://www.tiktok.com/link/v2?aid=1988&lang=en&scene=bio_url&target=https%3A%2F%2Flinkbio.co%2Fcaulongyb,linkbio.co/caulongyb
thoa_yeu_phim,ğŸ€Ngá»c VÃ´ TÃ¢mğŸ€â¤â¤ğŸŒ»ğŸŒ»,https://p16-common-sign-useastred.tiktokcdn-eu.com/tos-useast2a-avt-0068-euttp/ee74fc1fa16f1793fd8ad00e45f21d07~tplv-tiktokx-cropcenter:1080:1080.jpeg?dr=14579&refresh_token=b1aa8676&x-expires=1753372800&x-signature=ATU8J2K4BcsE7W730rmx7TDIxus%3D&t=4d5b0474&ps=13740610&shp=a5d48078&shcp=81f88b70&idc=my,NÄƒng lÆ°á»£ng nÃ o cÅ©ng cÃ³ğŸ˜˜,thoa_yeu_phim,18,22.4K,616.8K,,
h.shoppp,Heartea shop,https://p16-sign-va.tiktokcdn.com/tos-maliva-avt-0068/cde89d8a56dd1669714375e1378f5b8c~tplv-tiktokx-cropcenter:1080:1080.jpeg?dr=14579&refresh_token=59aa283c&x-expires=1753372800&x-signature=0r0FZH6tILhZzcexMgBUf7wiNOE%3D&t=4d5b0474&ps=13740610&shp=a5d48078&shcp=81f88b70&idc=my,Click the yellow basket,h.shoppp,5513,11.4K,951.7K,,
kozbilliardschannel,KOZ Channel Billiards,https://p16-sign-sg.tiktokcdn.com/tos-alisg-avt-0068/e1b07e058fa40d68544d73ab25389e28~tplv-tiktokx-cropcenter:1080:1080.jpeg?dr=14579&refresh_token=29c8a095&x-expires=1753372800&x-signature=p9YvwTHiQw%2BoOJ8%2FO%2BZXHR6gPjo%3D&t=4d5b0474&ps=13740610&shp=a5d48078&shcp=81f88b70&idc=my,"BOOKING Work: 0943.77.6446
 â€œBi-a Cho NgÆ°á»i Má»›i â€“Tá»« CÆ¡ Báº£n Äáº¿n Tá»± Tinâ€ Link ÄKğŸ‘‡",kozbilliardschannel,360,52.7K,1.6M,https://www.tiktok.com/link/v2?aid=1988&lang=en&scene=bio_url&target=https%3A%2F%2Flinktr.ee%2Fkhanhkoz,linktr.ee/khanhkoz
fptbongda,FPT BÃ³ng ÄÃ¡,https://p16-sign-sg.tiktokcdn.com/tos-alisg-avt-0068/21b90165b53e881a287d2cf833eac721~tplv-tiktokx-cropcenter:1080:1080.jpeg?dr=14579&refresh_token=3bc4e925&x-expires=1753372800&x-signature=AkD4D41wMCrnqsWc5UG2tD6ReYI%3D&t=4d5b0474&ps=13740610&shp=a5d48078&shcp=81f88b70&idc=my,KÃªnh TikTok chÃ­nh thá»©c cá»§a FPT Play vá» bÃ³ng Ä‘Ã¡ chÃ¢u Ã‚u,fptbongda,12,513K,18.2M,https://www.tiktok.com/link/v2?aid=1988&lang=en&scene=bio_url&target=fptplay.vn,fptplay.vn
merwaiz_khan_4,ğŒğğ«ğ°ğšğ¢ğ³_ğ¤ğ¡ğšğ§_ğŸ’,https://p16-sign-sg.tiktokcdn.com/tos-alisg-avt-0068/db4b357eca7d0f80b7e676b454aad0fa~tplv-tiktokx-cropcenter:1080:1080.jpeg?dr=14579&refresh_token=ba95333e&x-expires=1753372800&x-signature=MjEZftj9GoFNtBhngs4WbymNQEA%3D&t=4d5b0474&ps=13740610&shp=a5d48078&shcp=81f88b70&idc=my,No bio yet.,merwaiz_khan_4,309,15.3K,517.7K,,
showbiznhatbao,SHOWBIZ NHáº¬T BÃO,https://p16-sign-sg.tiktokcdn.com/tos-alisg-avt-0068/0ec9bbd1e18d4d4e80d7237b2827f87e~tplv-tiktokx-cropcenter:1080:1080.jpeg?dr=14579&refresh_token=ac5c1937&x-expires=1753372800&x-signature=tUxh7XR5z2nZ49Qe04SPCBAHKD8%3D&t=4d5b0474&ps=13740610&shp=a5d48078&shcp=81f88b70&idc=my,"ğŸ’Œ showbiznhatbao@gmail.com
ğŸ“² 038 3438979 (Ms.Quá»³nh)",showbiznhatbao,37,615.8K,77.4M,https://www.tiktok.com/link/v2?aid=1988&lang=en&scene=bio_url&target=https%3A%2F%2Fshowbiznhatbao.com,showbiznhatbao.com
vmax.soishowbiz,VMAX SOI SHOWBIZ,https://p16-sign-sg.tiktokcdn.com/tos-alisg-avt-0068/a8ca4977f3f03939fe9cd8cc61587db5~tplv-tiktokx-cropcenter:1080:1080.jpeg?dr=14579&refresh_token=d080babd&x-expires=1753372800&x-signature=%2B0BnPhY1YMXSFC5mlHkbyFs1wd0%3D&t=4d5b0474&ps=13740610&shp=a5d48078&shcp=81f88b70&idc=my,Äi soi Sao cÃ¹ng Vmax nha !!,vmax.soishowbiz,0,1360,144.7K,,
_mun_mun_1610_,ğŸŒ»ğ“œğ“¾ğ“·ğ“·ğŸŒ»,https://p16-sign-sg.tiktokcdn.com/tos-alisg-avt-0068/337ea052bfd0e3d2061163a16cffb856~tplv-tiktokx-cropcenter:1080:1080.jpeg?dr=14579&refresh_token=9924d62b&x-expires=1753372800&x-signature=EleS0%2BKEAZpjzTSMiDlYa21p9YI%3D&t=4d5b0474&ps=13740610&shp=a5d48078&shcp=81f88b70&idc=my,NÆ¡i lÆ°u trá»¯ kÄ© niá»‡m ğŸ’œğŸŒ»@imjack1997,_mun_mun_1610_,70,22.2K,1.1M,,
meowentertainmentvn,MEOW ENTERTAINMENT,https://p16-sign-sg.tiktokcdn.com/tos-alisg-avt-0068/506b00c068853a7faefc9d6a2a2b914a~tplv-tiktokx-cropcenter:1080:1080.jpeg?dr=14579&refresh_token=0003912b&x-expires=1753372800&x-signature=z3lfAwloWOijZmtC%2BSqxvPVD0J8%3D&t=4d5b0474&ps=13740610&shp=a5d48078&shcp=81f88b70&idc=my,"Quáº£ng cÃ¡o, tÃ¡c nghiá»‡p, báº£o trá»£ truyá»n thÃ´ng
 ğŸ“©: booking@meowent.vn",meowentertainmentvn,73,835.1K,108M,,
honggidangdo,HÃ³ng gÃ¬ ÄÄƒng Ä‘Ã³,https://p16-sign-sg.tiktokcdn.com/tos-alisg-avt-0068/e650a0ee8e3e5d300d4c1f4289ae931f~tplv-tiktokx-cropcenter:1080:1080.jpeg?dr=14579&refresh_token=50aeb855&x-expires=1753372800&x-signature=%2BGM%2FfHUA3uTRDp6m8zTjmkm6gRI%3D&t=4d5b0474&ps=13740610&shp=a5d48078&shcp=81f88b70&idc=my,"HÃ³ng gÃ¬ ÄÄƒng Ä‘Ã³ ğŸ¥¬
LiÃªn há»‡ há»£p tÃ¡c: admin@dreamergroup.vn
â˜ï¸: 0978.755.665",honggidangdo,6,48.7K,3.1M,,
be3thaido,BÃ© 3 ThÃ¡i Äá»,https://p16-sign-sg.tiktokcdn.com/tos-alisg-avt-0068/890e98801a782aacb307cf6147268bd7~tplv-tiktokx-cropcenter:1080:1080.jpeg?dr=14579&refresh_token=4f240719&x-expires=1753372800&x-signature=A3GIG51JAxzhKHJacQ5YtZNbazs%3D&t=4d5b0474&ps=13740610&shp=a5d48078&shcp=81f88b70&idc=my,"BÃ© 3 ThÃ¡i Äá» vá»«a Ä‘á» vá»«a thÆ¡m 
ğŸ“ŒBooking: sinx.creative@gmail.com",be3thaido,49,9203,852K,,
lanhquynh6,lanhquynh,https://p16-sign-va.tiktokcdn.com/tos-maliva-avt-0068/8e539ef3736ce9983831eced95000bbe~tplv-tiktokx-cropcenter:1080:1080.jpeg?dr=14579&refresh_token=c9669dc0&x-expires=1753372800&x-signature=xQSmJ%2FDWFhX3Vk70fR%2B4R6HKI%2FI%3D&t=4d5b0474&ps=13740610&shp=a5d48078&shcp=81f88b70&idc=my,No bio yet.,lanhquynh6,0,7122,194.8K,,
cameravietnam1988,Camera Viá»‡t Nam,https://p16-sign-sg.tiktokcdn.com/tos-alisg-avt-0068/34fa4d6ec7efd3f313c1f5ab29209ce0~tplv-tiktokx-cropcenter:1080:1080.jpeg?dr=14579&refresh_token=6c5cb520&x-expires=1753372800&x-signature=NUt1jaNANjZTrAWOB%2BQZJKDOkHc%3D&t=4d5b0474&ps=13740610&shp=a5d48078&shcp=81f88b70&idc=my,Truyá»n ThÃ´ng Showbiz,cameravietnam1988,1298,214.5K,3M,,
quynhanhshyn_,Quynh Anh Shyn,https://p9-sign-sg.tiktokcdn.com/tos-alisg-avt-0068/cda903672cf8c137007b6b25e3f48ba5~tplv-tiktokx-cropcenter:1080:1080.jpeg?dr=14579&refresh_token=08a37313&x-expires=1753372800&x-signature=HfdBwqXaQzsDalPdlxsg330cqmM%3D&t=4d5b0474&ps=13740610&shp=a5d48078&shcp=81f88b70&idc=my,"Hello have you seen SEEN ?!

For work : quynhanhshyn.official@gmail.com",quynhanhshyn_,70,1.3M,25.4M,,
tuduylinh,Nguyenx Thanh TÃº ğŸ¬,https://p16-sign-va.tiktokcdn.com/tos-maliva-avt-0068/dce1e3b6e8d2a1de855cdf71dd995bf3~tplv-tiktokx-cropcenter:1080:1080.jpeg?dr=14579&refresh_token=c834832d&x-expires=1753372800&x-signature=4UTJVia47Ju0jLe21BGNBRgIvaQ%3D&t=4d5b0474&ps=13740610&shp=a5d48078&shcp=81f88b70&idc=my,"Theo dÃµi mÃ¬nh Ä‘á»ƒ xem pháº§n tiáº¿p theo nha mÃ£i iuuuğŸ˜˜
help me get to 100k followers",tuduylinh,2,99.6K,3.6M,,
anhhduylinh,anhhduylinh,https://p16-sign-va.tiktokcdn.com/tos-maliva-avt-0068/01291967239292f88b42dba3b8f6c140~tplv-tiktokx-cropcenter:1080:1080.jpeg?dr=14579&refresh_token=67b29b8a&x-expires=1753372800&x-signature=c1l49e7OlJvgFEyp67po9I683Tc%3D&t=4d5b0474&ps=13740610&shp=a5d48078&shcp=81f88b70&idc=my,Fl mk Ä‘á»ƒ hÃ³ng nhá»¯ng video hay hÆ¡n nhenâ¤ï¸,anhhduylinh,0,46.5K,1.3M,,
yennduylinh,yennduylinh,https://p16-sign-va.tiktokcdn.com/tos-maliva-avt-0068/da3b2509fbdc1140aad84c80f7333ba5~tplv-tiktokx-cropcenter:1080:1080.jpeg?dr=14579&refresh_token=b5c68c05&x-expires=1753372800&x-signature=vZ8UhhnlJE%2B9eEYZxlL6H%2BfmcKo%3D&t=4d5b0474&ps=13740610&shp=a5d48078&shcp=81f88b70&idc=my,Fl mÃ¬nh Ä‘á»ƒ xem nhá»¯ng táº­p tiáº¿p theo nhÃ©,yennduylinh,0,28.1K,769.3K,,
hongshowbizviet,HÃ³ng Showbiz Viá»‡t,https://p16-sign-sg.tiktokcdn.com/tos-alisg-avt-0068/df403e4e90d614f8c98a78b1bfd33abc~tplv-tiktokx-cropcenter:1080:1080.jpeg?dr=14579&refresh_token=fc5cb69f&x-expires=1753372800&x-signature=Ob1qjE536dKwfQCmu8i7REECkwE%3D&t=4d5b0474&ps=13740610&shp=a5d48078&shcp=81f88b70&idc=my,"KÃªnh TikTok vá» showbiz - event
â˜ï¸ 0357602073
ğŸ“§  hongshowbizviet@gmail.com",hongshowbizviet,3,320.5K,8.8M,,
hothitshowbiz,HOT HIT SHOWBIZ,https://p16-sign-sg.tiktokcdn.com/tos-alisg-avt-0068/ab5550452f60e3cded30c074cf6b57a4~tplv-tiktokx-cropcenter:1080:1080.jpeg?dr=14579&refresh_token=21398a3e&x-expires=1753372800&x-signature=UDC%2FhFztUeTaCrDSxwbaOazKo4A%3D&t=4d5b0474&ps=13740610&shp=a5d48078&shcp=81f88b70&idc=my,"Cáº­p nháº­t tin tá»©c hot hit vá» showbiz
ğŸ“© LiÃªn há»‡ há»£p tÃ¡c: 
hothitshowbiz@gmail.com",hothitshowbiz,3,15.6K,1.3M,,
8sieucap,8sieucap,https://p16-common-sign-useastred.tiktokcdn-eu.com/tos-useast2a-avt-0068-giso/9a8665aee0933651590919bac9b55ce9~tplv-tiktokx-cropcenter:1080:1080.jpeg?dr=14579&refresh_token=51278fdf&x-expires=1753372800&x-signature=rq%2FwTcDl0HEwiwGLqswd0hWTgb8%3D&t=4d5b0474&ps=13740610&shp=a5d48078&shcp=81f88b70&idc=my,"Contact: 8sieucap@gmail.com

https://www.facebook.com/8sieucap",8sieucap,16,12.8K,1.6M,,
odaycosaobymznews,á» ÄÃ¢y CÃ³ Sao,https://p16-sign-sg.tiktokcdn.com/tos-alisg-avt-0068/1daadb0ea796ee1950c63ce181b188cc~tplv-tiktokx-cropcenter:1080:1080.jpeg?dr=14579&refresh_token=41ebac8e&x-expires=1753372800&x-signature=SQgjV0hxyjofMT8Ypaisa1G6Ncw%3D&t=4d5b0474&ps=13740610&shp=a5d48078&shcp=81f88b70&idc=my,"TIN SAO NHANH VÃ’NG QUANH SHOWBIZâœ¨
ğŸ“©: contact@mznetwork.vn",odaycosaobymznews,4,411.3K,46.9M,https://www.tiktok.com/link/v2?aid=1988&lang=en&scene=bio_url&target=https%3A%2F%2Fyoutu.be%2FBXp_ZefETMU%3Fsi%3DKtfTnJTpvczdU2my,youtu.be/BXp_ZefETMU?si=KtfTnJTpvczdU2my
sangmatchuaa,SÃ¡ng Máº¯t ChÆ°a,https://p16-sign-sg.tiktokcdn.com/tos-alisg-avt-0068/24a5e4ceaa7cfae0a0ff7368043954da~tplv-tiktokx-cropcenter:1080:1080.jpeg?dr=14579&refresh_token=e41a0f56&x-expires=1753372800&x-signature=OvJEFzZPjJb8sXperGLy1%2BV6r2k%3D&t=4d5b0474&ps=13740610&shp=a5d48078&shcp=81f88b70&idc=my,No bio yet.,sangmatchuaa,10,3434,220.5K,,
suyphimhay,Suy Phim Há»™i,https://p16-sign-sg.tiktokcdn.com/tos-alisg-avt-0068/88ad16264c01cc61cad2438795f35967~tplv-tiktokx-cropcenter:1080:1080.jpeg?dr=14579&refresh_token=f69a4255&x-expires=1753372800&x-signature=n3DGky1LHepXRREaXTwI4%2FMr8AY%3D&t=4d5b0474&ps=13740610&shp=a5d48078&shcp=81f88b70&idc=my,"cÃ y má»™t Ä‘Ãªm, suy cáº£ thÃ¡ng ğŸ¬
chÃºng mÃ¬nh cÃ³ nhau ğŸ«‚
â–ªï¸do not reupâ–ªï¸",suyphimhay,31,132.5K,11.2M,,
.vnlifestyle,Lifestyle,https://p16-sign-sg.tiktokcdn.com/tos-alisg-avt-0068/ed10bbcc66f9ff2bfe42a14f6e7eb4e8~tplv-tiktokx-cropcenter:1080:1080.jpeg?dr=14579&refresh_token=de19748f&x-expires=1753372800&x-signature=re9TPJ2A8MDj0ZJ6WDEErsy0YEA%3D&t=4d5b0474&ps=13740610&shp=a5d48078&shcp=81f88b70&idc=my,"LiÃªn há»‡ quáº£ng cÃ¡o: 
ğŸ’Œ  bandoclifestyle@gmail.com
ğŸ“  0333316083",.vnlifestyle,101,405.2K,22.9M,,
odaycotrendbymznews,á» ÄÃ¢y CÃ³ Trend,https://p16-sign-sg.tiktokcdn.com/tos-alisg-avt-0068/07df8d9e6c3d2e6695c94a2c77361f85~tplv-tiktokx-cropcenter:1080:1080.jpeg?dr=14579&refresh_token=3e06b68c&x-expires=1753372800&x-signature=%2FO%2FUn2A%2F9GZUphXwabrUAmDuB%2Bw%3D&t=4d5b0474&ps=13740610&shp=a5d48078&shcp=81f88b70&idc=my,"âœ¨á» Ä‘Ã¢y cÃ³ trend nhanh nhÆ° cÃ¡ch 
NYC trá»Ÿ máº·t!ğŸ“ˆğŸ“Š
ğŸ’Œ: contact@mznetwork.vn",odaycotrendbymznews,4,1M,83.8M,,
tomyy_tv,Tonyy_ TVğŸ‡»ğŸ‡³(ThÃ nh Â®)ğŸ‡»ğŸ‡³,https://p16-sign-va.tiktokcdn.com/tos-maliva-avt-0068/0730da22d60f0beb8e6138c02759fb51~tplv-tiktokx-cropcenter:1080:1080.jpeg?dr=14579&refresh_token=aa50cee0&x-expires=1753372800&x-signature=uYsNF17mKHWjttA%2B43PFiM5Kkhw%3D&t=4d5b0474&ps=13740610&shp=a5d48078&shcp=81f88b70&idc=my,"ğŸ‡»ğŸ‡³ Tá»› lÃ  ThÃ nh Ä‘Ã¢y ğŸ‡»ğŸ‡³
ê§á¬Šá¬ThÃ nh Â®á¬Šá­„ê§‚",tomyy_tv,191,95.6K,7.5M,https://www.tiktok.com/link/v2?aid=1988&lang=en&scene=bio_url&target=https%3A%2F%2Fwww.facebook.com%2Fshare%2F1XxfviAVCG%2F%3Fmibextid%3Dqi2Omg,www.facebook.com/share/1XxfviAVCG/?mibextid=qi2Omg
krick_drama_tiktok,ğ™†_ğ™™ğ™§ğ™–ğ™¢ğ™–,https://p16-sign-sg.tiktokcdn.com/tos-alisg-avt-0068/3d3bedc88653a60543434a53aefabf1e~tplv-tiktokx-cropcenter:1080:1080.jpeg?dr=14579&refresh_token=1b820e53&x-expires=1753372800&x-signature=ks4A3laeNrRq9eBf8T4rPoLuewc%3D&t=4d5b0474&ps=13740610&shp=a5d48078&shcp=81f88b70&idc=my,"Nay Ä‘á»•i giÃ³ Ä‘Äƒng EXSH nhaaaâ¤ï¸â€ğŸ”¥ğŸ’«âœ¨
Acc kia:
@â“€â“—â“â“˜
Debut:4/6/2024
â¤ï¸â€ğŸ”¥",krick_drama_tiktok,10,25.1K,3.7M,,
conthosayawww,con thá» say á»,https://p9-sign-sg.tiktokcdn.com/tos-alisg-avt-0068/c487e7d45136976a746ea576a7e47c5b~tplv-tiktokx-cropcenter:1080:1080.jpeg?dr=14579&refresh_token=7342cbf2&x-expires=1753372800&x-signature=4aXMfMggIMO6boNmVTppV56Teno%3D&t=4d5b0474&ps=13740610&shp=a5d48078&shcp=81f88b70&idc=my,No bio yet.,conthosayawww,0,702,49.2K,,
nlingphm,ğ™£ğ™¡ğ™ğ™£ğ™œğ™¥ğ™ğ™¢,https://p16-sign-sg.tiktokcdn.com/tos-alisg-avt-0068/22df6e2b3ecd384ead61186f73886d30~tplv-tiktokx-cropcenter:1080:1080.jpeg?dr=14579&refresh_token=9d71a823&x-expires=1753372800&x-signature=4wQvRUv2Auv2nQpc3k4re9%2Fk1%2BI%3D&t=4d5b0474&ps=13740610&shp=a5d48078&shcp=81f88b70&idc=my,UHS ğŸ©º,nlingphm,4,4792,470.7K,,
titi.nhungbabie,TiTi NhungBabie,https://p16-sign-sg.tiktokcdn.com/tos-alisg-avt-0068/3beb8b8086cc7d60674ea0c369f52897~tplv-tiktokx-cropcenter:1080:1080.jpeg?dr=14579&refresh_token=d50d449b&x-expires=1753372800&x-signature=K541tA58sQ7o25et%2BIhVKIQNF3Y%3D&t=4d5b0474&ps=13740610&shp=a5d48078&shcp=81f88b70&idc=my,"For Work : @939751528
Mail : Trannhung230893@gmail.com",titi.nhungbabie,26,209.3K,3.1M,,
hngtuyetnhi.accchinh,hngtuyetnhi.accchinh,https://p16-sign-sg.tiktokcdn.com/tos-alisg-avt-0068/468a9da186ba337b86753d45eee9a484~tplv-tiktokx-cropcenter:1080:1080.jpeg?dr=14579&refresh_token=05d2c09b&x-expires=1753372800&x-signature=uWjS5OI4ABe1EQKEmzD1JLEmFfQ%3D&t=4d5b0474&ps=13740610&shp=a5d48078&shcp=81f88b70&idc=my,"Contact for workâœ¨
zl: khÃ´ng 3 nÄƒm 7 bá»‘n 8 báº£y 7 má»™t 7
live:@HNgTuyáº¿tNhi Ëš â˜ï¸ â‚Š3",hngtuyetnhi.accchinh,92,440.1K,32.8M,,
vienvibi_899,ViÃªn Vibi,https://p16-sign-va.tiktokcdn.com/tos-maliva-avt-0068/b2769441f7afc4dd6e44c8d50c388cd8~tplv-tiktokx-cropcenter:1080:1080.jpeg?dr=14579&refresh_token=3a10471e&x-expires=1753372800&x-signature=vp2DATvyTWC%2FN6cH2MkCBJRmBTw%3D&t=4d5b0474&ps=13740610&shp=a5d48078&shcp=81f88b70&idc=my,Cviá»‡c liÃªn há»‡ mail: Vienvibi@gmailcom,vienvibi_899,33,11.2M,516.6M,,
nlinh_o0,Nháº­t Linh Ä‘á»i thÆ°á»ngğŸ©´,https://p16-sign-sg.tiktokcdn.com/tos-alisg-avt-0068/62a30b73761e99ad7da725ae30b67364~tplv-tiktokx-cropcenter:1080:1080.jpeg?dr=14579&refresh_token=c89d749f&x-expires=1753372800&x-signature=uDvYYsglDSp21KI66gX%2BVWGHNhc%3D&t=4d5b0474&ps=13740610&shp=a5d48078&shcp=81f88b70&idc=my,"Acc phá»¥ @Nháº­t LinhğŸª@Nháº­t Linh.! 
âŒKHÃ”NG CÃ“ ACC THá»¨ 4âŒ


@ÄÃ¬nh ChÃ­nh ğŸ§¸",nlinh_o0,34,752.8K,16.2M,,
mimisarose,Misa Ä‘ang há»c bÃ i,https://p16-sign-sg.tiktokcdn.com/tos-alisg-avt-0068/f7154722e93e46a8cf2a61b87ac97dbd~tplv-tiktokx-cropcenter:1080:1080.jpeg?dr=14579&refresh_token=9ac80293&x-expires=1753372800&x-signature=OBzz78xW5KV9TsPu7MWsnZDVUNs%3D&t=4d5b0474&ps=13740610&shp=a5d48078&shcp=81f88b70&idc=my,ig: mimisarose,mimisarose,609,42.4K,856.8K,,
fbhuehoang222,Huáº¿ HoÃ ngg,https://p9-sign-sg.tiktokcdn.com/tos-alisg-avt-0068/6dddd5b4f7734863dd8d4675b73653d0~tplv-tiktokx-cropcenter:1080:1080.jpeg?dr=14579&refresh_token=17e63032&x-expires=1753372800&x-signature=cDX5sflyBDmr9jDc5Tvg5e5YJck%3D&t=4d5b0474&ps=13740610&shp=a5d48078&shcp=81f88b70&idc=my,"Máº¥t nick Ä‘Ã¢y lÃ  nick má»›i
Mua hÃ ng nháº¯n tin IG :Hue.hoang29 cho em áº¡",fbhuehoang222,212,476.3K,10.9M,,
tranthanh123,Tráº¥n ThÃ nh,https://p16-sign-sg.tiktokcdn.com/tos-alisg-avt-0068/7311323706284834818~tplv-tiktokx-cropcenter:1080:1080.jpeg?dr=14579&refresh_token=932f3e60&x-expires=1753372800&x-signature=FJh8IeU0yT0R4VGrWv95HotF7rs%3D&t=4d5b0474&ps=13740610&shp=a5d48078&shcp=81f88b70&idc=my,No bio yet.,tranthanh123,48,7.2M,60.7M,,
nhanvuatovuadz1701,ghÃ©t rau muá»‘ng luá»™c ğŸ˜­,https://p9-sign-sg.tiktokcdn.com/tos-alisg-avt-0068/5dc35c5597e89430b077e41ad9dea9c4~tplv-tiktokx-cropcenter:1080:1080.jpeg?dr=14579&refresh_token=707455ca&x-expires=1753372800&x-signature=e%2F6%2FVZOe36%2FtmML8CW74v1iBPTs%3D&t=4d5b0474&ps=13740610&shp=a5d48078&shcp=81f88b70&idc=my,"ig _nnhaan.1701
fl acc @Nguyá»…n Trá»ng NhÃ¢n
direct for work: 0.8.9.6.9.9.0.1.1.7",nhanvuatovuadz1701,112,230.8K,7.5M,https://www.tiktok.com/link/v2?aid=1988&lang=en&scene=bio_url&target=https%3A%2F%2Fbeacons.ai%2Ftrongnhanday,beacons.ai/trongnhanday
omaighosh,XÆ°ng Mai,https://p16-sign-sg.tiktokcdn.com/tos-alisg-avt-0068/990aa7ed55dfb7edf099308e2fb61f97~tplv-tiktokx-cropcenter:1080:1080.jpeg?dr=14579&refresh_token=01e0aa5e&x-expires=1753372800&x-signature=qgAd8B4DrfHU%2FMGpkF7J1mWPtPM%3D&t=4d5b0474&ps=13740610&shp=a5d48078&shcp=81f88b70&idc=my,"Youtube & IG: xungmaivlog
Collab ğŸ’Œ : xungmaivlog@gmail.com",omaighosh,367,172.6K,4.5M,,
bichhop1963,Máº¹ chá»“ng CÃ´ TiÃªn Miá»n TÃ¢y,https://p16-sign-sg.tiktokcdn.com/tos-alisg-avt-0068/27b44e8829ba12473d41e5f45d1bcca0~tplv-tiktokx-cropcenter:1080:1080.jpeg?dr=14579&refresh_token=0fe78dc7&x-expires=1753372800&x-signature=vy8VLuZI3pC8XjAh4WCIMT2B5po%3D&t=4d5b0474&ps=13740610&shp=a5d48078&shcp=81f88b70&idc=my,No bio yet.,bichhop1963,96,115.2K,3.1M,,
knkewt,khnhu_,https://p16-sign-sg.tiktokcdn.com/tos-alisg-avt-0068/71275302b9e6ea8bdc3872eff6e80ec6~tplv-tiktokx-cropcenter:1080:1080.jpeg?dr=14579&refresh_token=160c8178&x-expires=1753372800&x-signature=BSuUP3RDzeEENj9UbbkSxIt0plk%3D&t=4d5b0474&ps=13740610&shp=a5d48078&shcp=81f88b70&idc=my,"IG: _npkhnhuu
ğŸ‘©â€ğŸ’»For Business:chloelilpengu@gmail.com",knkewt,582,556.1K,34.1M,https://www.tiktok.com/link/v2?aid=1988&lang=en&scene=bio_url&target=https%3A%2F%2Fkhnhu1107.passio.eco,khnhu1107.passio.eco
huongcoc92,ğŸ€Tháº¯m VÃ­pğŸ€,https://p16-sign-sg.tiktokcdn.com/tos-alisg-avt-0068/02a998af500dffedb8e878fa34a4fc09~tplv-tiktokx-cropcenter:1080:1080.jpeg?dr=14579&refresh_token=0f13effe&x-expires=1753372800&x-signature=sXFANJwALaKqVoDDDRqwuVoN7v4%3D&t=4d5b0474&ps=13740610&shp=a5d48078&shcp=81f88b70&idc=my,"ğŸ‘‡LiÃªn há»‡ cÃ´ng viá»‡cğŸ‘‡
    ( FB_ Tháº¯m VÃ­pğŸ€)",huongcoc92,722,904K,20.5M,,
katie_ngyen,LÃª Tuáº¥n Kha,https://p16-sign-sg.tiktokcdn.com/tos-alisg-avt-0068/e218a6301b4ce2dedd1f3817642d9cc0~tplv-tiktokx-cropcenter:1080:1080.jpeg?dr=14579&refresh_token=741ae5f3&x-expires=1753372800&x-signature=5T%2BLg2oesi9cAszw3QtjRtJTw70%3D&t=4d5b0474&ps=13740610&shp=a5d48078&shcp=81f88b70&idc=my,Ins : katie_ngyen001,katie_ngyen,14,1748,144.4K,https://www.tiktok.com/link/v2?aid=1988&lang=en&scene=bio_url&target=https%3A%2F%2Fwww.facebook.com%2Fshare%2F1J5sHrjZ1b%2F%3Fmibextid%3DwwXIfr,www.facebook.com/share/1J5sHrjZ1b/?mibextid=wwXIfr
maitrithuc2021,Anh Vui Váº»,https://p16-sign-sg.tiktokcdn.com/tos-alisg-avt-0068/c6c238c67771a497b1ccdfc271373baa~tplv-tiktokx-cropcenter:1080:1080.jpeg?dr=14579&refresh_token=ec294d61&x-expires=1753372800&x-signature=EgzGxAbKAlXe2n%2FcLWRnul7ssD4%3D&t=4d5b0474&ps=13740610&shp=a5d48078&shcp=81f88b70&idc=my,"á» Ä‘Ã¢y chá»‰ cÃ³ nhá»¯ng niá»m vui
LHCV: @Mai TrÃ­ Thá»©c",maitrithuc2021,7,31.1K,979K,,
saabirose22,SAABIROSE,https://p16-sign-sg.tiktokcdn.com/tos-alisg-avt-0068/880bd8b9486062a1fc5edd53c972eaa2~tplv-tiktokx-cropcenter:1080:1080.jpeg?dr=14579&refresh_token=de046979&x-expires=1753372800&x-signature=LhrjcFOgZKrQQEoIwlb3G1%2BF23g%3D&t=4d5b0474&ps=13740610&shp=a5d48078&shcp=81f88b70&idc=my,"Fanpages: Saabirose
IG: saabirose22__
Booking SAABIROSE: saabirose@nomadmgmt.vn",saabirose22,447,302.4K,7.2M,https://www.tiktok.com/link/v2?aid=1988&lang=en&scene=bio_url&target=https%3A%2F%2Finfluzee.com%2Fsaabirose22,influzee.com/saabirose22
g.minhtrg,Chá»§ Tá»‹ch TrÆ°Æ¡ng,https://p16-sign-sg.tiktokcdn.com/tos-alisg-avt-0068/fdc5cca0c2b19f0911a62c3fe7424cdc~tplv-tiktokx-cropcenter:1080:1080.jpeg?dr=14579&refresh_token=3af93b26&x-expires=1753372800&x-signature=1Io4EvkkIYjceFj%2Fc5hE93rnfpc%3D&t=4d5b0474&ps=13740610&shp=a5d48078&shcp=81f88b70&idc=my,"ig:g.minhtrg
Acc phá»¥ cá»§a t nÃ¨ bÃ¢y
@Chá»§ Tá»‹ch TrÆ°Æ¡ng 2
@Huhiho",g.minhtrg,35,137.1K,22.6M,,
khoadibao,Khoa BÃ¡o ğŸ†,https://p16-sign-sg.tiktokcdn.com/tos-alisg-avt-0068/41acd928d5e64ad4a08e961296c6d51a~tplv-tiktokx-cropcenter:1080:1080.jpeg?dr=14579&refresh_token=92b9a1ce&x-expires=1753372800&x-signature=b2i%2BnE7nH2b%2FfO1lboCzZ%2F8pbZM%3D&t=4d5b0474&ps=13740610&shp=a5d48078&shcp=81f88b70&idc=my,ğŸ“ğŸ‘‰ğŸ»LiÃªn Há»‡ Trá»±c Tiáº¿p TikTokğŸ‘ˆğŸ»ğŸ“,khoadibao,8,716K,16.3M,,
jimvavksarah,jimvavksarah,https://p16-sign-sg.tiktokcdn.com/tos-alisg-avt-0068/84bdb96e818729a8f7ec03e1d61a32a4~tplv-tiktokx-cropcenter:1080:1080.jpeg?dr=14579&refresh_token=ee69d2b1&x-expires=1753372800&x-signature=%2BIMIHBGk%2FltCxNhBV2xXt%2BUXUy4%3D&t=4d5b0474&ps=13740610&shp=a5d48078&shcp=81f88b70&idc=my,"ğŸ“© : jimvavksarah@gmail.com
 
ğŸ“¸ IG: tram_anhdao
       ph.minhduc152",jimvavksarah,8,517.7K,36.9M,,
hungpham_18,HÃ¹ng Pháº¡m,https://p16-common-sign-useastred.tiktokcdn-eu.com/tos-useast2a-avt-0068-aiso/80d0a69e29d34b919724ea9871861378~tplv-tiktokx-cropcenter:1080:1080.jpeg?dr=14579&refresh_token=5e14e959&x-expires=1753372800&x-signature=MBA%2FSUkNgRiUGH52sTZMjs%2BwKpw%3D&t=4d5b0474&ps=13740610&shp=a5d48078&shcp=81f88b70&idc=my,"ğŸ“LiÃªn Há»‡ Quáº£ng CÃ¡oğŸ“
A. Toáº£n  0908444267
Giáº£i Báº¡c SiÃªu Máº«u Viá»‡t Nam 2018",hungpham_18,53,472.7K,16.7M,https://www.tiktok.com/link/v2?aid=1988&lang=en&scene=bio_url&target=https%3A%2F%2Fwww.facebook.com%2FHungPhamMH,www.facebook.com/HungPhamMH
chayxidach,ChÃ¢y XÃ¬ DÃ¡ch,https://p16-sign-sg.tiktokcdn.com/tos-alisg-avt-0068/164ff4a4873d569beddf4e3d9f12d760~tplv-tiktokx-cropcenter:1080:1080.jpeg?dr=14579&refresh_token=8ccf38d0&x-expires=1753372800&x-signature=1qlI7pCXzyvFZx68eV1ZgIg0tsg%3D&t=4d5b0474&ps=13740610&shp=a5d48078&shcp=81f88b70&idc=my,"i dont chÃ¢y, i xÃ¬ dÃ¡ch
24
ğŸ’Œ chayxidach@sparkle-media.vn (for WORK)",chayxidach,411,484K,46.1M,https://www.tiktok.com/link/v2?aid=1988&lang=en&scene=bio_url&target=https%3A%2F%2Fbeacons.ai%2Fchayxidach,beacons.ai/chayxidach
kyduyn9,Acc phá»¥ Äka,https://p16-sign-sg.tiktokcdn.com/tos-alisg-avt-0068/81d05190122ae4fd2b754b7187971ca4~tplv-tiktokx-cropcenter:1080:1080.jpeg?dr=14579&refresh_token=a210de68&x-expires=1753372800&x-signature=jH7Rz6YRF7e3In7Zyjx6iQg3bNI%3D&t=4d5b0474&ps=13740610&shp=a5d48078&shcp=81f88b70&idc=my,"ig: kyduyn997
Acc phá»¥ @Äka SÃ¬ GÃ²n",kyduyn9,21,198.3K,10.7M,,
mucnuong.09,Má»±c nÆ°á»›ngg,https://p16-sign-useast2a.tiktokcdn.com/tos-useast2a-avt-0068-euttp/45789edfbb74206f5e08aaaa8e39df35~tplv-tiktokx-cropcenter:1080:1080.jpeg?dr=14579&refresh_token=e6af9361&x-expires=1753372800&x-signature=XaVFOr%2FwZe7A9TLhyDl27tuG1E0%3D&t=4d5b0474&ps=13740610&shp=a5d48078&shcp=81f88b70&idc=my,ğŸ‘‡ğŸ»Äá»“ mÃ¬nh mua á»Ÿ dÆ°á»›i Ä‘Ã¢y háº¿t nÃ¨ğŸ‘‡ğŸ»,mucnuong.09,35,126.4K,3.6M,https://www.tiktok.com/link/v2?aid=1988&lang=en&scene=bio_url&target=https%3A%2F%2Finstabio.cc%2Fmucnuong99,instabio.cc/mucnuong99
btnhuy199x,BÃ¹i Thá»‹ NhÆ° Ã â™ï¸,https://p16-sign-sg.tiktokcdn.com/tos-alisg-avt-0068/3273d81ff62e4f6396a8bd260ecaa3c4~tplv-tiktokx-cropcenter:1080:1080.jpeg?dr=14579&refresh_token=10b323db&x-expires=1753372800&x-signature=ZIXKBn4b87XtJBojs7VfzsmNzYE%3D&t=4d5b0474&ps=13740610&shp=a5d48078&shcp=81f88b70&idc=my,1 cÃ´ gÃ¡i tÃ­ch cá»±c cÃ³ chá»“ng vÃ  1 bÃ© trai â¤ï¸â€ğŸ”¥acc phá»¥ @Máº¹ Ã vÃ  CÃ  PhÃªâœ…,btnhuy199x,425,153K,3.9M,https://www.tiktok.com/link/v2?aid=1988&lang=en&scene=bio_url&target=https%3A%2F%2Fwww.facebook.com%2Fshare%2F198VBwdX6y%2F%3Fmibextid%3DwwXIfr,www.facebook.com/share/198VBwdX6y/?mibextid=wwXIfr
tring.10,Äi lÃ m cÃ¹ng Tringg,https://p16-sign-sg.tiktokcdn.com/tos-alisg-avt-0068/b62f0cdf451fc25a1343ed3333c32e7c~tplv-tiktokx-cropcenter:1080:1080.jpeg?dr=14579&refresh_token=e8015488&x-expires=1753372800&x-signature=c%2BaGAVubqql6zcoFPBKoXyr5mMI%3D&t=4d5b0474&ps=13740610&shp=a5d48078&shcp=81f88b70&idc=my,ÄÃ¢y lÃ  acc má»›i áº¡ğŸ«¡,tring.10,3,1331,81.5K,,
ngkhangg.008,A ri Ã©,https://p16-sign-sg.tiktokcdn.com/tos-alisg-avt-0068/fd5205ece491c73aa3111245555c919f~tplv-tiktokx-cropcenter:1080:1080.jpeg?dr=14579&refresh_token=90d11944&x-expires=1753372800&x-signature=F4POX2oM2fmhLAxMJir18e6HnOo%3D&t=4d5b0474&ps=13740610&shp=a5d48078&shcp=81f88b70&idc=my,"Ny: @Aries_â˜» 
contacrt cv: 09ï¸âƒ£62ï¸âƒ£31ï¸âƒ£46ï¸âƒ£27ï¸âƒ£
12h trÆ°a live
Táº¥t cáº£ cÃ³ á»Ÿ BioğŸ‘‡",ngkhangg.008,222,44.6K,6.4M,https://www.tiktok.com/link/v2?aid=1988&lang=en&scene=bio_url&target=https%3A%2F%2Flinkbio.co%2FNgkhang,linkbio.co/Ngkhang
tin_nguyen_9,TÃ­n Nguyá»…n,https://p16-sign-sg.tiktokcdn.com/tos-alisg-avt-0068/c7cfa8faab2c7a8c37b90f22e1eb4392~tplv-tiktokx-cropcenter:1080:1080.jpeg?dr=14579&refresh_token=e543ed29&x-expires=1753372800&x-signature=Z1wyVngQuaNJmZOtWYsAj%2Fs9IvY%3D&t=4d5b0474&ps=13740610&shp=a5d48078&shcp=81f88b70&idc=my,"Diá»…n viÃªn - Dancer
Contact for work: duytuongle@gmail.com",tin_nguyen_9,130,5.4M,294.3M,https://www.tiktok.com/link/v2?aid=1988&lang=en&scene=bio_url&target=https%3A%2F%2Fbeacons.ai%2Ftinnguyen97,beacons.ai/tinnguyen97
hcbcuto,HoÃ ng Cá»­u Báº£o - LÃ£o Cá»­u ğŸ’,https://p16-sign-sg.tiktokcdn.com/tos-alisg-avt-0068/f375ddf8997683ada7e1d0f4f8d8bcd0~tplv-tiktokx-cropcenter:1080:1080.jpeg?dr=14579&refresh_token=c72c4ad1&x-expires=1753372800&x-signature=Ee7Fvhw0jh2K7pg3L6k6XeOUuBg%3D&t=4d5b0474&ps=13740610&shp=a5d48078&shcp=81f88b70&idc=my,"ğŸ“ig: hcb.cuto 
@LÃ£o Cá»­u Báº£o",hcbcuto,68,569.7K,18M,https://www.tiktok.com/link/v2?aid=1988&lang=en&scene=bio_url&target=https%3A%2F%2Fwww.facebook.com%2Fcuu.bao.hoang.561462%3Fmibextid%3DwwXIfr%26mibextid%3DwwXIfr,www.facebook.com/cuu.bao.hoang.561462?mibextid=wwXIfr&mibextid=wwXIfr
thaivu630,Tráº§n VÅ© ThÃ¡i,https://p16-sign-sg.tiktokcdn.com/tos-alisg-avt-0068/62f97b4463823247e72dec539552c1b8~tplv-tiktokx-cropcenter:1080:1080.jpeg?dr=14579&refresh_token=9ce698d0&x-expires=1753372800&x-signature=X11UWLuwZaYq5YOAbdJNfF8RzT4%3D&t=4d5b0474&ps=13740610&shp=a5d48078&shcp=81f88b70&idc=my,No bio yet.,thaivu630,63,68.1K,1.2M,,
ly.l7737,Ly LÃª,https://p9-sign-sg.tiktokcdn.com/tos-alisg-avt-0068/781a66e5b2b879d2bbbde5fd6700748f~tplv-tiktokx-cropcenter:1080:1080.jpeg?dr=14579&refresh_token=1da5a105&x-expires=1753372800&x-signature=Q15Qw6FobE4A9TYjEZaLeSVTnww%3D&t=4d5b0474&ps=13740610&shp=a5d48078&shcp=81f88b70&idc=my,"Childfree by choice

Ig: not.crocheting",ly.l7737,29,143.7K,6.4M,,
losedemon1,ä½ å¤§çˆ·,https://p16-sign-va.tiktokcdn.com/tos-maliva-avt-0068/e104e4f3d8a1476db80572149d7a8f62~tplv-tiktokx-cropcenter:1080:1080.jpeg?dr=14579&refresh_token=90255f0d&x-expires=1753372800&x-signature=i%2FJB5IAF2ukB19wLf0pnKo8%2BHTQ%3D&t=4d5b0474&ps=13740610&shp=a5d48078&shcp=81f88b70&idc=my,No bio yet.,losedemon1,15,3115,955.5K,,
quanganhsurprise,âœ¨ Quang Anh Surprise âœ¨,https://p16-sign-sg.tiktokcdn.com/tos-alisg-avt-0068/05c7ee71edc707159236c844ded9bfae~tplv-tiktokx-cropcenter:1080:1080.jpeg?dr=14579&refresh_token=2266c072&x-expires=1753372800&x-signature=3HvwWkq2ub3MNFcF89uXb2%2BIqxg%3D&t=4d5b0474&ps=13740610&shp=a5d48078&shcp=81f88b70&idc=my,"âœ¨ğŸ‡»ğŸ‡³âœ¨
Äang siáº¿t cÆ¡
Contact WorksğŸ“©: lequanganh7a@gmail.com 
Link Ä‘á»“ mÃ¬nh máº·c â¬‡ï¸",quanganhsurprise,492,49.4K,937.4K,https://www.tiktok.com/link/v2?aid=1988&lang=en&scene=bio_url&target=beacons.page%2Fquanganhsurprise,beacons.page/quanganhsurprise
hatrangnee,Chang HÆ¡i NgÆ¡ ğŸ¥‘,https://p16-sign-sg.tiktokcdn.com/tos-alisg-avt-0068/e10932003e218bd234283f502c9fb713~tplv-tiktokx-cropcenter:1080:1080.jpeg?dr=14579&refresh_token=1b511847&x-expires=1753372800&x-signature=9V6SZyZfKRixsekxjbCRl8KOYMs%3D&t=4d5b0474&ps=13740610&shp=a5d48078&shcp=81f88b70&idc=my,"ğŸ‘¡ 0963.1ï¸âƒ£1ï¸âƒ£6ï¸âƒ£.305
Home Xinh Ä‘Ã¢y @á» ÄÃ¢y CÃ³ Home Xinh ğŸ¡",hatrangnee,261,151.9K,4.9M,https://www.tiktok.com/link/v2?aid=1988&lang=en&scene=bio_url&target=beacons.ai%2Fhatrangne,beacons.ai/hatrangne
lliinnhhllyy,Muá»‘n lÃ m há»c sinh lá»›p10,https://p16-sign-va.tiktokcdn.com/tos-maliva-avt-0068/d656cac728ab50b02b59b4d243542a08~tplv-tiktokx-cropcenter:1080:1080.jpeg?dr=14579&refresh_token=ebba69ed&x-expires=1753372800&x-signature=aab7OmSRgwA3pvvugZ7znyW1QZY%3D&t=4d5b0474&ps=13740610&shp=a5d48078&shcp=81f88b70&idc=my,"ğŸŒ·
Ins:llinkiwmyg
For work: o325..039..o45
Náº¿u lÃ  hoa, hÃ£y lÃ  hoa hÆ°á»›ng dÆ°Æ¡ng...",lliinnhhllyy,15,659.5K,22M,https://www.tiktok.com/link/v2?aid=1988&lang=en&scene=bio_url&target=https%3A%2F%2Fbeacons.ai%2Flinhlinhi,beacons.ai/linhlinhi
sungacacdettrai,SÃ¹ng A Cac,https://p16-sign-sg.tiktokcdn.com/tos-alisg-avt-0068/6b8b3c6507a79da8a35158ad256a4f0a~tplv-tiktokx-cropcenter:1080:1080.jpeg?dr=14579&refresh_token=736859bb&x-expires=1753372800&x-signature=29EH4HmidBfeD2LXhov%2FUN8lx9A%3D&t=4d5b0474&ps=13740610&shp=a5d48078&shcp=81f88b70&idc=my,No bio yet.,sungacacdettrai,38,6717,848.5K,,
huyson28111994,Nguyá»…n Huy SÆ¡n 1994,https://p9-sign-sg.tiktokcdn.com/tos-alisg-avt-0068/f4e99453136311945192909c055e7af4~tplv-tiktokx-cropcenter:1080:1080.jpeg?dr=14579&refresh_token=e3aab91c&x-expires=1753372800&x-signature=%2FGyurUjvurOJuDSeKQanKrkz7ZA%3D&t=4d5b0474&ps=13740610&shp=a5d48078&shcp=81f88b70&idc=my,Nguyá»…n Huy SÆ¡n sn 28/11/1994 VÄƒn hoÃ¡ 12/12 QuÃª Táº£n LÄ©nh Ba VÃ¬ HÃ  Ná»™i,huyson28111994,362,63.8K,1.3M,,
cheems_nvk7,"ğ•·Ã£ğ–”ğ•¿Ã´ğ–“ ""è€å¨ """,https://p9-sign-sg.tiktokcdn.com/tos-alisg-avt-0068/12a066314e1c51f719e0ccfd93032566~tplv-tiktokx-cropcenter:1080:1080.jpeg?dr=14579&refresh_token=14482bf3&x-expires=1753372800&x-signature=OeW8v36nVm%2BRduIiM1MCTicbuOU%3D&t=4d5b0474&ps=13740610&shp=a5d48078&shcp=81f88b70&idc=my,"KÃªnh giáº£i trÃ­ ğŸ‘‰Kamen rider
Cre:Douyin
ğŸ“© vankhanhpro2007@gmail.com
FB liÃªn há»‡ğŸ‘‡",cheems_nvk7,7,311K,24.9M,https://www.tiktok.com/link/v2?aid=1988&lang=en&scene=bio_url&target=https%3A%2F%2Fwww.facebook.com%2Fprofile.php%3Fid%3D100075540444421,www.facebook.com/profile.php?id=100075540444421
hoang.thao12345,Minh HÃ  Review,https://p16-sign-sg.tiktokcdn.com/tos-alisg-avt-0068/528f451df7703cee34cad07abd414252~tplv-tiktokx-cropcenter:1080:1080.jpeg?dr=14579&refresh_token=aba6ea00&x-expires=1753372800&x-signature=k60Ph5zwb%2FX6vO5RDEQHt%2FcYMTg%3D&t=4d5b0474&ps=13740610&shp=a5d48078&shcp=81f88b70&idc=my,Báº¥m link nháº­n quÃ  0â‚« nha,hoang.thao12345,921,3322,17.1K,,
lap.mv,á´¸á´¬á´¾  á´¹â±½,https://p16-sign-sg.tiktokcdn.com/tos-alisg-avt-0068/390e458aeae72d171738e5ccd7c91583~tplv-tiktokx-cropcenter:1080:1080.jpeg?dr=14579&refresh_token=177dd8c7&x-expires=1753372800&x-signature=FxHlOb0IGaqkba7JKeoiCge0COU%3D&t=4d5b0474&ps=13740610&shp=a5d48078&shcp=81f88b70&idc=my,No bio yet.,lap.mv,50,2692,117.9K,,
haruka697,haruka,https://p16-sign-sg.tiktokcdn.com/tos-alisg-avt-0068/6b64dde9d53c9cb0f0b96649c30fc2ba~tplv-tiktokx-cropcenter:1080:1080.jpeg?dr=14579&refresh_token=a2e826e8&x-expires=1753372800&x-signature=bSZDj01l3g5JQ7tqXXBIxfaf37s%3D&t=4d5b0474&ps=13740610&shp=a5d48078&shcp=81f88b70&idc=my,"má»¥c tiÃªu 5000fl
yayyyy cáº£m Æ¡n mn vÃ¬ 1000flğŸ’—ğŸ’—ğŸ’—
video chá»‰ mang tÃ­nh cháº¥t giáº£i trÃ­ vÃ  giÃºp mn hiá»ƒu bt vÃ  cáº£nh giÃ¡c hÆ¡n",haruka697,18,2745,86.2K,,
ducanhnghienbongda,Äá»©c Anh nghiá»‡n BÃ³ng ÄÃ¡,https://p16-sign-sg.tiktokcdn.com/tos-alisg-avt-0068/61d173d750e0f216ae9b98ee1cc17e5f~tplv-tiktokx-cropcenter:1080:1080.jpeg?dr=14579&refresh_token=e1d90a7e&x-expires=1753372800&x-signature=zFnTsPIv9ivuPsqXsJ1uY7wW8to%3D&t=4d5b0474&ps=13740610&shp=a5d48078&shcp=81f88b70&idc=my,"Hey football fan! Follow me now ğŸ¤©
Work: 037 8586 751 (Ms PhÆ°Æ¡ng)",ducanhnghienbongda,4,675K,10.3M,https://www.tiktok.com/link/v2?aid=1988&lang=en&scene=bio_url&target=Ducanhthethaovtvcab%40gmail.com,Ducanhthethaovtvcab@gmail.com
duyaov061201,Duy AOV,https://p16-sign-sg.tiktokcdn.com/tos-alisg-avt-0068/ed460599bd12e63e864ac9ed224fc7c6~tplv-tiktokx-cropcenter:1080:1080.jpeg?dr=14579&refresh_token=9b357eee&x-expires=1753372800&x-signature=O6dOqPOB%2BZGYIV8UpxlikWLvjLw%3D&t=4d5b0474&ps=13740610&shp=a5d48078&shcp=81f88b70&idc=my,"Creator SSTS
Mua bÃ¡n acc liÃªn quÃ¢n táº¡i
ğŸ‘‡",duyaov061201,43,3859,1.1M,https://www.tiktok.com/link/v2?aid=1988&lang=en&scene=bio_url&target=https%3A%2F%2Fbeacons.ai%2Fduyaov,beacons.ai/duyaov
camauphuong9,CaMauPhuong9,https://p16-sign-sg.tiktokcdn.com/tos-alisg-avt-0068/fefcb726cfebe78720c3b15fc9447b95~tplv-tiktokx-cropcenter:1080:1080.jpeg?dr=14579&refresh_token=206879ea&x-expires=1753372800&x-signature=xGCMKDm1eWF2qjcmTozP3GTwcbQ%3D&t=4d5b0474&ps=13740610&shp=a5d48078&shcp=81f88b70&idc=my,No bio yet.,camauphuong9,4,209.2K,8.7M,,
toquang2001,LadyKillerâœ…,https://p16-sign-useast2a.tiktokcdn.com/tos-useast2a-avt-0068-aiso/a65fc7daacbd44ee5ef8bd078618a751~tplv-tiktokx-cropcenter:1080:1080.jpeg?dr=14579&refresh_token=5963869a&x-expires=1753372800&x-signature=d5IPYz371rqqqbiSa%2FphjJotOSo%3D&t=4d5b0474&ps=13740610&shp=a5d48078&shcp=81f88b70&idc=my,"LiÃªn QuÃ¢n Mobile ğŸ‡»ğŸ‡³
Email: tovanquang001 @ gmail. com",toquang2001,17,233.9K,33.5M,,
taitc2000,TÃ€I TC ğŸ‡»ğŸ‡³,https://p16-sign-sg.tiktokcdn.com/tos-alisg-avt-0068/ec2357007afdcb6223707b6d0137251f~tplv-tiktokx-cropcenter:1080:1080.jpeg?dr=14579&refresh_token=22d74064&x-expires=1753372800&x-signature=JgnO46aDQYl2GcDTaOQkTCydXYg%3D&t=4d5b0474&ps=13740610&shp=a5d48078&shcp=81f88b70&idc=my,áº¸c FF Uy tÃ­n,taitc2000,136,1.4M,19.2M,https://www.tiktok.com/link/v2?aid=1988&lang=en&scene=bio_url&target=https%3A%2F%2Flinkbio.co%2Ftaitcvn,linkbio.co/taitcvn
ae888gamingz,AÍ™EÍ™8Í™8Í™8Í™ Gamingz,https://p16-sign-sg.tiktokcdn.com/tos-alisg-avt-0068/a0fe161d4529a7e25296f16d44129a78~tplv-tiktokx-cropcenter:1080:1080.jpeg?dr=14579&refresh_token=802abf3d&x-expires=1753372800&x-signature=wAhZH0%2B6ivJ4iNuAmxSmCDPtJpI%3D&t=4d5b0474&ps=13740610&shp=a5d48078&shcp=81f88b70&idc=my,GiÃºp Báº¡n TÃ¬m Ra Tá»±a Game Hay Nháº¥t,ae888gamingz,0,16.2K,191.9K,,
duocmbappe,ÄÆ¯á»¢C MBAPPE ğŸ‡»ğŸ‡³,https://p16-sign-sg.tiktokcdn.com/tos-alisg-avt-0068/09d42208a00e4bc82cef6d04b6089641~tplv-tiktokx-cropcenter:1080:1080.jpeg?dr=14579&refresh_token=89ca1d24&x-expires=1753372800&x-signature=xKXv2VY%2FoYQWcnYqhRLsoq9a4Ig%3D&t=4d5b0474&ps=13740610&shp=a5d48078&shcp=81f88b70&idc=my,"HÃ£y Ä‘á»ƒ Ä‘Ã´i chÃ¢n cá»§a tÃ´i thuyáº¿t phá»¥c báº¡n ğŸ‚ğŸƒ
Work: dkp1113@gmail.com",duocmbappe,36,170.8K,2.1M,https://www.tiktok.com/link/v2?aid=1988&lang=en&scene=bio_url&target=https%3A%2F%2Fwww.facebook.com%2Fshare%2F16wEzpnYkB%2F%3Fmibextid%3DwwXIfr,www.facebook.com/share/16wEzpnYkB/?mibextid=wwXIfr
hidding0911,hidding0911,https://p16-sign-sg.tiktokcdn.com/tos-alisg-avt-0068/90402b392181f8ba15051a7c91f2d574~tplv-tiktokx-cropcenter:1080:1080.jpeg?dr=14579&refresh_token=d305d32c&x-expires=1753372800&x-signature=da8%2FDOeaql1CTRYRi1QR2vN04VQ%3D&t=4d5b0474&ps=13740610&shp=a5d48078&shcp=81f88b70&idc=my,"Xá»‘p tui : hiddingxtulo.com
NhÃ© anh em",hidding0911,0,53.6K,842.1K,,
anyaforgervn,âœ¨NeverGiveUpğŸ˜®â€ğŸ’¨âœ¨,https://p16-sign-sg.tiktokcdn.com/tos-alisg-avt-0068/af2755fc18087c90c11566384fef6779~tplv-tiktokx-cropcenter:1080:1080.jpeg?dr=14579&refresh_token=58adabb9&x-expires=1753372800&x-signature=7NVNSBU%2F51J%2FvfbAfLKJOEbrVU8%3D&t=4d5b0474&ps=13740610&shp=a5d48078&shcp=81f88b70&idc=my,"110k-->120k
*Video chá»‰ mang má»¥c Ä‘Ã­ch giáº£i trÃ­*",anyaforgervn,2215,124.2K,2.4M,,
accdesoigaixinh11,vthi ğŸ«§,https://p16-sign-sg.tiktokcdn.com/tos-alisg-avt-0068/19d450f8bef0d861eed6a637f28c2e3d~tplv-tiktokx-cropcenter:1080:1080.jpeg?dr=14579&refresh_token=7940344e&x-expires=1753372800&x-signature=5Jh0XVW0EpiKYcij1Qy6zPzJ%2FnU%3D&t=4d5b0474&ps=13740610&shp=a5d48078&shcp=81f88b70&idc=my,@nu ğŸ§¸,accdesoigaixinh11,48,107,32.4K,,
mamtv.31,Máº¯mTiZiiâœ¨,https://p16-sign-sg.tiktokcdn.com/tos-alisg-avt-0068/b40fd8221edd2fcc69967872600df6f1~tplv-tiktokx-cropcenter:1080:1080.jpeg?dr=14579&refresh_token=7a9a41e4&x-expires=1753372800&x-signature=LXu5wIZdYd4tuBXMo3v05F0Dnw8%3D&t=4d5b0474&ps=13740610&shp=a5d48078&shcp=81f88b70&idc=my,"ContactJob:mamtv0301@gmail.com
@Háº£i ÄÄƒng FF ğŸ’¥
Muá»‘n cÃ³ ğŸ’ thÃ¬ thá»­ váº­n may á»ŸğŸ‘‡ğŸ»",mamtv.31,120,2.3M,52.9M,https://www.tiktok.com/link/v2?aid=1988&lang=en&scene=bio_url&target=https%3A%2F%2Fbeacons.ai%2Fmamtv,beacons.ai/mamtv
fiqblink,â‚„â‚€â‚„â‚‘áµ£áµ£â‚’áµ£,https://p16-sign-sg.tiktokcdn.com/tos-alisg-avt-0068/edcf0c0b783201ed2c1ece72ad7c3391~tplv-tiktokx-cropcenter:1080:1080.jpeg?dr=14579&refresh_token=0cd037a6&x-expires=1753372800&x-signature=kVHr4TZwLckKqOnfr9Owi08ZnAU%3D&t=4d5b0474&ps=13740610&shp=a5d48078&shcp=81f88b70&idc=my,No bio yet.,fiqblink,1652,32.5K,7.7M,,
60giay.com,60giay.com,https://p9-sign-sg.tiktokcdn.com/tos-alisg-avt-0068/a8d4b7732b5e62c93f63cb299994bfa3~tplv-tiktokx-cropcenter:1080:1080.jpeg?dr=14579&refresh_token=09c64eb3&x-expires=1753372800&x-signature=HGMD4nX%2FOVnn9r00XHVAUrgDovE%3D&t=4d5b0474&ps=13740610&shp=a5d48078&shcp=81f88b70&idc=my,"ğŸ“² KÃŠNH TIN Tá»¨C Äá»œI Sá»NG XÃƒ Há»˜I ğŸ‡»ğŸ‡³
Hotline: 0983.663.092
Mail: sales@kenh28.vn",60giay.com,23,10.6M,1.3B,,
bng.bng1998,BÃ´ng BÃ´ngâ˜˜ï¸,https://p16-sign-sg.tiktokcdn.com/tos-alisg-avt-0068/ba94605579103890de4792559ede874e~tplv-tiktokx-cropcenter:1080:1080.jpeg?dr=14579&refresh_token=13738820&x-expires=1753372800&x-signature=5Z6csb6alTYLJ3y3bZPTvPTIDCs%3D&t=4d5b0474&ps=13740610&shp=a5d48078&shcp=81f88b70&idc=my,No bio yet.,bng.bng1998,138,2271,226.7K,,
kenh14official,Kenh14.vn,https://p16-sign-sg.tiktokcdn.com/tos-alisg-avt-0068/60d4638e8f8638d1552a24690205c760~tplv-tiktokx-cropcenter:1080:1080.jpeg?dr=14579&refresh_token=9ddf6eb2&x-expires=1753372800&x-signature=VFcwYNq19cG0JppL%2BwDKe3spp6g%3D&t=4d5b0474&ps=13740610&shp=a5d48078&shcp=81f88b70&idc=my,Contact: bookingsocial@admicro.vn,kenh14official,6,7.7M,538.2M,https://www.tiktok.com/link/v2?aid=1988&lang=en&scene=bio_url&target=https%3A%2F%2Flinkbio.co%2Fkenh14official,linkbio.co/kenh14official
hina_14299,âœ¨Hina Quá»³nh NhÆ°âœ¨,https://p9-sign-sg.tiktokcdn.com/tos-alisg-avt-0068/cfe7307cd9cad22cbcccf907956b31b4~tplv-tiktokx-cropcenter:1080:1080.jpeg?dr=14579&refresh_token=e49391d1&x-expires=1753372800&x-signature=nSd3OOqyeNZwqxsoAckM8ABpnag%3D&t=4d5b0474&ps=13740610&shp=a5d48078&shcp=81f88b70&idc=my,"Follow kÃªnh Hina Secret ná»¯a nhaâ¤ï¸
ForWork only
hinaquynhnhumukbang@gmail.com",hina_14299,456,1.4M,19.6M,,
huongstore.06,Kem che khuyáº¿t Ä‘iá»ƒm ğŸ°,https://p16-sign-sg.tiktokcdn.com/tos-alisg-avt-0068/a3afced1d7fe88576dcbccded38a590c~tplv-tiktokx-cropcenter:1080:1080.jpeg?dr=14579&refresh_token=f0729ba0&x-expires=1753372800&x-signature=zrpHCEcTp4Kbk%2FOnYA%2FAEv2OJYs%3D&t=4d5b0474&ps=13740610&shp=a5d48078&shcp=81f88b70&idc=my,"Kem che thÃ¢m sáº¹o,che xÃ¢m,má»¥n á»Ÿ giá» hÃ ng nhağŸš©
@Kem che khuyáº¿t Ä‘iá»ƒm âœ…",huongstore.06,13,52.5K,4.1M,https://www.tiktok.com/link/v2?aid=1988&lang=en&scene=bio_url&target=https%3A%2F%2Fwww.facebook.com%2Fshare%2F1ZzKSrBJ7f%2F%3Fmibextid%3DwwXIfr,www.facebook.com/share/1ZzKSrBJ7f/?mibextid=wwXIfr
bstuanduong.official.vn,BÃ¡c Sá»¹ Tuáº¥n DÆ°Æ¡ng,https://p16-common-sign-useastred.tiktokcdn-eu.com/tos-useast2a-avt-0068-euttp/7326491985815011360~tplv-tiktokx-cropcenter:1080:1080.jpeg?dr=14579&refresh_token=7eef6d8c&x-expires=1753372800&x-signature=kG2qbJizGUdxdVl9yVAROWwTIKY%3D&t=4d5b0474&ps=13740610&shp=a5d48078&shcp=81f88b70&idc=my,"Pháº«u thuáº­t tháº©m má»¹ Äáº¡i Há»c Y HÃ  Ná»™i
Hotline: 0962.886.656
CÆ¡ sá»Ÿ : HÃ  Ná»™i-SÃ i GÃ²n",bstuanduong.official.vn,2311,313.5K,8.2M,https://www.tiktok.com/link/v2?aid=1988&lang=en&scene=bio_url&target=beacons.ai%2Fbstuanduong,beacons.ai/bstuanduong
17showbiz.official,17 Showbiz,https://p16-sign-va.tiktokcdn.com/tos-maliva-avt-0068/8a1753dfeb5b010ea7f74a04df855be0~tplv-tiktokx-cropcenter:1080:1080.jpeg?dr=14579&refresh_token=5e814cd7&x-expires=1753372800&x-signature=h4JD8r5%2BGSplruMsvWYL942Efa0%3D&t=4d5b0474&ps=13740610&shp=a5d48078&shcp=81f88b70&idc=my,For work: 0888.669.924 (Phá»¥c),17showbiz.official,6,78.6K,9.1M,,
tu.anh.tr,TÃº Anh Tr,https://p9-sign-sg.tiktokcdn.com/tos-alisg-avt-0068/f849aac93046807f8968914432eb5a2e~tplv-tiktokx-cropcenter:1080:1080.jpeg?dr=14579&refresh_token=9c27d366&x-expires=1753372800&x-signature=4sf4JA9AV9LcGga9kWXBCj9XOIg%3D&t=4d5b0474&ps=13740610&shp=a5d48078&shcp=81f88b70&idc=my,No bio yet.,tu.anh.tr,1339,10.7K,743.1K,,
hoangdinhanlinhkit,HoÃ ng & Linh CÃ³ Sao NÃ³i Váº­y,https://p16-sign-sg.tiktokcdn.com/tos-alisg-avt-0068/a3d26af3a80352231136c2e3c284ee4f~tplv-tiktokx-cropcenter:1080:1080.jpeg?dr=14579&refresh_token=b4daa051&x-expires=1753372800&x-signature=VOwxEnHbKYO4IVY1O%2BWvPxIiRUU%3D&t=4d5b0474&ps=13740610&shp=a5d48078&shcp=81f88b70&idc=my,"Review sáº£n pháº©m tháº­t - dÃ¹ng tháº­t 
ğŸ¤ Nháº­n há»£p tÃ¡c máº«u cháº¥t lÆ°á»£ng 
LH :9292.70707",hoangdinhanlinhkit,10,88.3K,2.8M,,
boy.l.j,THáº¤TğŸ’—,https://p16-sign-sg.tiktokcdn.com/tos-alisg-avt-0068/7a9725993a9890e2b4b75f8acdacccff~tplv-tiktokx-cropcenter:1080:1080.jpeg?dr=14579&refresh_token=bd21a295&x-expires=1753372800&x-signature=mxgxTGzHMbSVpZKMPqzcsjS%2FvCg%3D&t=4d5b0474&ps=13740610&shp=a5d48078&shcp=81f88b70&idc=my,acc má»›i fl mik ik  acc chÃ­nh@T H áº¤ T ğŸ‚ğŸ”¥,boy.l.j,5,11.4K,173.3K,,
