author,time_published,description,hashtags,music,engagement,video_url
"{'username': 'cheemstritue', 'nickname': 'Cheems trÃ­ tuá»‡'}",,Chuyá»‡n háº¡t dáº»,"['#cheems', '#xuhuong', '#viral']","{'title': 'nháº¡c ná»n  - Cheems trÃ­ tuá»‡', 'link': '/music/nháº¡c-ná»n-Cheems-trÃ­-tuá»‡-7528367505690069761'}","{'likes': '74.2K', 'comments': '543', 'shares': '1637'}",https://www.tiktok.com/@cheemstritue/video/7528367473939336455
"{'username': 'manh6trai', 'nickname': 'Máº¡nh 6 Try'}",,Anh Ä‘Ã¡nh Ä‘á»•i cáº£ tÆ°Æ¡ng laiâ€¦ tÃ´i ko giáº¥u ná»¯a nhÃ©,"['#manh6try', '#myoutfit', '#viral', '#jack', '#j97']","{'title': 'nháº¡c ná»n  - thu', 'link': '/music/nháº¡c-ná»n-thu-7495745468371061520'}","{'likes': '303.9K', 'comments': '3426', 'shares': '38.9K'}",https://www.tiktok.com/@manh6trai/video/7529485621119798535
"{'username': 'anhtuan6601', 'nickname': 'âš¡Nguyá»…n Tuáº¥nğŸ‘‘ğŸ’¥'}",,CÃ¡i Káº¿t Ä‘áº¯ng,"['#bonguyentuan', '#nguyá»…ntuáº¥ntÃ³cboyphá»‘', '#xuhuong', '#mÃ unhuá»™mnguyá»…ntuáº¥n', '#tÃ³chÃªutrÃ ngtiá»n', '#xiang', '#hoangcuubao']","{'title': 'nháº¡c ná»n  - BECK SHOP VN', 'link': '/music/nháº¡c-ná»n-BECK-SHOP-VN-7525769469126986497'}","{'likes': '36.3K', 'comments': '165', 'shares': '1165'}",https://www.tiktok.com/@anhtuan6601/video/7529764247136423175
"{'username': 'puntay20', 'nickname': 'Pun thÃ­ch nháº£y cÃ¹ng tÃ¢y'}",,Ã“i Ã²i oi,[],"{'title': 'nháº¡c ná»n - DCee Gia Huy', 'link': '/music/nháº¡c-ná»n-7523926719661607681'}","{'likes': '151.3K', 'comments': '735', 'shares': '36.8K'}",https://www.tiktok.com/@puntay20/video/7528326499716451601
"{'username': 'cocnews8', 'nickname': 'Cá»‘c News'}",,NÃ³i bá»‹ bÃ³ng Ä‘Ã¨ khÃ´ng ai tin ğŸ˜…,"['#Cá»‘cnews', '#coccoc', '#trend', '#xuhuong']","{'title': 'nháº¡c ná»n  - Cá»‘c News', 'link': '/music/nháº¡c-ná»n-Cá»‘c-News-7525732419257830145'}","{'likes': '36.6K', 'comments': '965', 'shares': '51.5K'}",https://www.tiktok.com/@cocnews8/video/7525732374013889800
"{'username': 'merwaiz_khan_4', 'nickname': 'ğŒğğ«ğ°ğšğ¢ğ³_ğ¤ğ¡ğšğ§_ğŸ’'}",,Yaman khan ğŸ¹ dodherwall  Swabi traditional archery game of pakhtoonğŸ¯,"['#makhmar', '#swabi', '#swabiwallâ¤ğŸ”¥', '#mukha', '#swabi', '#viral', '#furyou', '#swabiwallâ¤ğŸ”¥', '#archery', '#archerygame', '#manzoor', '@á½á¯á·á¯á á¦á»á¯á']","{'title': 'original sound - ğŸ­â˜ ï¸Ø³Ù€Ù€Ù€Ø± Ú©Ù€Ù€Ø´ Ø¢ÙÙ€Ù€Ù€Ø±ÛÙ€Ù€Ø¯ÙŠâ˜ ï¸ğŸ­', 'link': '/music/original-sound-7371891241165916944'}","{'likes': '203.5K', 'comments': '989', 'shares': '3966'}",https://www.tiktok.com/@merwaiz_khan_4/video/7526990207514692880
"{'username': 'ndgk207', 'nickname': 'NgiakietğŸ”¥'}",,Ronaldo: Thiáº¿u chÃºt ná»¯ağŸ˜‚,"['#fyp', '#football', '#ronaldo', '#messi', '#vnedit_teamğŸ—¡ğŸ‡»ğŸ‡³', '#adeline_teamğŸ‘‘']","{'title': 'nháº¡c ná»n  - NgiakietğŸ”¥', 'link': '/music/nháº¡c-ná»n-NgiakietğŸ”¥-7528611410427808528'}","{'likes': '177.7K', 'comments': '1429', 'shares': '22.9K'}",https://www.tiktok.com/@ndgk207/video/7528611236813049106
"{'username': 'dcmmnguoiyeu', 'nickname': 'máº¯m yoğŸ˜…'}",,8-9 cÃ¹ng lá»— $,[],"{'title': 'nháº¡c ná»n  - Nguyá»…n Gia Phong', 'link': '/music/nháº¡c-ná»n-Nguyá»…n-Gia-Phong-7489753123386592055'}","{'likes': '14.8K', 'comments': '287', 'shares': '2389'}",https://www.tiktok.com/@dcmmnguoiyeu/video/7529979115663805712
"{'username': 'nhi258666', 'nickname': 'MáºªN NHIğŸ’•'}",,Tráº£ lá»i,"['@NhÃ¢n', '#fyp', '#idol', '#kungfu', '#vothuatdinhcao', '#xuhuong']","{'title': 'nháº¡c ná»n  - GYM SÃ“I ğŸ‹', 'link': '/music/nháº¡c-ná»n-GYM-SÃ“I-ğŸ‹-7419175827742526209'}","{'likes': '34.3K', 'comments': '691', 'shares': '384'}",https://www.tiktok.com/@nhi258666/video/7528401499727187207
"{'username': 'fptplay.bongdaviet', 'nickname': 'FPT BÃ³ng ÄÃ¡ Viá»‡t'}",,"Láº¡i lÃ  táº¡t cÃ¡nh vÃ  Ä‘Ã¡nh Ä‘áº§u, U23 Viá»‡t Nam cá»© tháº¿ thÃ´iiii","['#FPTPlay', '#U23DNA', '#MandiriCup2025', '#ASEANUtdFC', '#ASEANU23Championship', '#SportsOnTikTok', '#VOD', '#ClearMen', '#Sáº¡chGÃ uVÆ°á»£tTrá»™i']","{'title': 'nháº¡c ná»n  - FPT BÃ³ng ÄÃ¡ Viá»‡t', 'link': '/music/nháº¡c-ná»n-FPT-BÃ³ng-ÄÃ¡-Viá»‡t-7529919809632013057'}","{'likes': '37.5K', 'comments': '526', 'shares': '951'}",https://www.tiktok.com/@fptplay.bongdaviet/video/7529919769198267655
"{'username': 'luachonguoitoico', 'nickname': 'Lá»­a cho ngÆ°á»i tá»‘i cá»•'}",,"Tháº§n giÃ³ Äáº¥u TrÆ°á»ng Gia Tá»‘c, káº» huá»· d.iá»‡t Ä‘Æ°á»ng Ä‘ua 100m, mÃ¡y cháº¡y Háº£i PhÃ²ng ğŸƒğŸ»","['#hungnguyen', '#duongdomic', '#dautruonggiatoc', '#runfortime', '#tiktokgiaitri', '#xuhuong']","{'title': 'nháº¡c ná»n - DÆ°Æ¡ng ğŸ˜˜ - RÆ¡m ğŸ™ŠğŸ™‰ğŸ™ˆ', 'link': '/music/nháº¡c-ná»n-DÆ°Æ¡ng-ğŸ˜˜-7472044733511273217'}","{'likes': '28.1K', 'comments': '186', 'shares': '506'}",https://www.tiktok.com/@luachonguoitoico/video/7530095729830939911
"{'username': 'fptbongda', 'nickname': 'FPT BÃ³ng ÄÃ¡'}",,Jens Raven cÃ³ má»™t cÆ¡ há»™i quÃ¡ ngon Äƒn nhÆ°ng váº«n khÃ´ng thá»ƒ chiáº¿n tháº¯ng háº­u vá»‡ cá»§a U23 Malaysia,"['#FPTPlay', '#U23DNA', '#MandiriCup2025', '#ASEANUtdFC', '#ASEANU23Championship', '#SportsOnTikTok']","{'title': 'nháº¡c ná»n  - FPT BÃ³ng ÄÃ¡', 'link': '/music/nháº¡c-ná»n-FPT-BÃ³ng-ÄÃ¡-7529549996439309057'}","{'likes': '7426', 'comments': '83', 'shares': '77'}",https://www.tiktok.com/@fptbongda/video/7529549957846535442
"{'username': 'kenh7sports.official', 'nickname': 'KÃªnh 7 Sports Official'}",,"ÄTQG Malaysia sá»£ thua vÃ¬ khÃ´ng cÃ³ cáº§u thá»§ nháº­p tá»‹ch, tá»± rÃºt lui khá»i giáº£i chÃ¢u Ã","['#metamultimedia', '#sctv', '#mytv', '#kenh7sports', '#bongda7nguoi', '#SportsOnTikTok', '#malaysia', '#doituyenmalaysia']","{'title': 'original sound  - KÃªnh 7 Sports Official', 'link': '/music/original-sound-KÃªnh-7-Sports-Official-7527995874476116753'}","{'likes': '121.6K', 'comments': '789', 'shares': '2504'}",https://www.tiktok.com/@kenh7sports.official/video/7527995833808178450
"{'username': 'kythuatdabong1', 'nickname': 'Giovangtv Ká»· Thuáº­t ÄÃ¡ BÃ³ng'}",,"Tá»ª CÃš NGÃƒ HÃ€I HÆ¯á»šC, HUYá»€N THOáº I KHÃ”NG CHIá»€U CAO","['#thethaomoingay', '#thethao', '#bongda', '#nhatkythethao']","{'title': 'nháº¡c ná»n  - Giovangtv Ká»· Thuáº­t ÄÃ¡ BÃ³ng', 'link': '/music/nháº¡c-ná»n-Giovangtv-Ká»·-Thuáº­t-ÄÃ¡-BÃ³ng-7528847451680279318'}","{'likes': '11.4K', 'comments': '43', 'shares': '123'}",https://www.tiktok.com/@kythuatdabong1/video/7528847443358731542
"{'username': 'blvnguoithai', 'nickname': 'BLV NgÆ°á»i ThÃ¡i'}",,14 giÃ¢y cuá»‘i - Nháº­t Báº£n lá»¡ háº¹n khi cáº£ tháº¿ giá»›i Ä‘ang vá»— tay! Pháº§n 2,"['#xuhuong', '#bongda', '#japan', '#worldcup', '#6live']","{'title': 'nháº¡c ná»n  - BLV NgÆ°á»i ThÃ¡i', 'link': '/music/nháº¡c-ná»n-BLV-NgÆ°á»i-ThÃ¡i-7528740950974794497'}","{'likes': '29.8K', 'comments': '177', 'shares': '198'}",https://www.tiktok.com/@blvnguoithai/video/7528740925074312466
"{'username': 'chinalfunny', 'nickname': 'gggtraW'}",,,"['#faryou', '#suppotme', '#faryouâ¤ï¸faryouâ¤ï¸', '#faryouâ¤ï¸faryouâ¤ï¸', '#suppotme']","{'title': 'Originalton - funnyvideos', 'link': '/music/Originalton-7398552573839543072'}","{'likes': '21.3K', 'comments': '168', 'shares': '1579'}",https://www.tiktok.com/@chinalfunny/video/7527362859072802061
"{'username': 'herah78', 'nickname': 'hera'}",,kumaha mun alda nyerenteng? saha nu rek nahan?âš”ï¸,"['#fyp', '#fypã‚·', '#senggolbacokğŸ˜‚ğŸ˜‚', '#fypã‚·ã‚šviral', '#viral']","{'title': 'SOUND JJ ROLING TRUE COLORS UCOK RMX - T2 inYourDream ECT', 'link': '/music/SOUND-JJ-ROLING-TRUE-COLORS-UCOK-RMX-7253758221550045958'}","{'likes': '6675', 'comments': '56', 'shares': '213'}",https://www.tiktok.com/@herah78/video/7528655050877488391
"{'username': 'lucia21223', 'nickname': 'Lucia'}",,MÃ¡u Tháº§n Ká»³,"['#foryou', '#manhwa', '#truyentranh']","{'title': 'nháº¡c ná»n  - ğ³ğ²ğ°ğğ¢ğ¢ğ¢ ğ“†¡ ğ“†œ ğ“† ğ“†', 'link': '/music/nháº¡c-ná»n-ğ³ğ²ğ°ğğ¢ğ¢ğ¢-ğ“†¡-ğ“†œ-ğ“†-ğ“†-7383186696843578129'}","{'likes': '18.4K', 'comments': '96', 'shares': '300'}",https://www.tiktok.com/@lucia21223/video/7527670972862762258
"{'username': 'cheemstritue', 'nickname': 'Cheems trÃ­ tuá»‡'}",,Nháº·t Ä‘Æ°á»£c trá»©ng ráº¯n,"['#cheems', '#xuhuong', '#viral']","{'title': 'nháº¡c ná»n  - Cheems trÃ­ tuá»‡', 'link': '/music/nháº¡c-ná»n-Cheems-trÃ­-tuá»‡-7529695124524239632'}","{'likes': '4885', 'comments': '99', 'shares': '109'}",https://www.tiktok.com/@cheemstritue/video/7529695069964700936
"{'username': 'fapfapvlog', 'nickname': 'Vlog Vlogg'}",,CÃ´ gÃ¡i phÃ¡t hiá»‡n cÃ³ ngÃ³n tay trong gáº¥u bÃ´ng!,"['#hoathinh', '#animation', '#hotun', '#xh']","{'title': 'nháº¡c ná»n  - Vlog Vlogg', 'link': '/music/nháº¡c-ná»n-Vlog-Vlogg-7527882739262032662'}","{'likes': '28.7K', 'comments': '393', 'shares': '891'}",https://www.tiktok.com/@fapfapvlog/video/7527882774468906262
"{'username': 'dami.truong.an', 'nickname': 'Dami TrÆ°á»ng An'}",,Khi trÃ  xanh gáº·p pháº£i kháº¯c cháº¿ cá»©ng,"['#damitruongan', '#xuhuong', '#hoathinh', '#hoathinhthieunhi', '#haihuoc', '#chill', '#giaitri', '#henho', '#tinhyeu', '#traxanh']","{'title': 'nháº¡c ná»n  - Dami TrÆ°á»ng An', 'link': '/music/nháº¡c-ná»n-Dami-TrÆ°á»ng-An-7529782861030476560'}","{'likes': '22.7K', 'comments': '41', 'shares': '707'}",https://www.tiktok.com/@dami.truong.an/video/7529782820114418962
"{'username': 'sombriaslendas', 'nickname': 'Lendas Sombrias'}",,Macaco de estimaÃ§Ã£o Ataca amiga de sua dona.,"['#analoghorror', '#assustador', '#fyp', '#animation', '#historias']","{'title': 'DARK IS THE NIGHT RNBASS444 - ğ’†œ|ğ‘¹ğ‘µğ‘©ğ‘¨ğ‘ºğ‘º444ğŸ‡§ğŸ‡·-_-', 'link': '/music/DARK-IS-THE-NIGHT-RNBASS444-7467698893230328581'}","{'likes': '1M', 'comments': '3053', 'shares': '22.1K'}",https://www.tiktok.com/@sombriaslendas/video/7527762176988302598
"{'username': 'minhbumlinhthui', 'nickname': 'minhbumlinhthui'}",,ğŸ’ğŸ˜,['#xh'],"{'title': 'original sound - MKhÃ´i ğŸ–¤ - Bmk ğŸ–•', 'link': '/music/original-sound-MKhÃ´i-ğŸ–¤-7526914719534615313'}","{'likes': '47.1K', 'comments': '63', 'shares': '2419'}",https://www.tiktok.com/@minhbumlinhthui/video/7528411519499898120
"{'username': 'doan.phan.hoang.hieu', 'nickname': 'ÄoÃ n Phan HoÃ ng Hiáº¿u'}",,Anh há»©a sáº½ Cáº§u HÃ´n em â¤ï¸ğŸ˜˜ğŸ‘°ğŸ»â€â™€ï¸,"['@mii nÃ¨e â‹†ğ™šâ‚ŠËšâŠ¹', '#cauhon', '#3yearanniversary', '#capcut', '#xuhuong']","{'title': 'nháº¡c ná»n  - bichoc1992', 'link': '/music/nháº¡c-ná»n-bichoc1992-7517437379415313168'}","{'likes': '151.9K', 'comments': '1720', 'shares': '6654'}",https://www.tiktok.com/@doan.phan.hoang.hieu/video/7523723917559663879
"{'username': 'haiduabangtuoi0811', 'nickname': 'Chá»“ng DuyÃªn Vá»£ HoÃ '}",,Anh ra Ä‘Ã³n nÃ ng nhÆ° thá»i ba máº¹ chÃºng mÃ¬nh â¤ï¸,"['#chongduyenvohoa', '#haiduabangtuoi', '#damcuoi', '#fyp', '#love', '#couples', '#viral', '#xuhuong']","{'title': ""nháº¡c ná»n - Epiphany's - pt"", 'link': ""/music/nháº¡c-ná»n-Epiphany's-7508740908729338625""}","{'likes': '80K', 'comments': '358', 'shares': '3916'}",https://www.tiktok.com/@haiduabangtuoi0811/video/7527997882792742152
"{'username': 'tranghieu0211', 'nickname': 'Chang HÃ­u'}",,Náº±m dÆ°á»›i Ä‘áº¥t cÅ©ng mÃ¡t mÃ ğŸ™ˆ,"['#changhiu', '#couple', '#fyp', '#xuhuong']","{'title': 'nháº¡c ná»n  - Chang HÃ­u', 'link': '/music/nháº¡c-ná»n-Chang-HÃ­u-7530143473966598913'}","{'likes': '121.9K', 'comments': '720', 'shares': '8576'}",https://www.tiktok.com/@tranghieu0211/video/7530143326398434578
"{'username': 'rns.tw', 'nickname': 'Roman and Sharon'}",,Her & the View ğŸ’™,[],"{'title': 'original sound  - Roman and Sharon', 'link': '/music/original-sound-Roman-and-Sharon-7528668874716891909'}","{'likes': '60.6K', 'comments': '194', 'shares': '1735'}",https://www.tiktok.com/@rns.tw/video/7528668876662443320
"{'username': 'huangtggq69', 'nickname': 'å°èˆ'}",,,"['#ç¶²æˆ€', '#æƒ…ä¾¶', '#fyp', '#tiktok']","{'title': 'Ğ¾Ñ€Ğ¸Ğ³Ğ¸Ğ½Ğ°Ğ»ÑŒĞ½Ñ‹Ğ¹ Ğ·Ğ²ÑƒĞº  - rvshishkin', 'link': '/music/Ğ¾Ñ€Ğ¸Ğ³Ğ¸Ğ½Ğ°Ğ»ÑŒĞ½Ñ‹Ğ¹-Ğ·Ğ²ÑƒĞº-rvshishkin-7359210654463363856'}","{'likes': '107.1K', 'comments': '403', 'shares': '4954'}",https://www.tiktok.com/@huangtggq69/video/7528669711551204613
"{'username': 'dieuanh_1608', 'nickname': 'PhÃ¹ng Diá»‡u Ãnh'}",,3 nÄƒm cáº¥p 3 anh chá»,"['@Huy TÃ¡mm', '@anhxinh502', '#phunganhdieu', '#capdoitrentiktok', '#trendingvideo', '#xh']","{'title': 'nháº¡c ná»n  - Lily VanğŸ’›', 'link': '/music/nháº¡c-ná»n-Lily-VanğŸ’›-7496890061011585793'}","{'likes': '97.7K', 'comments': '613', 'shares': '5050'}",https://www.tiktok.com/@dieuanh_1608/video/7526800901093313800
"{'username': 'ciin', 'nickname': 'CiiN'}",,In a love- hate relationship w my man ğŸ™‚â€â†•ï¸,['@GAVIN'],"{'title': 'nháº¡c ná»n - ä½³æ€¡ - cunxinhiuu_ğŸ«§', 'link': '/music/nháº¡c-ná»n-ä½³æ€¡-7500184474181765904'}","{'likes': '90.9K', 'comments': '698', 'shares': '897'}",https://www.tiktok.com/@ciin/video/7528810602488286481
"{'username': 'thomanh1993', 'nickname': 'ğŸ‡»ğŸ‡³ğ“£ğ“—ğ“ğ“œ.ğ“ğ“ğ“—âš½ï¸ğŸ³ï¸\u200dğŸŒˆ'}",,1 ThÃ¡ng thá»i gian khÃ´ng pháº£i lÃ  dÃ i nhÆ°ng cÅ©ng Ä‘á»§ Ä‘á»ƒ lo cho em ko pháº£i chá»‹u nhiá»u thiá»‡t thÃ²i,"['#bÃ¡chhá»£p_lgbt_geiğŸŒˆ', '#xuhuong', '#taiwanğŸ‡¹ğŸ‡¼']","{'title': 'nháº¡c ná»n - bÆ°á»›c ra Ä‘á»i khÃ´ng sá»£ má»™t ai - H.TÃ­nh', 'link': '/music/nháº¡c-ná»n-bÆ°á»›c-ra-Ä‘á»i-khÃ´ng-sá»£-má»™t-ai-7517185930710551313'}","{'likes': '102.9K', 'comments': '5323', 'shares': '18.4K'}",https://www.tiktok.com/@thomanh1993/video/7525796320473353528
"{'username': 'minhanh061224', 'nickname': '06.12AMğŸ«¶ğŸ»ğŸ‡»ğŸ‡³'}",,Ã‰p Äƒn mÃ£i mÃ  k tháº¥y tÄƒng láº¡ng nÃ o ğŸ˜,"['#0612AM', '#couple']","{'title': 'nháº¡c ná»n  - 06.12AMğŸ«¶ğŸ»ğŸ‡»ğŸ‡³', 'link': '/music/nháº¡c-ná»n-0612AMğŸ«¶ğŸ»ğŸ‡»ğŸ‡³-7529876330821782273'}","{'likes': '45.9K', 'comments': '501', 'shares': '5249'}",https://www.tiktok.com/@minhanh061224/video/7529876232675101970
"{'username': 'odaycotrendbymznews', 'nickname': 'á» ÄÃ¢y CÃ³ Trend'}",,Máº¹ Jack nháº¥t quyáº¿t dÃ nh cho ThiÃªn An má»™t sá»± tá»­ táº¿ cuá»‘i cÃ¹ngâ¤ï¸â€ğŸ”¥âœ¨,"['#odaycotrend', '#mznews', '#mznetwork', '#jack', '#j97', '#thienan', '#2025moments', '#tiktokgiaitri', '#tiktoknews', '#trend', '#fyp']","{'title': 'DÆ°á»›i TÃ¡n CÃ¢y KhÃ´ Hoa Ná»Ÿ (#1) - Jack - J97', 'link': '/music/DÆ°á»›i-TÃ¡n-CÃ¢y-KhÃ´-Hoa-Ná»Ÿ-1-7446515167263623185'}","{'likes': '531.4K', 'comments': '12.1K', 'shares': '63K'}",https://www.tiktok.com/@odaycotrendbymznews/video/7527544826481364242
"{'username': 'cl.socialbiz', 'nickname': 'Du HÃ nh TikTok'}",,Láº¡i ná»¯a rá»“i,"['#tranhalinh', '#duhanhtiktok', '#clmedia', '#clnews', '#celebnetwork', '#tiktokviral', '#tiktokxuhuong']","{'title': 'A Simple Song - DJ ChiuChiu', 'link': '/music/A-Simple-Song-7385146707117017105'}","{'likes': '62.4K', 'comments': '364', 'shares': '1894'}",https://www.tiktok.com/@cl.socialbiz/video/7529015168223743240
"{'username': 'nhathaientertainment', 'nickname': 'Nháº­t Háº£i Biáº¿t Tuá»‘t âœ”ï¸'}",,Náº¾U THIÃŠN AN MANG THAI 13 14 THÃNG Má»šI SINH RA BÃ‰ SOL THÃŒ Má»œI Cáº¢ ÄOÃ€N MÃŒNH LÃŠN NÃšI á» VÃŒ TIMELINE Máº¸ JACK NÃ“I LÃ€ 2 NGÆ¯á»œI ÄÃƒ Dá»ªNG QUA Láº I Tá»ª THÃNG 5.2020,"['#jackj97', '#thienan', '#trinhtranphuongtuan', '#besol', '#tinnong', '#tiktoknew', '#dramashowbiz', '#nhathaibiettuot']","{'title': 'nháº¡c ná»n  - Nháº­t Háº£i Biáº¿t Tuá»‘t âœ”ï¸', 'link': '/music/nháº¡c-ná»n-Nháº­t-Háº£i-Biáº¿t-Tuá»‘t-âœ”ï¸-7528251473818651408'}","{'likes': '193.1K', 'comments': '1076', 'shares': '7359'}",https://www.tiktok.com/@nhathaientertainment/video/7528251224852843793
"{'username': 'paramountpicturesvn', 'nickname': 'Paramount Pictures Vietnam'}",,Spill the tÃ­ Ä‘i bÃ ,"['#smurfs', '#phimxitrum', '#movietok', '#filmtok', '#tiktokgiaitri', '#tiktoksoiphim', '#fyp']","{'title': 'Funny funny weird - MrM', 'link': '/music/Funny-funny-weird-7378271864047781924'}","{'likes': '12.7K', 'comments': '143', 'shares': '12.5K'}",https://www.tiktok.com/@paramountpicturesvn/video/7526506075722419474
"{'username': 'marloumofficial', 'nickname': 'Marlou M'}",,Ibang luto ng giniling,['#MarlouM'],"{'title': 'original sound  - Marlou M', 'link': '/music/original-sound-Marlou-M-7521532073102904081'}","{'likes': '167.8K', 'comments': '1530', 'shares': '35.7K'}",https://www.tiktok.com/@marloumofficial/video/7521532029368847623
"{'username': 'chandongshowbiz', 'nickname': 'Cháº¥n Äá»™ng Showbiz'}",,"Tá»«ng thiáº¿t káº¿ Ä‘á»“ cho hÆ¡n 100 ngÃ´i sao quá»‘c táº¿, 2 máº©u cá»§a Black Pink lÃ  Lisa vÃ  RÃ³se cÅ©ng tá»«ng máº·c Ä‘á»“ cá»§a anh","['#chandongshowbiz', '#doubleukh', '#nguyencongtri', '#tintucshowbiz', '#showbizviet', '#blackpink', '#lisa']","{'title': 'nháº¡c ná»n  - NÆ I TRáº¢I LÃ’NGâœŒğŸ¼', 'link': '/music/nháº¡c-ná»n-NÆ I-TRáº¢I-LÃ’NGâœŒğŸ¼-7324256639291345665'}","{'likes': '58.8K', 'comments': '571', 'shares': '5320'}",https://www.tiktok.com/@chandongshowbiz/video/7530175622765694226
"{'username': 'dramin.vn', 'nickname': 'DRAMIN'}",,"XoÃ i non khoe bá» lÆ°ng tráº§n táº¡i sá»± kiá»‡n, dÃ¢n máº¡ng xuÃ½t xoa vÃ¬ quÃ¡ nuá»™t","['#khaunghiep', '#dramin', '#xoainon']","{'title': 'nháº¡c ná»n  - DRAMIN', 'link': '/music/nháº¡c-ná»n-DRAMIN-7529856723234999056'}","{'likes': '47.6K', 'comments': '1083', 'shares': '4042'}",https://www.tiktok.com/@dramin.vn/video/7529856484742630663
"{'username': 'tharo.trinh', 'nickname': 'Tharo.Trinh'}",,ğŸ¥ºğŸ¥º,['#tuanhung'],"{'title': 'nháº¡c ná»n  - Tharo.Trinh', 'link': '/music/nháº¡c-ná»n-TharoTrinh-7528430649817041665'}","{'likes': '60.5K', 'comments': '0', 'shares': '11.3K'}",https://www.tiktok.com/@tharo.trinh/video/7528430617105566984
"{'username': 'nlingphm', 'nickname': 'ğ™£ğ™¡ğ™ğ™£ğ™œğ™¥ğ™ğ™¢'}",,Anh Ä‘Ã¡nh Ä‘á»•i cáº£ tÆ°Æ¡ng laii. .,"['#jack', '#j97', '#jackj97', '#phuongtuan', '#CongBangChoJack']","{'title': 'nháº¡c ná»n  - Producer\u2002Kyanh ğŸµ', 'link': '/music/nháº¡c-ná»n-Producer-Kyanh-ğŸµ-7481852026863799056'}","{'likes': '385.3K', 'comments': '6223', 'shares': '88.1K'}",https://www.tiktok.com/@nlingphm/video/7527674586796788999
"{'username': 'be3thaido', 'nickname': 'BÃ© 3 ThÃ¡i Äá»'}",,KhÃ´ng thá»ƒ nÃ o rá»i máº¯t khá»i cá»•,"['#huyenbaby', '#leeminho', '#giaitri', '#viral', '#be3thaido', '#xemphimtiktok']","{'title': 'nháº¡c ná»n  - BÃ© 3 ThÃ¡i Äá»', 'link': '/music/nháº¡c-ná»n-BÃ©-3-ThÃ¡i-Äá»-7527479798625618704'}","{'likes': '198.2K', 'comments': '1791', 'shares': '4723'}",https://www.tiktok.com/@be3thaido/video/7527479750416157959
"{'username': 'xuhuongdanglen1', 'nickname': 'Xu HÆ°á»›ng Äang LÃªn'}",,Ngoáº¡i hÃ¬nh khÃ¡c láº¡ cá»§a Trang Pháº¡m,"['#trending', '#xuhuong', '#viral', '#trangpham', '#xoainon', '#gille', '#couple']","{'title': 'nháº¡c ná»n  - Xu HÆ°á»›ng Äang LÃªn', 'link': '/music/nháº¡c-ná»n-Xu-HÆ°á»›ng-Äang-LÃªn-7529760699585743617'}","{'likes': '22.6K', 'comments': '187', 'shares': '1275'}",https://www.tiktok.com/@xuhuongdanglen1/video/7529760668271054088
