username,avatar_url,content,likes,timestamp,parent_comment,video_url
@kthyyy_meo?lang=vi,https://p16-sign-sg.tiktokcdn.com/tos-alisg-avt-0068/215ccec447d8ad7d50642198971fe2fc~tplv-tiktokx-cropcenter:100:100.jpg?dr=14579&refresh_token=9d0b6c2f&x-expires=1753455600&x-signature=DI4LFAdUI3GAKoUFdBCY%2Bip6srA%3D&t=4d5b0474&ps=13740610&shp=30310797&shcp=ff37627b&idc=my,Tr ∆°i Matthias c·ªßa tüò´,229,5 ng√†y tr∆∞·ªõc,,https://www.tiktok.com/@seishirowrr/video/7528432329287601464
@pink_panther_1802?lang=vi,https://p16-sign-sg.tiktokcdn.com/tos-alisg-avt-0068/bd7443ffbd4584940d0c81e5aab5ab39~tplv-tiktokx-cropcenter:100:100.jpg?dr=14579&refresh_token=baf23413&x-expires=1753455600&x-signature=aKh1FHei2JbHxoPrNqy9%2FkhjqSU%3D&t=4d5b0474&ps=13740610&shp=30310797&shcp=ff37627b&idc=my,matthias c·ªßa eüò≠,73,5 ng√†y tr∆∞·ªõc,,https://www.tiktok.com/@seishirowrr/video/7528432329287601464
@aovso1?lang=vi,https://p16-sign-sg.tiktokcdn.com/tos-alisg-avt-0068/ac03636be58bfa34c585edf7ff25e6e6~tplv-tiktokx-cropcenter:100:100.jpg?dr=14579&refresh_token=9d90a1e2&x-expires=1753455600&x-signature=XVPGiRoWHpD6YAPdV3sPo3s%2BQoM%3D&t=4d5b0474&ps=13740610&shp=30310797&shcp=ff37627b&idc=my,qu√° kh·ª© c·ªßa k·∫ª ph·∫£n di·ªán,299,5 ng√†y tr∆∞·ªõc,,https://www.tiktok.com/@seishirowrr/video/7528432329287601464
@hanne_evans?lang=vi,https://p16-sign-sg.tiktokcdn.com/tos-alisg-avt-0068/fbfcfe615482330da23f1ce32aa94a45~tplv-tiktokx-cropcenter:100:100.jpg?dr=14579&refresh_token=03870555&x-expires=1753455600&x-signature=1SKEPxDYs6iE46U8hechwcE95Ak%3D&t=4d5b0474&ps=13740610&shp=30310797&shcp=ff37627b&idc=my,lo·∫°i b·ªë ki·ªÉu jv??,545,5 ng√†y tr∆∞·ªõc,,https://www.tiktok.com/@seishirowrr/video/7528432329287601464
@jun.l81?lang=vi,https://p16-sign-sg.tiktokcdn.com/tos-alisg-avt-0068/9d738848da9b9f62ee59c97359dd06ee~tplv-tiktokx-cropcenter:100:100.jpg?dr=14579&refresh_token=fe257767&x-expires=1753455600&x-signature=m3GTkwyWIba0OsiPRlkQDPGfF2s%3D&t=4d5b0474&ps=13740610&shp=30310797&shcp=ff37627b&idc=my,·ªïng... v·ªõi thak con h·∫£ üòá,73,5 ng√†y tr∆∞·ªõc,,https://www.tiktok.com/@seishirowrr/video/7528432329287601464
@ryra667?lang=vi,https://p16-sign-sg.tiktokcdn.com/tos-alisg-avt-0068/2e5da7d7752f1372d4e632eb7c065afa~tplv-tiktokx-cropcenter:100:100.jpg?dr=14579&refresh_token=4351a42f&x-expires=1753455600&x-signature=aUGP0YL3ysH%2F33UQ4C%2FJ7pvqCzY%3D&t=4d5b0474&ps=13740610&shp=30310797&shcp=ff37627b&idc=my,üò≠ tk con c√≤n ko tha ch·ªãu,2090,5 ng√†y tr∆∞·ªõc,,https://www.tiktok.com/@seishirowrr/video/7528432329287601464
@simp_vaggie_vagatha?lang=vi,https://p9-sign-sg.tiktokcdn.com/tos-alisg-avt-0068/7137258d44fea3c836735a75c1909a99~tplv-tiktokx-cropcenter:100:100.jpg?dr=14579&refresh_token=4bb67cad&x-expires=1753455600&x-signature=TCB8Z4nfJqe2OcmC2SMZ28Kr9Zk%3D&t=4d5b0474&ps=13740610&shp=30310797&shcp=ff37627b&idc=my,√™ !!!! c√≥ ai th·∫•y tk t√≥c v√†ng gi·ªëng armin ko ü§°,381,5 ng√†y tr∆∞·ªõc,,https://www.tiktok.com/@seishirowrr/video/7528432329287601464
@iuitoshisae_1512?lang=vi,https://p16-sign-sg.tiktokcdn.com/tos-alisg-avt-0068/c1dd72c03e733686f812f7e66b77afaa~tplv-tiktokx-cropcenter:100:100.jpg?dr=14579&refresh_token=2ba0069f&x-expires=1753455600&x-signature=DrVYv3ZMby7AbVOkLx8uN%2BCNSCY%3D&t=4d5b0474&ps=13740610&shp=30310797&shcp=ff37627b&idc=my,"th∆∞∆°ng ·∫ªm qu√£iüò≠, qu√° kh·ª© c·ªßa k·∫ª ph·∫£n di·ªán l√† ƒë√¢y saoüò≠üò≠",303,5 ng√†y tr∆∞·ªõc,,https://www.tiktok.com/@seishirowrr/video/7528432329287601464
@trnngc6043?lang=vi,https://p16-sign-sg.tiktokcdn.com/tos-alisg-avt-0068/6b377e2ac46881872247902ad25206d3~tplv-tiktokx-cropcenter:100:100.jpg?dr=14579&refresh_token=735815e8&x-expires=1753455600&x-signature=MkCHUc1YztQ%2B6hzMzEnUgKwOcCk%3D&t=4d5b0474&ps=13740610&shp=30310797&shcp=ff37627b&idc=my,Khoan hk b·ªë l√†m l√†m j ƒë·ª©a con trai v·∫≠yüòÖ,35,5 ng√†y tr∆∞·ªõc,,https://www.tiktok.com/@seishirowrr/video/7528432329287601464
@thitgaham_?lang=vi,https://p16-sign-sg.tiktokcdn.com/tos-alisg-avt-0068/d062f25a14f85d4b1de76c20006d42d0~tplv-tiktokx-cropcenter:100:100.jpg?dr=14579&refresh_token=02dccdc8&x-expires=1753455600&x-signature=Yjdy2a2SxOwkwBuNPlk4zG2U8NA%3D&t=4d5b0474&ps=13740610&shp=30310797&shcp=ff37627b&idc=my,"vaiz ƒë·∫øn thk con ·ªïng c√≤n ko tha ,tri·ªáu lu√¥ng",2,4 ng√†y tr∆∞·ªõc,,https://www.tiktok.com/@seishirowrr/video/7528432329287601464
@thunhan_211?lang=vi,https://p16-sign-sg.tiktokcdn.com/tos-alisg-avt-0068/d84dc7fbd9a1652ea33e0bd2729634a7~tplv-tiktokx-cropcenter:100:100.jpg?dr=14579&refresh_token=8f3e6ee7&x-expires=1753455600&x-signature=USodSR283fupyw12%2FCSqHnlgA4c%3D&t=4d5b0474&ps=13740610&shp=30310797&shcp=ff37627b&idc=my,H√†nh t·ª´ v·ª£ t·ªõi conüò≠,8,5 ng√†y tr∆∞·ªõc,,https://www.tiktok.com/@seishirowrr/video/7528432329287601464
@quack_quack168?lang=vi,https://p16-sign-sg.tiktokcdn.com/tos-alisg-avt-0068/772f66fae70c49981d9873e6b26d12ba~tplv-tiktokx-cropcenter:100:100.jpg?dr=14579&refresh_token=ab0693f6&x-expires=1753455600&x-signature=mcdIPkbpr6qVLH6Tf0xRp6TzkRs%3D&t=4d5b0474&ps=13740610&shp=30310797&shcp=ff37627b&idc=my,??????? C√°i j v,16,5 ng√†y tr∆∞·ªõc,,https://www.tiktok.com/@seishirowrr/video/7528432329287601464
@su_nhi?lang=vi,https://p16-sign-sg.tiktokcdn.com/tos-alisg-avt-0068/9657159f8e8659b324595a030473143e~tplv-tiktokx-cropcenter:100:100.jpg?dr=14579&refresh_token=8465aca8&x-expires=1753455600&x-signature=fCACrNg7%2Fb%2BYRP%2BswotEhEZwJ%2Bk%3D&t=4d5b0474&ps=13740610&shp=30310797&shcp=ff37627b&idc=my,b·ªô thk b·ªë ·∫ªm h·∫øt ch·ªó ·∫•y h·∫£ tr??,3,3 ng√†y tr∆∞·ªõc,,https://www.tiktok.com/@seishirowrr/video/7528432329287601464
@sng5291?lang=vi,https://p16-sign-va.tiktokcdn.com/musically-maliva-obj/1594805258216454~tplv-tiktokx-cropcenter:100:100.jpg?dr=14579&refresh_token=fe3c354e&x-expires=1753455600&x-signature=ZHbIzSOZe00wDrKsrCTenQb85uw%3D&t=4d5b0474&ps=13740610&shp=30310797&shcp=ff37627b&idc=my,Qu√° kh·ª© c·ªßa k·∫ª ph·∫£n di·ªán ‚ò∫Ô∏è‚ò∫Ô∏è‚ò∫Ô∏è,2,4 ng√†y tr∆∞·ªõc,,https://www.tiktok.com/@seishirowrr/video/7528432329287601464
@luna.mt.mt.tn.tn?lang=vi,https://p16-sign-sg.tiktokcdn.com/tos-alisg-avt-0068/411df878aa74a591155dfa22ec954bfe~tplv-tiktokx-cropcenter:100:100.jpg?dr=14579&refresh_token=5bd57358&x-expires=1753455600&x-signature=elTl8f2gRrqlRbpY%2BCRRCELM0r0%3D&t=4d5b0474&ps=13740610&shp=30310797&shcp=ff37627b&idc=my,ƒê√∫ng l√† qu√° kh·ª© c·ªßa k·∫ª ph·∫£n di·ªán kh·ªï th√¢n ck v√£i,2,4 ng√†y tr∆∞·ªõc,,https://www.tiktok.com/@seishirowrr/video/7528432329287601464
@alynavilia?lang=vi,https://p16-sign-sg.tiktokcdn.com/tos-alisg-avt-0068/5773281e5ec3845bbcb4f8fc4ddbb07e~tplv-tiktokx-cropcenter:100:100.jpg?dr=14579&refresh_token=e9a00eca&x-expires=1753455600&x-signature=Emrn8lxxbQ%2FBaevylRUW7bvd1mU%3D&t=4d5b0474&ps=13740610&shp=30310797&shcp=ff37627b&idc=my,√¥ng b·ªë kia ƒë·∫øn c·∫£ sv c≈©ng ko b·∫±ng üò•,3,3 ng√†y tr∆∞·ªõc,,https://www.tiktok.com/@seishirowrr/video/7528432329287601464
@lidolpirca?lang=vi,https://p9-sign-sg.tiktokcdn.com/tos-alisg-avt-0068/d1567f951ef9c70e7b2018cbc255044a~tplv-tiktokx-cropcenter:100:100.jpg?dr=14579&refresh_token=d3846a2e&x-expires=1753455600&x-signature=z8VAkUG3kdnLepPZWmOxyeuykac%3D&t=4d5b0474&ps=13740610&shp=30310797&shcp=ff37627b&idc=my,always the husband in the storyüòî,2,3 ng√†y tr∆∞·ªõc,,https://www.tiktok.com/@seishirowrr/video/7528432329287601464
@v.tu.xc?lang=vi,https://p16-sign-sg.tiktokcdn.com/tos-alisg-avt-0068/da1a1a11bd9e56856048b81c37019ad8~tplv-tiktokx-cropcenter:100:100.jpg?dr=14579&refresh_token=98f20b0e&x-expires=1753455600&x-signature=r5WlcwXlpqGzxCKqKOI1z6WwirU%3D&t=4d5b0474&ps=13740610&shp=30310797&shcp=ff37627b&idc=my,Johan In Monster Ra ƒê·ªùi ü•µ,6,5 ng√†y tr∆∞·ªõc,,https://www.tiktok.com/@seishirowrr/video/7528432329287601464
@hophng4159?lang=vi,https://p16-sign-sg.tiktokcdn.com/tos-alisg-avt-0068/b0a2cf8821968a709155a1f54bfb4042~tplv-tiktokx-cropcenter:100:100.jpg?dr=14579&refresh_token=1bea9c70&x-expires=1753455600&x-signature=ucSN4zKer2I1gGn6zHb0%2FiHoYYQ%3D&t=4d5b0474&ps=13740610&shp=30310797&shcp=ff37627b&idc=my,armin ƒë√¢u ra z ??üò≠üíî,1,4 ng√†y tr∆∞·ªõc,,https://www.tiktok.com/@seishirowrr/video/7528432329287601464
@kitty.__208?lang=vi,https://p16-sign-sg.tiktokcdn.com/tos-alisg-avt-0068/681af827a170d65f2cfe23aa498dce28~tplv-tiktokx-cropcenter:100:100.jpg?dr=14579&refresh_token=702f6e5f&x-expires=1753455600&x-signature=vCPLcMuCkXOORI%2BsXAyKxu6y9zg%3D&t=4d5b0474&ps=13740610&shp=30310797&shcp=ff37627b&idc=my,c√°i l√¥ng m√†y t s·∫Øp k·∫øt h√¥n v·ªõi nhau lu√¥n r‚ò∫Ô∏è,1,3 ng√†y tr∆∞·ªõc,,https://www.tiktok.com/@seishirowrr/video/7528432329287601464
