https://www.tiktok.com/@huongstore.06/video/7525692408676224272,https://p16-sign-sg.tiktokcdn.com/tos-alisg-p-0037/oM1hGowYEg9KAFzD7AUIAgBQeEAcCID0EQwfRT~tplv-photomode-zoomcover:480:480.jpeg?dr=14555&x-expires=1752836400&x-signature=gmiUTf1qvj8X%2FpLTATXe3OKgNjk%3D&t=4d5b0474&ps=13740610&shp=81f88b70&shcp=43f4a2f9&idc=my&ftpl=1,,728800.0,all,huongstore.06
https://www.tiktok.com/@ngcuong379/video/7524911077809786128,https://p16-sign-sg.tiktokcdn.com/tos-alisg-p-0037/o8FEV2ItIThEUHbBetCDfBzRqnAFBIdgEbEoIZ~tplv-photomode-zoomcover:480:480.jpeg?dr=14555&x-expires=1752836400&x-signature=E2pt5eUdI%2FOO0%2BsL835Og3Y0doU%3D&t=4d5b0474&ps=13740610&shp=81f88b70&shcp=43f4a2f9&idc=my&ftpl=1,,1000000.0,all,ngcuong379
https://www.tiktok.com/@dipquanne/video/7524545567163256082,https://p16-sign-sg.tiktokcdn.com/tos-alisg-p-0037/oYiPlEWANIYNAAlB9RAOrAFiBGByaBjlijJEs~tplv-photomode-zoomcover:480:480.jpeg?dr=14555&x-expires=1752836400&x-signature=hcad89%2FtS0z2J1pyHhp0cI3aFO4%3D&t=4d5b0474&ps=13740610&shp=81f88b70&shcp=43f4a2f9&idc=my&ftpl=1,,493700.0,all,dipquanne
https://www.tiktok.com/@phuonganhle305/video/7525261051865304338,https://p16-sign-sg.tiktokcdn.com/tos-alisg-p-0037/o0x8i3pNwx3IAIGR0zIx6WiFCGAvq4fGAZBmBS~tplv-photomode-zoomcover:480:480.jpeg?dr=14555&x-expires=1752836400&x-signature=mH1KoECdXW2dMxQCN4CZPXA0kXo%3D&t=4d5b0474&ps=13740610&shp=81f88b70&shcp=43f4a2f9&idc=my&ftpl=1,,836500.0,all,phuonganhle305
https://www.tiktok.com/@luky889889/video/7525659423247846663,https://p16-sign-sg.tiktokcdn.com/tos-alisg-p-0037/oUDwAUBjICxcfEEV2fRgENyB2NZXIgkpAMAAFo~tplv-photomode-zoomcover:480:480.jpeg?dr=14555&x-expires=1752836400&x-signature=kwDOgH6tLZzZB2yTCiSvZ%2FZpxN4%3D&t=4d5b0474&ps=13740610&shp=81f88b70&shcp=43f4a2f9&idc=my&ftpl=1,,454800.0,all,luky889889
https://www.tiktok.com/@plxhvn2/video/7524219031616900366,https://p19-sign.tiktokcdn-us.com/tos-useast5-p-0068-tx/oYwDAVoQWgzDeCCygtSt2fEWFCAVDAawu6mVAI~tplv-photomode-zoomcover:480:480.jpeg?dr=14555&x-expires=1752836400&x-signature=qpOK1VyxYEfqE1akPbzLAbut41o%3D&t=4d5b0474&ps=13740610&shp=81f88b70&shcp=43f4a2f9&idc=my&ftpl=1,,138200.0,all,plxhvn2
https://www.tiktok.com/@nottuman/video/7524969271366077704,https://p16-sign-sg.tiktokcdn.com/tos-alisg-p-0037/oYfQIMjFIgD3xucEZDF5fI37DRC8IAClBwDofA~tplv-photomode-zoomcover:480:480.jpeg?dr=14555&x-expires=1752836400&x-signature=p7XkPSXPFst31uurpSH56sJ%2B%2Bpo%3D&t=4d5b0474&ps=13740610&shp=81f88b70&shcp=43f4a2f9&idc=my&ftpl=1,,579200.0,all,nottuman
https://www.tiktok.com/@plxhvn2/video/7524805462311636238,https://p16-sign.tiktokcdn-us.com/tos-useast5-p-0068-tx/oEXCabADnFSMACSAOog5VDgAqEISfDpDQaernU~tplv-photomode-zoomcover:480:480.jpeg?dr=14555&x-expires=1752836400&x-signature=JdmuS%2F9gCJgij43XIrVlTirotuo%3D&t=4d5b0474&ps=13740610&shp=81f88b70&shcp=43f4a2f9&idc=my&ftpl=1,,49100.0,all,plxhvn2
https://www.tiktok.com/@sapgaobaobao/video/7523908343476325650,https://p16-sign-sg.tiktokcdn.com/tos-alisg-p-0037/oYWjv1EDjAdNaUofIHf2nOAIDfAHFDAl1EAQJQ~tplv-photomode-zoomcover:480:480.jpeg?dr=14555&x-expires=1752836400&x-signature=OUXyHRWRmGH69eZPEPmGi2YQwe0%3D&t=4d5b0474&ps=13740610&shp=81f88b70&shcp=43f4a2f9&idc=my&ftpl=1,,328400.0,all,sapgaobaobao
https://www.tiktok.com/@chanhvivu/video/7525009772878236944,https://p16-sign-sg.tiktokcdn.com/tos-alisg-p-0037/oE5AoJBUismfNNuYvIYQAAgC516IIqIPw0xPvi~tplv-photomode-zoomcover:480:480.jpeg?dr=14555&x-expires=1752836400&x-signature=L9%2BcMfUxSrL3bn%2F%2BIQnvqnfE00s%3D&t=4d5b0474&ps=13740610&shp=81f88b70&shcp=43f4a2f9&idc=my&ftpl=1,,1300000.0,all,chanhvivu
https://www.tiktok.com/@dramin.vn/video/7524640519792708882,https://p16-sign-sg.tiktokcdn.com/tos-alisg-p-0037/o4YlPxNIALkiBkz3l56sGAaiiAB0sKADBEAAA~tplv-photomode-zoomcover:480:480.jpeg?dr=14555&x-expires=1752836400&x-signature=68DGuHDsSNw%2B9vlGny2Gf2yiCZE%3D&t=4d5b0474&ps=13740610&shp=81f88b70&shcp=43f4a2f9&idc=my&ftpl=1,,200100.0,all,dramin.vn
https://www.tiktok.com/@dangvuongne/video/7524945396729138440,https://p16-sign-sg.tiktokcdn.com/tos-alisg-p-0037/osAMAeWNGGDhLAgJLbIefQIEtJQQf0qAFUWyCA~tplv-photomode-zoomcover:480:480.jpeg?dr=14555&x-expires=1752836400&x-signature=zOWtagaxMH%2FAmqRhofNfMZzLO1Y%3D&t=4d5b0474&ps=13740610&shp=81f88b70&shcp=43f4a2f9&idc=my&ftpl=1,,380900.0,all,dangvuongne
https://www.tiktok.com/@gianghomang247/video/7526530375674268936,https://p16-sign-sg.tiktokcdn.com/tos-alisg-p-0037/oAEzKc780EKABAAxmBOi1B2iIRBA43ALOwfvxp~tplv-photomode-zoomcover:480:480.jpeg?dr=14555&x-expires=1752836400&x-signature=Cb4anRfmtb1TPKceCMvwSjthRjc%3D&t=4d5b0474&ps=13740610&shp=81f88b70&shcp=43f4a2f9&idc=my&ftpl=1,,268800.0,all,gianghomang247
https://www.tiktok.com/@peter_mai_/video/7524019342153878806,https://p16-pu-sign-no.tiktokcdn-eu.com/tos-no1a-p-0037-no/oEXVQLQ04IG3AZAzIsTID7fVuILmj1OIlBeze2~tplv-photomode-zoomcover:480:480.jpeg?dr=14555&x-expires=1752836400&x-signature=%2FpGoGo5K7gKjVknoz4l%2BJa83hEY%3D&t=4d5b0474&ps=13740610&shp=81f88b70&shcp=43f4a2f9&idc=my&ftpl=1,,20400000.0,all,peter_mai_
https://www.tiktok.com/@plxhvn2/video/7525684266093612302,https://p16-sign.tiktokcdn-us.com/tos-useast5-p-0068-tx/oArHxHtZAfAgtAeQETkWQPQ4QEC8DA1CeAMZEl~tplv-photomode-zoomcover:480:480.jpeg?dr=14555&x-expires=1752836400&x-signature=3LI11ea%2FJ9QaJt%2FKP%2FFrwyjD61I%3D&t=4d5b0474&ps=13740610&shp=81f88b70&shcp=43f4a2f9&idc=my&ftpl=1,,89800.0,all,plxhvn2
https://www.tiktok.com/@pth_.69/video/7519361838459391239,https://p16-sign-sg.tiktokcdn.com/tos-alisg-p-0037/ocAGAwiof7hg8JpArFMIIQHoQajGQeXAAekR0e~tplv-photomode-zoomcover:480:480.jpeg?dr=14555&x-expires=1752836400&x-signature=FeKzD1fq3WezHTtcVTbt%2BPDilio%3D&t=4d5b0474&ps=13740610&shp=81f88b70&shcp=43f4a2f9&idc=my&ftpl=1,,431100.0,all,pth_.69
https://www.tiktok.com/@cobedotdiem/video/7525628277034126610,https://p16-sign-sg.tiktokcdn.com/tos-alisg-p-0037/oM6PaQ9xjEBIVniHZAEiWTTEwJkBBAwFBBYZL~tplv-photomode-zoomcover:480:480.jpeg?dr=14555&x-expires=1752836400&x-signature=X2ljK5UH5D10x91zJct5ryWn95A%3D&t=4d5b0474&ps=13740610&shp=81f88b70&shcp=43f4a2f9&idc=my&ftpl=1,,111200.0,all,cobedotdiem
https://www.tiktok.com/@phucsyno96/video/7525323493693607175,https://p16-sign-sg.tiktokcdn.com/tos-alisg-p-0037/owmwoQMGeAC9n0GTIeteORgAsLjMq3KNdoIgDE~tplv-photomode-zoomcover:480:480.jpeg?dr=14555&x-expires=1752836400&x-signature=VbTAgP6VxSsdq2ijnEk%2FttSC1Nw%3D&t=4d5b0474&ps=13740610&shp=81f88b70&shcp=43f4a2f9&idc=my&ftpl=1,,438900.0,all,phucsyno96
https://www.tiktok.com/@dienvienmanhtruong/video/7524568092278607122,https://p9-sign-sg.tiktokcdn.com/tos-alisg-p-0037/oQbDMbMXXeQB2RZefjjhACBIHotBAo08AQU7DQ~tplv-photomode-zoomcover:480:480.jpeg?dr=14555&x-expires=1752836400&x-signature=%2FLxM07XnoeY48eXLkmV8b7yCqX8%3D&t=4d5b0474&ps=13740610&shp=81f88b70&shcp=43f4a2f9&idc=my&ftpl=1,,396800.0,all,dienvienmanhtruong
https://www.tiktok.com/@manxuatgia/video/7526055974730222856,https://p9-sign-sg.tiktokcdn.com/tos-alisg-p-0037/oM4AvCE9BiDojVAEH1LWFSxDf1oDZQII7gIee4~tplv-photomode-zoomcover:480:480.jpeg?dr=14555&x-expires=1752836400&x-signature=%2FkMTQ5ub2jILDqhg4Q0muWZkp%2Bc%3D&t=4d5b0474&ps=13740610&shp=81f88b70&shcp=43f4a2f9&idc=my&ftpl=1,,359000.0,all,manxuatgia
https://www.tiktok.com/@tranghieu0211/video/7526051115180264712,https://p16-sign-sg.tiktokcdn.com/tos-alisg-p-0037/oIAz0QnYQrDeyHujCnFEAbDSI4AjWhzQQPfCoe~tplv-photomode-zoomcover:480:480.jpeg?dr=14555&x-expires=1752836400&x-signature=r2cRqJ0hnDTvu631xqpVbptZoSU%3D&t=4d5b0474&ps=13740610&shp=81f88b70&shcp=43f4a2f9&idc=my&ftpl=1,,409100.0,all,tranghieu0211
https://www.tiktok.com/@vang.thi.xoa0/video/7524602155630660871,https://p9-sign-sg.tiktokcdn.com/tos-alisg-p-0037/owaEIUkhtDAcwGfyFMF9BRoBVE5g8B6bQtf0sE~tplv-photomode-zoomcover:720:720.jpeg?dr=14555&x-expires=1752836400&x-signature=5S86fzYJLJgh0RpeovgLXbxKkTI%3D&t=4d5b0474&ps=13740610&shp=81f88b70&shcp=43f4a2f9&idc=my&ftpl=1,,143000.0,singing-and-dancing,vang.thi.xoa0
https://www.tiktok.com/@_dieulinh16_/video/7525680684917198087,https://p16-sign-sg.tiktokcdn.com/tos-alisg-p-0037/oM2R9cElWSeRtwUrE8azlWgIDfAqFBBHHBYoJI~tplv-photomode-zoomcover:720:720.jpeg?dr=14555&x-expires=1752836400&x-signature=DdAE7RDyfCUki7%2FQ23Th5jA7MUQ%3D&t=4d5b0474&ps=13740610&shp=81f88b70&shcp=43f4a2f9&idc=my&ftpl=1,,397500.0,singing-and-dancing,_dieulinh16_
https://www.tiktok.com/@khanhlinhtran02/video/7521324342399995143,https://p16-sign-sg.tiktokcdn.com/tos-alisg-p-0037/oshEIYBGnv9Arcyi1H6aQVAZBKbVBEiwPcEZO~tplv-photomode-zoomcover:720:720.jpeg?dr=14555&x-expires=1752836400&x-signature=dD5TQVKMpbgA0hn9AwIT9LVDK8Q%3D&t=4d5b0474&ps=13740610&shp=81f88b70&shcp=43f4a2f9&idc=my&ftpl=1,,385200.0,singing-and-dancing,khanhlinhtran02
https://www.tiktok.com/@lehoa1297/video/7523433742342294802,https://p16-sign-sg.tiktokcdn.com/tos-alisg-p-0037/okBr9i8A1ImN1iACvqWfNHmyP1ugAIwUo0EEAA~tplv-photomode-zoomcover:720:720.jpeg?dr=14555&x-expires=1752836400&x-signature=WWSNI8XZsYa3uXCNC5gom%2FoF7DU%3D&t=4d5b0474&ps=13740610&shp=81f88b70&shcp=43f4a2f9&idc=my&ftpl=1,,165300.0,singing-and-dancing,lehoa1297
https://www.tiktok.com/@littlequanzz/video/7524968348375993608,https://p16-sign-sg.tiktokcdn.com/tos-alisg-p-0037/ocobB1vDIAgUCyvEEbAucBAkARFtsQff2gFD7E~tplv-photomode-zoomcover:720:720.jpeg?dr=14555&x-expires=1752836400&x-signature=FKiO7K1iMpa4BS2XLnLyrZi651s%3D&t=4d5b0474&ps=13740610&shp=81f88b70&shcp=43f4a2f9&idc=my&ftpl=1,,383000.0,singing-and-dancing,littlequanzz
https://www.tiktok.com/@ig.khalac248/video/7525101002387868946,https://p16-sign-sg.tiktokcdn.com/tos-alisg-p-0037/o8zRiYbNwO2IAI340xI9IWiLCvAuq0fhAdCQBC~tplv-photomode-zoomcover:720:720.jpeg?dr=14555&x-expires=1752836400&x-signature=3LaMHDFQrS1OKOu74hraORjgI9g%3D&t=4d5b0474&ps=13740610&shp=81f88b70&shcp=43f4a2f9&idc=my&ftpl=1,,276500.0,singing-and-dancing,ig.khalac248
https://www.tiktok.com/@louispham_203/video/7524685127276858631,https://p16-sign-sg.tiktokcdn.com/tos-alisg-p-0037/oUZI4NiBO9XobtqUClZbDmwIBfA5iACjXAG0oI~tplv-photomode-zoomcover:720:720.jpeg?dr=14555&x-expires=1752836400&x-signature=aLF7vSbKsei%2BHay2qZyGAr28epA%3D&t=4d5b0474&ps=13740610&shp=81f88b70&shcp=43f4a2f9&idc=my&ftpl=1,,223900.0,singing-and-dancing,louispham_203
https://www.tiktok.com/@uyenan.h/video/7525416242115644679,https://p16-sign-sg.tiktokcdn.com/tos-alisg-p-0037/oAbBiBPFeC9A5BmvEAAjiv2NKpNA0IA37AoIws~tplv-photomode-zoomcover:720:720.jpeg?dr=14555&x-expires=1752836400&x-signature=shk0yOmipTnm881Sm6v350y6O3w%3D&t=4d5b0474&ps=13740610&shp=81f88b70&shcp=43f4a2f9&idc=my&ftpl=1,,110300.0,singing-and-dancing,uyenan.h
https://www.tiktok.com/@_halinhtran_/video/7522839109811932423,https://p16-sign-sg.tiktokcdn.com/tos-alisg-p-0037/og9sdM4EnVQ3ZdloAoEQRf7F1fLYadEUBDOBgc~tplv-photomode-zoomcover:720:720.jpeg?dr=14555&x-expires=1752836400&x-signature=bEDOt47ZbcYX8WM9%2BDAuImkiM14%3D&t=4d5b0474&ps=13740610&shp=81f88b70&shcp=43f4a2f9&idc=my&ftpl=1,,536600.0,singing-and-dancing,_halinhtran_
https://www.tiktok.com/@kimanhne_36/video/7524219645830712583,https://p16-sign-sg.tiktokcdn.com/tos-alisg-p-0037/oQ7QAIfCjroIQAyeWwq1bs9frRtGICLtodyD8v~tplv-photomode-zoomcover:720:720.jpeg?dr=14555&x-expires=1752836400&x-signature=z26rqgATdZmVUWLBrGtF9ypbFVk%3D&t=4d5b0474&ps=13740610&shp=81f88b70&shcp=43f4a2f9&idc=my&ftpl=1,,183800.0,singing-and-dancing,kimanhne_36
https://www.tiktok.com/@nhanvuatovuadz1701/video/7524221447611419911,https://p16-sign-sg.tiktokcdn.com/tos-alisg-p-0037/oAdaDfg3EE8UQyznQRogFBBWQeR2Aqx6zBQQL2~tplv-photomode-zoomcover:720:720.jpeg?dr=14555&x-expires=1752836400&x-signature=%2BnTYNrvlvn6SZJlPbncT7tDhNdw%3D&t=4d5b0474&ps=13740610&shp=81f88b70&shcp=43f4a2f9&idc=my&ftpl=1,,285800.0,singing-and-dancing,nhanvuatovuadz1701
https://www.tiktok.com/@kame_dance_studio/video/7525308578266189063,https://p16-sign-sg.tiktokcdn.com/tos-alisg-p-0037/ooDCff0vFgaVD1AIATqEA2CURBbFECZIobQvAB~tplv-photomode-zoomcover:720:720.jpeg?dr=14555&x-expires=1752836400&x-signature=YJOknpkOPK3RWZ%2FxtifBKLc49gw%3D&t=4d5b0474&ps=13740610&shp=81f88b70&shcp=43f4a2f9&idc=my&ftpl=1,,117600.0,singing-and-dancing,kame_dance_studio
https://www.tiktok.com/@bbibeo_o/video/7520902501504126215,https://p16-sign-sg.tiktokcdn.com/tos-alisg-p-0037/oc0QQsURQEM57qDSBngFJXQHQfn2oJEBoDylfA~tplv-photomode-zoomcover:720:720.jpeg?dr=14555&x-expires=1752836400&x-signature=8I6%2FO%2FiozALp381%2FmD19%2Fzeqo1o%3D&t=4d5b0474&ps=13740610&shp=81f88b70&shcp=43f4a2f9&idc=my&ftpl=1,,116200.0,singing-and-dancing,bbibeo_o
https://www.tiktok.com/@phuongmychiofficial/video/7525669692564983061,https://p16-sign-sg.tiktokcdn.com/tos-alisg-p-0037/ooE4GelJEIe4QQEWPAQALEihI1rRAA7eDDnAuu~tplv-photomode-zoomcover:720:720.jpeg?dr=14555&x-expires=1752836400&x-signature=2%2FnPNdT%2FtvzbRkxD9Df8DuKZgek%3D&t=4d5b0474&ps=13740610&shp=81f88b70&shcp=43f4a2f9&idc=my&ftpl=1,,384100.0,singing-and-dancing,phuongmychiofficial
https://www.tiktok.com/@alithucphuong/video/7522042887664602376,https://p16-sign-sg.tiktokcdn.com/tos-alisg-p-0037/osWCkBFYfEDgSiAAnjAgfSEoojIKVVqBUAd6qC~tplv-photomode-zoomcover:720:720.jpeg?dr=14555&x-expires=1752836400&x-signature=EWm6WRrMyOB2qZCRjBWW%2BdQSk4g%3D&t=4d5b0474&ps=13740610&shp=81f88b70&shcp=43f4a2f9&idc=my&ftpl=1,,625500.0,singing-and-dancing,alithucphuong
https://www.tiktok.com/@congchua1999x/video/7523067720653409543,https://p16-sign-sg.tiktokcdn.com/tos-alisg-p-0037/okFOA84EGbRBBQaI8BFoAn7DgCUGwBfIf0ZEN7~tplv-photomode-zoomcover:720:720.jpeg?dr=14555&x-expires=1752836400&x-signature=Iish2iYomR0WUVBmsz5yxKh6%2FZY%3D&t=4d5b0474&ps=13740610&shp=81f88b70&shcp=43f4a2f9&idc=my&ftpl=1,,123200.0,singing-and-dancing,congchua1999x
https://www.tiktok.com/@_hamykk/video/7525791049030110484,https://p16-sign-sg.tiktokcdn.com/tos-alisg-p-0037/oMXBXuLUgIJb8L1GfehRhGxFwgsWQPeeAA8LLG~tplv-photomode-zoomcover:720:720.jpeg?dr=14555&x-expires=1752836400&x-signature=WEtaBw%2B1WB6tJwBJMTj9OwWxKgs%3D&t=4d5b0474&ps=13740610&shp=81f88b70&shcp=43f4a2f9&idc=my&ftpl=1,,148600.0,singing-and-dancing,_hamykk
https://www.tiktok.com/@tippitivi/video/7525409031616335112,https://p16-sign-sg.tiktokcdn.com/tos-alisg-p-0037/oYIiSDBkIiAfIhANDQiqPnCBAx8xPIBv0c7Jwr~tplv-photomode-zoomcover:720:720.jpeg?dr=14555&x-expires=1752836400&x-signature=QEFP53LgcRn1J77c6RtB0Cu3K2w%3D&t=4d5b0474&ps=13740610&shp=81f88b70&shcp=43f4a2f9&idc=my&ftpl=1,,28600.0,singing-and-dancing,tippitivi
https://www.tiktok.com/@hoa.batdongsan/video/7525819331071020295,https://p9-sign-sg.tiktokcdn.com/tos-alisg-p-0037/o4viaBAYBpiFBExxboEEIgPiAHwpFtUINzHXJ~tplv-photomode-zoomcover:720:720.jpeg?dr=14555&x-expires=1752836400&x-signature=bEcgyhq7Kar%2BAIOjg7nszp%2FPNFo%3D&t=4d5b0474&ps=13740610&shp=81f88b70&shcp=43f4a2f9&idc=my&ftpl=1,,81100.0,singing-and-dancing,hoa.batdongsan
https://www.tiktok.com/@lingg2809/video/7523847986451991826,https://p16-sign-sg.tiktokcdn.com/tos-alisg-p-0037/o8qAcFIEeWG3GbAUeqstLkUGemQHbhQRJWQpei~tplv-photomode-zoomcover:720:720.jpeg?dr=14555&x-expires=1752836400&x-signature=yT2DTiL0GTYtLHyre%2FZUufobxrA%3D&t=4d5b0474&ps=13740610&shp=81f88b70&shcp=43f4a2f9&idc=my&ftpl=1,,323200.0,singing-and-dancing,lingg2809
https://www.tiktok.com/@diu.anh7249/video/7525086310109875464,https://p16-sign-sg.tiktokcdn.com/tos-alisg-p-0037/okcejLCjoGQb3zIQeAVtABi4Qett3jDIzCQ2PN~tplv-photomode-zoomcover:720:720.jpeg?dr=14555&x-expires=1752836400&x-signature=g%2FhmNFdoOIQECUbCuSIRPlQDblw%3D&t=4d5b0474&ps=13740610&shp=81f88b70&shcp=43f4a2f9&idc=my&ftpl=1,,172300.0,singing-and-dancing,diu.anh7249
https://www.tiktok.com/@kimanhne_36/video/7525671270936022290,https://p16-sign-sg.tiktokcdn.com/tos-alisg-p-0037/ocVE0jmiId9EUlcBWw7DfBmR2wAFD3IgEaDoIe~tplv-photomode-zoomcover:720:720.jpeg?dr=14555&x-expires=1752836400&x-signature=Ng%2F7m4SaLMgpKvwNfJ4SMx4xaVA%3D&t=4d5b0474&ps=13740610&shp=81f88b70&shcp=43f4a2f9&idc=my&ftpl=1,,155300.0,singing-and-dancing,kimanhne_36
https://www.tiktok.com/@sau2_004/video/7521952973602213128,https://p16-sign-sg.tiktokcdn.com/tos-alisg-p-0037/oMZpDPfDoI2FjaQI1WVw5xFrjCGArEAaFBffQA~tplv-photomode-zoomcover:720:720.jpeg?dr=14555&x-expires=1752836400&x-signature=lMkgOXNYSx8UU%2BvoqgW56UsNscs%3D&t=4d5b0474&ps=13740610&shp=81f88b70&shcp=43f4a2f9&idc=my&ftpl=1,,608500.0,singing-and-dancing,sau2_004
https://www.tiktok.com/@xoaikhongchua_99/video/7526203667272191287,https://p16-sign.tiktokcdn-us.com/tos-useast5-p-0068-tx/oARa984A4JEB7BgmF9xVbIixUaioyhHsEc4Bv~tplv-photomode-zoomcover:720:720.jpeg?dr=14555&x-expires=1752836400&x-signature=36LHu%2Flc2SgINQOeOgOkek05mtE%3D&t=4d5b0474&ps=13740610&shp=81f88b70&shcp=43f4a2f9&idc=my&ftpl=1,,273800.0,singing-and-dancing,xoaikhongchua_99
https://www.tiktok.com/@namanhvt11/video/7526117151846059272,https://p16-sign-sg.tiktokcdn.com/tos-alisg-p-0037/oUWmEo2AfDANtqA9A2F3DjQABIfAOEO5IUfUzE~tplv-photomode-zoomcover:480:480.jpeg?dr=14555&x-expires=1752836400&x-signature=0q4i1S%2F72u9N2Jt27NKvzBrdeVk%3D&t=4d5b0474&ps=13740610&shp=81f88b70&shcp=43f4a2f9&idc=my&ftpl=1,,462800.0,comedy,namanhvt11
https://www.tiktok.com/@plxhvn2/video/7525409510911937847,https://p16-sign.tiktokcdn-us.com/tos-useast5-p-0068-tx/o448ElB0BwAI6BKCAigAvA6AvDDBNiygeJcoMB~tplv-photomode-zoomcover:480:480.jpeg?dr=14555&x-expires=1752836400&x-signature=5tjQ%2Fn2OmYaAlMOmdI8zr9UUwec%3D&t=4d5b0474&ps=13740610&shp=81f88b70&shcp=43f4a2f9&idc=my&ftpl=1,,25600.0,comedy,plxhvn2
https://www.tiktok.com/@color.life.1978/video/7524933293804915986,https://p16-sign-sg.tiktokcdn.com/tos-alisg-p-0037/oQtdEKsX8BAv7cAlAvi4AI0ABCHwqBlNIKfcti~tplv-photomode-zoomcover:480:480.jpeg?dr=14555&x-expires=1752836400&x-signature=wGT49T2YqIlEg6n1zPy8oNRaEIY%3D&t=4d5b0474&ps=13740610&shp=81f88b70&shcp=43f4a2f9&idc=my&ftpl=1,,439000.0,comedy,color.life.1978
https://www.tiktok.com/@chikhang0311/video/7524533313688571144,https://p16-sign-sg.tiktokcdn.com/tos-alisg-p-0037/ogm1F7FTIiUcWJjAkg0CsBzANI93qAofwAZipI~tplv-photomode-zoomcover:480:480.jpeg?dr=14555&x-expires=1752836400&x-signature=adR4n0T%2F3B3a2%2BHdjz51yNyudMg%3D&t=4d5b0474&ps=13740610&shp=81f88b70&shcp=43f4a2f9&idc=my&ftpl=1,,261200.0,comedy,chikhang0311
https://www.tiktok.com/@haha_412/video/7524686434909932818,https://p9-sign-sg.tiktokcdn.com/tos-alisg-p-0037/ost2AYin5Av01OBAilAGbDadXBBAvIwPSEEKS~tplv-photomode-zoomcover:480:480.jpeg?dr=14555&x-expires=1752836400&x-signature=Y4h%2FIiv2GjSjvzX8iB%2BWRQ6kmhM%3D&t=4d5b0474&ps=13740610&shp=81f88b70&shcp=43f4a2f9&idc=my&ftpl=1,,355200.0,comedy,haha_412
https://www.tiktok.com/@itsdunggee/video/7524318083503230226,https://p16-sign-sg.tiktokcdn.com/tos-alisg-p-0037/o8BRBigYE8oAS7E3ICrA4UiAUakXvBf75mAEe4~tplv-photomode-zoomcover:480:480.jpeg?dr=14555&x-expires=1752836400&x-signature=HXekQkNEZfbYGxd3gkAD1IRbGxk%3D&t=4d5b0474&ps=13740610&shp=81f88b70&shcp=43f4a2f9&idc=my&ftpl=1,,200100.0,comedy,itsdunggee
https://www.tiktok.com/@longandaxua/video/7525040820915932423,https://p16-sign-sg.tiktokcdn.com/tos-alisg-p-0037/o03CUyNIBItUgu6UA8iGqiI6pAfQ05AIiKwYCN~tplv-photomode-zoomcover:480:480.jpeg?dr=14555&x-expires=1752836400&x-signature=FxuqFreC9XjPdTpRMBK5RY9M%2FEQ%3D&t=4d5b0474&ps=13740610&shp=81f88b70&shcp=43f4a2f9&idc=my&ftpl=1,,452400.0,comedy,longandaxua
https://www.tiktok.com/@dong.thuydung/video/7526152907763272967,https://p16-sign-sg.tiktokcdn.com/tos-alisg-p-0037/owDyRofIcxjEERU2BAQacjOfKhigrFQDJ9UBOk~tplv-photomode-zoomcover:480:480.jpeg?dr=14555&x-expires=1752836400&x-signature=%2Fen3ydeTIr68Rk%2F%2BkAIirKQprAw%3D&t=4d5b0474&ps=13740610&shp=81f88b70&shcp=43f4a2f9&idc=my&ftpl=1,,234100.0,comedy,dong.thuydung
https://www.tiktok.com/@lebaoofficial/video/7524695513304747272,https://p16-sign-sg.tiktokcdn.com/tos-alisg-p-0037/osZGgPtEI6iJA3tBGLVFrliXBZCYJ0KABIacI~tplv-photomode-zoomcover:480:480.jpeg?dr=14555&x-expires=1752836400&x-signature=HvC%2F6a51AJp2xb%2BELM8gjxF1doA%3D&t=4d5b0474&ps=13740610&shp=81f88b70&shcp=43f4a2f9&idc=my&ftpl=1,,417000.0,comedy,lebaoofficial
https://www.tiktok.com/@tuan_than_den_ha_noi/video/7525028777416477959,https://p16-sign-sg.tiktokcdn.com/tos-alisg-p-0037/oEo3Gee7IIfoQ6ilWEQALCicQTjIA0oWDDXooK~tplv-photomode-zoomcover:480:480.jpeg?dr=14555&x-expires=1752836400&x-signature=eU7i2LR4%2BogqMhUmiyOzesD461o%3D&t=4d5b0474&ps=13740610&shp=81f88b70&shcp=43f4a2f9&idc=my&ftpl=1,,75600.0,comedy,tuan_than_den_ha_noi
https://www.tiktok.com/@anthonyngofficial/video/7526037708892933389,https://p16-sign.tiktokcdn-us.com/tos-useast5-p-0068-tx/okpcDf6AEEqSQytxQEogFBnjIaRdArIozD3yTe~tplv-photomode-zoomcover:480:480.jpeg?dr=14555&x-expires=1752836400&x-signature=nXh90WZPsqT9oDhDJprR3UV3JHw%3D&t=4d5b0474&ps=13740610&shp=81f88b70&shcp=43f4a2f9&idc=my&ftpl=1,,26900.0,comedy,anthonyngofficial
https://www.tiktok.com/@saigonteu/video/7526121871910243602,https://p16-sign-sg.tiktokcdn.com/tos-alisg-p-0037/o0AJHQ4oBIBvRy49AJiAK5KfRBv50AAEiCwlBO~tplv-photomode-zoomcover:480:480.jpeg?dr=14555&x-expires=1752836400&x-signature=woIXsB63HBfCr%2BjUMcBdi3LVBqI%3D&t=4d5b0474&ps=13740610&shp=81f88b70&shcp=43f4a2f9&idc=my&ftpl=1,,750600.0,comedy,saigonteu
https://www.tiktok.com/@khuamatvuong/video/7524276995761507602,https://p9-sign-sg.tiktokcdn.com/tos-alisg-p-0037/o0AACUEIEBgoVIafemFQrKBNdhoyQEADDC5RA1~tplv-photomode-zoomcover:480:480.jpeg?dr=14555&x-expires=1752836400&x-signature=uEEjXshD3Z43oR7LX1HDINfhP68%3D&t=4d5b0474&ps=13740610&shp=81f88b70&shcp=43f4a2f9&idc=my&ftpl=1,,279300.0,comedy,khuamatvuong
https://www.tiktok.com/@namanhvt11/video/7526508458573614343,https://p16-sign-sg.tiktokcdn.com/tos-alisg-p-0037/ocaE2EwDgCACxQpFfAoRBAA0Irn6EcQe7luD3U~tplv-photomode-zoomcover:480:480.jpeg?dr=14555&x-expires=1752836400&x-signature=7%2FoVJuK3sIk%2FJXGkBiONsCuApes%3D&t=4d5b0474&ps=13740610&shp=81f88b70&shcp=43f4a2f9&idc=my&ftpl=1,,249900.0,comedy,namanhvt11
https://www.tiktok.com/@phucbinhyenofficial/video/7522339330677902600,https://p9-sign-sg.tiktokcdn.com/tos-alisg-p-0037/ocxtiXtFiBax0AkQYEABxraiSBI1vBSWJI83G~tplv-photomode-zoomcover:480:480.jpeg?dr=14555&x-expires=1752836400&x-signature=%2BJhGHvaDEFnNoFinZt4i0xOdK9I%3D&t=4d5b0474&ps=13740610&shp=81f88b70&shcp=43f4a2f9&idc=my&ftpl=1,,499700.0,comedy,phucbinhyenofficial
https://www.tiktok.com/@codongnat_99/video/7524671990519581960,https://p9-sign-sg.tiktokcdn.com/tos-alisg-p-0037/okgthRgIEoDAbU4FQmBeBoAD6s5BRED7IkVAfq~tplv-photomode-zoomcover:480:480.jpeg?dr=14555&x-expires=1752836400&x-signature=fJmArpACXbvsFuFGgSUVnz1DSt4%3D&t=4d5b0474&ps=13740610&shp=81f88b70&shcp=43f4a2f9&idc=my&ftpl=1,,167400.0,comedy,codongnat_99
https://www.tiktok.com/@papa_taiche/video/7525034089187921159,https://p16-sign-sg.tiktokcdn.com/tos-alisg-p-0037/oQtISivPa9XY0mZI5rzVELEARBy6GuwISKAiB~tplv-photomode-zoomcover:480:480.jpeg?dr=14555&x-expires=1752836400&x-signature=oFNfa6qLzZvlPYgMUajRe0VjgO4%3D&t=4d5b0474&ps=13740610&shp=81f88b70&shcp=43f4a2f9&idc=my&ftpl=1,,44100.0,comedy,papa_taiche
https://www.tiktok.com/@nguyenmythanh0392/video/7524971173713628471,https://p16-sign.tiktokcdn-us.com/tos-useast5-p-0068-tx/o4EfWFAEEIZIgZbihufCOB3ARlc1oDSQDQOXBO~tplv-photomode-zoomcover:480:480.jpeg?dr=14555&x-expires=1752836400&x-signature=s00U6JKpeERI9mtCzDd3TYHPunM%3D&t=4d5b0474&ps=13740610&shp=81f88b70&shcp=43f4a2f9&idc=my&ftpl=1,,46900.0,comedy,nguyenmythanh0392
https://www.tiktok.com/@tuyenpoi/video/7524280133285416209,https://p16-sign-sg.tiktokcdn.com/tos-alisg-p-0037/oseIQezuKA5jGjGhAmlIAnCocD1Lge47QHTzn2~tplv-photomode-zoomcover:480:480.jpeg?dr=14555&x-expires=1752836400&x-signature=lejTPaW%2BkhNN5INdQO2UOVHuUho%3D&t=4d5b0474&ps=13740610&shp=81f88b70&shcp=43f4a2f9&idc=my&ftpl=1,,82400.0,comedy,tuyenpoi
https://www.tiktok.com/@ttinflyou/video/7525105984809749767,https://p9-sign-sg.tiktokcdn.com/tos-alisg-p-0037/oUNbjtEIEDAQfm3fRjFouFteaAZjDIA7DCRjBq~tplv-photomode-zoomcover:480:480.jpeg?dr=14555&x-expires=1752836400&x-signature=8m8ivRN%2FBS1YRQL20jXz%2FtnvGcI%3D&t=4d5b0474&ps=13740610&shp=81f88b70&shcp=43f4a2f9&idc=my&ftpl=1,,143700.0,comedy,ttinflyou
https://www.tiktok.com/@bongtim96/video/7525450454621244679,https://p16-sign-sg.tiktokcdn.com/tos-alisg-p-0037/oo6dCfDrDDRQFmGIevEx4IIV3CoIsiKAfujZpA~tplv-photomode-zoomcover:480:480.jpeg?dr=14555&x-expires=1752836400&x-signature=RwFUEQYKaaWl0GL3DYhKsGi0p3k%3D&t=4d5b0474&ps=13740610&shp=81f88b70&shcp=43f4a2f9&idc=my&ftpl=1,,575500.0,comedy,bongtim96
https://www.tiktok.com/@24h.sports/video/7526141433024105735,https://p9-sign-sg.tiktokcdn.com/tos-alisg-p-0037/ocKK4OiBSASkdyKbBgzbOFwEBfAaiAAG0BA0RI~tplv-photomode-zoomcover:720:720.jpeg?dr=14555&x-expires=1752836400&x-signature=GOgRm49WBsE8CIZjrKGE%2BddlQ%2B8%3D&t=4d5b0474&ps=13740610&shp=81f88b70&shcp=43f4a2f9&idc=my&ftpl=1,,110800.0,sports,24h.sports
https://www.tiktok.com/@deryynok2sf68x/video/7525360370186210567,https://p16-sign-sg.tiktokcdn.com/tos-alisg-p-0037/o4EB9LoIv3fDjBAcgdU23fEVFEARdCbzkHgk4I~tplv-photomode-zoomcover:720:720.jpeg?dr=14555&x-expires=1752836400&x-signature=Bb%2BajKYBy6%2B6koij8srOCpFrzUs%3D&t=4d5b0474&ps=13740610&shp=81f88b70&shcp=43f4a2f9&idc=my&ftpl=1,,68100.0,sports,deryynok2sf68x
https://www.tiktok.com/@uci_cycling/video/7524367359042161942,https://p16-pu-sign-no.tiktokcdn-eu.com/tos-no1a-p-0037-no/ocfREEYCa9hYBA6rxMCOIQQ7gAiEFoAfayBkAi~tplv-photomode-zoomcover:720:720.jpeg?dr=14555&x-expires=1752836400&x-signature=7VtvFamiKctHR6rwq1T%2BrIBj8%2B8%3D&t=4d5b0474&ps=13740610&shp=81f88b70&shcp=43f4a2f9&idc=my&ftpl=1,,643600.0,sports,uci_cycling
https://www.tiktok.com/@sut88cusut/video/7526707237725768968,https://p16-sign-sg.tiktokcdn.com/tos-alisg-p-0037/oAGIjeH0KASjGT2IEgLIA1CoPD6LIPPfQmielh~tplv-photomode-zoomcover:720:720.jpeg?dr=14555&x-expires=1752836400&x-signature=O0mQB5fMWG9ZH2IbVyzUIqS57s0%3D&t=4d5b0474&ps=13740610&shp=81f88b70&shcp=43f4a2f9&idc=my&ftpl=1,,102600.0,sports,sut88cusut
https://www.tiktok.com/@xiaomy99/video/7525200275544526098,https://p16-sign-sg.tiktokcdn.com/tos-alisg-p-0037/oYiav4cG7AsEBtY5hGAjaprFXdMIgIBAuui6g~tplv-photomode-zoomcover:720:720.jpeg?dr=14555&x-expires=1752836400&x-signature=cUCDT%2Fjpr67QmlxXP1uKPhE5Vmk%3D&t=4d5b0474&ps=13740610&shp=81f88b70&shcp=43f4a2f9&idc=my&ftpl=1,,1200000.0,sports,xiaomy99
https://www.tiktok.com/@phamquynhhoaa/video/7519074933436058898,https://p9-sign-sg.tiktokcdn.com/tos-alisg-p-0037/o0AtAfDgDBCoFAAETyEPRfIaWCUQiy0g4cR87A~tplv-photomode-zoomcover:720:720.jpeg?dr=14555&x-expires=1752836400&x-signature=iydfTWJ8nb8cwrcXJRxW%2BJyLY8Q%3D&t=4d5b0474&ps=13740610&shp=81f88b70&shcp=43f4a2f9&idc=my&ftpl=1,,1000000.0,sports,phamquynhhoaa
https://www.tiktok.com/@minhnhatgk/video/7524251168164384018,https://p16-sign-sg.tiktokcdn.com/tos-alisg-p-0037/osQDoaPyCX84EBguwtJBbUeAE5Upr4gQGgfFRg~tplv-photomode-zoomcover:720:720.jpeg?dr=14555&x-expires=1752836400&x-signature=54C3Eko9SvieSDpjYR%2Bmkr0D6P0%3D&t=4d5b0474&ps=13740610&shp=81f88b70&shcp=43f4a2f9&idc=my&ftpl=1,,93500.0,sports,minhnhatgk
https://www.tiktok.com/@24h.tinmoi/video/7525008863041572103,https://p16-sign-sg.tiktokcdn.com/tos-alisg-p-0037/oYEuIABAVMabA7DoDFBQfA0flOlCOEAgUNj4Cb~tplv-photomode-zoomcover:720:720.jpeg?dr=14555&x-expires=1752836400&x-signature=vB4phvAzrT7n4OCzZKsxvNIrd5k%3D&t=4d5b0474&ps=13740610&shp=81f88b70&shcp=43f4a2f9&idc=my&ftpl=1,,39000.0,sports,24h.tinmoi
https://www.tiktok.com/@redbull/video/7525781895959891222,https://p16-pu-sign-no.tiktokcdn-eu.com/tos-no1a-p-0037-no/o8hk7FKWQDhDwAJV5AAqAJXiIf3fleWEyCQAeA~tplv-photomode-zoomcover:720:720.jpeg?dr=14555&x-expires=1752836400&x-signature=AgTCs2BXwij3LUF8GMKbuyiM5AM%3D&t=4d5b0474&ps=13740610&shp=81f88b70&shcp=43f4a2f9&idc=my&ftpl=1,,2400000.0,sports,redbull
https://www.tiktok.com/@lionchampionshipvietnam/video/7525661566574906642,https://p9-sign-sg.tiktokcdn.com/tos-alisg-p-0037/owAwBA7aClvEVHgiCEVHi8YhBAIaAijFFBZAE~tplv-photomode-zoomcover:720:720.jpeg?dr=14555&x-expires=1752836400&x-signature=X3Ht8dOcBufIzcBuzWul3lqXozI%3D&t=4d5b0474&ps=13740610&shp=81f88b70&shcp=43f4a2f9&idc=my&ftpl=1,,39400.0,sports,lionchampionshipvietnam
https://www.tiktok.com/@thandogo8/video/7525651698325425415,https://p16-sign-sg.tiktokcdn.com/tos-alisg-p-0037/ogBD7hQgBLJGfC5eARoMPeImLIAjXO4EDI8WAg~tplv-photomode-zoomcover:720:720.jpeg?dr=14555&x-expires=1752836400&x-signature=juAzI8%2BgW0Wkqyn48c7zB5ziHeA%3D&t=4d5b0474&ps=13740610&shp=81f88b70&shcp=43f4a2f9&idc=my&ftpl=1,,60500.0,sports,thandogo8
https://www.tiktok.com/@mikaylaallisonn/video/7525995255351594271,https://p16-pu-sign-useast8.tiktokcdn-us.com/tos-useast8-p-0068-tx2/oQOAbAiNOYBiIwAGnLo0iGxiPyqBV0ICtEEfBb~tplv-photomode-zoomcover:720:720.jpeg?dr=14555&x-expires=1752836400&x-signature=YO63j%2B3JWil5ArRd0lU1fiUVM0o%3D&t=4d5b0474&ps=13740610&shp=81f88b70&shcp=43f4a2f9&idc=my&ftpl=1,,4700000.0,sports,mikaylaallisonn
https://www.tiktok.com/@nextmediaofficial/video/7525611866886851848,https://p16-sign-sg.tiktokcdn.com/tos-alisg-p-0037/ogAAAB60KiUAAKcIvvwfBiVOBBjkVCE0igcKBw~tplv-photomode-zoomcover:720:720.jpeg?dr=14555&x-expires=1752836400&x-signature=L2YuO99zMCV7%2F5X0EfKB1tmggmc%3D&t=4d5b0474&ps=13740610&shp=81f88b70&shcp=43f4a2f9&idc=my&ftpl=1,,23000.0,sports,nextmediaofficial
https://www.tiktok.com/@tonyrosatournaments/video/7525391795316935944,https://p16-sign-sg.tiktokcdn.com/tos-alisg-p-0037/o8RERkXAIrrEUmbBQvtDfBfR7hAFNs4gExcoIE~tplv-photomode-zoomcover:720:720.jpeg?dr=14555&x-expires=1752836400&x-signature=zPbZRXb4gZC7d9W9hx8piAHpSpo%3D&t=4d5b0474&ps=13740610&shp=81f88b70&shcp=43f4a2f9&idc=my&ftpl=1,,19700.0,sports,tonyrosatournaments
https://www.tiktok.com/@daohongson.bjj/video/7525024219508428040,https://p16-sign-sg.tiktokcdn.com/tos-alisg-p-0037/okQcQIBhRg3bAfDopFzjfOnsaF7EREWgcuk1Bn~tplv-photomode-zoomcover:720:720.jpeg?dr=14555&x-expires=1752836400&x-signature=s9ifcAW53e2FEVy6I6sI8VPFNug%3D&t=4d5b0474&ps=13740610&shp=81f88b70&shcp=43f4a2f9&idc=my&ftpl=1,,21600.0,sports,daohongson.bjj
https://www.tiktok.com/@onsportsplus/video/7526152299983506689,https://p16-sign-sg.tiktokcdn.com/tos-alisg-p-0037/ocyAvhADiADBJr5HBYbuaSQiEAdA4xiUvkIAl~tplv-photomode-zoomcover:720:720.jpeg?dr=14555&x-expires=1752836400&x-signature=hMiB3kX5Yd3ZQE3J88Yk%2F2TFIBc%3D&t=4d5b0474&ps=13740610&shp=81f88b70&shcp=43f4a2f9&idc=my&ftpl=1,,79000.0,sports,onsportsplus
https://www.tiktok.com/@kkkkshswu/video/7526227474326244616,https://p16-sign-sg.tiktokcdn.com/tos-alisg-p-0037/ogQvoiBFjIDovIkfbyiIHeCAiBtAA4pA5Qfyqt~tplv-photomode-zoomcover:720:720.jpeg?dr=14555&x-expires=1752836400&x-signature=Iay7mlZ1%2BxsBxMQ7t3kf0bHHdfc%3D&t=4d5b0474&ps=13740610&shp=81f88b70&shcp=43f4a2f9&idc=my&ftpl=1,,54600.0,sports,kkkkshswu
https://www.tiktok.com/@xem.khng/video/7517906685390769422,https://p16-sign.tiktokcdn-us.com/tos-useast5-p-0068-tx/oMVpGfSshIIyRmOReFULRaEIQUGCebAIJAeUIR~tplv-photomode-zoomcover:720:720.jpeg?dr=14555&x-expires=1752836400&x-signature=%2FxDBLF6gVOt5Tc5KwJRTKbb40uM%3D&t=4d5b0474&ps=13740610&shp=81f88b70&shcp=43f4a2f9&idc=my&ftpl=1,,64700.0,sports,xem.khng
https://www.tiktok.com/@kimthiencotichh/video/7525674039893888263,https://p16-sign-sg.tiktokcdn.com/tos-alisg-p-0037/oIwAKfIdAiFIS44QjGSEDRnfVIQnIALhADA4eG~tplv-photomode-zoomcover:720:720.jpeg?dr=14555&x-expires=1752836400&x-signature=BaeQkESsDPN968Pc26eTeE1zZUo%3D&t=4d5b0474&ps=13740610&shp=81f88b70&shcp=43f4a2f9&idc=my&ftpl=1,,6946.0,sports,kimthiencotichh
https://www.tiktok.com/@fptbongda/video/7526658859855891728,https://p16-sign-sg.tiktokcdn.com/tos-alisg-p-0037/oUBBCIDoFAAKdE07AVbEACfCAgNEIQAfgoBRlE~tplv-photomode-zoomcover:720:720.jpeg?dr=14555&x-expires=1752836400&x-signature=IoCH%2BAcSHXciQxh%2BXdEEfLP9TUI%3D&t=4d5b0474&ps=13740610&shp=81f88b70&shcp=43f4a2f9&idc=my&ftpl=1,,132000.0,sports,fptbongda
https://www.tiktok.com/@thethao247.vn/video/7525800770298694920,https://p16-sign-sg.tiktokcdn.com/tos-alisg-p-0037/okLBPfDQFODlcBiQbRVAABiEW5yQQUFfgoQbaE~tplv-photomode-zoomcover:720:720.jpeg?dr=14555&x-expires=1752836400&x-signature=i7C%2Fmy3kJIeA1rsGJXucO%2FZZPew%3D&t=4d5b0474&ps=13740610&shp=81f88b70&shcp=43f4a2f9&idc=my&ftpl=1,,21600.0,sports,thethao247.vn
https://www.tiktok.com/@blvduongtang/video/7524311983894678802,https://p16-sign-sg.tiktokcdn.com/tos-alisg-p-0037/okjhHDlJAe2IfAdQa3oLIE81ECbeM6ArQAGuIv~tplv-photomode-zoomcover:720:720.jpeg?dr=14555&x-expires=1752836400&x-signature=DnKli4%2BhLr%2FI5KUfGZ40q5wO4xk%3D&t=4d5b0474&ps=13740610&shp=81f88b70&shcp=43f4a2f9&idc=my&ftpl=1,,36800.0,sports,blvduongtang
https://www.tiktok.com/@hhn405/video/7524684041166114069,https://p16-sign-sg.tiktokcdn.com/tos-alisg-p-0037/oAfSaeiABDBEUlglohDnUoQJbIAuLGRrQFMED0~tplv-photomode-zoomcover:480:480.jpeg?dr=14555&x-expires=1752836400&x-signature=mgTh3GHI%2BXcjYred7kyTpM0XZSA%3D&t=4d5b0474&ps=13740610&shp=81f88b70&shcp=43f4a2f9&idc=my&ftpl=1,,123500.0,anime-and-comics,hhn405
https://www.tiktok.com/@vietsub_dao_nhan/video/7525273572885957895,https://p16-sign-sg.tiktokcdn.com/tos-alisg-p-0037/oUFv3UA3eAEtPiBXAGrQfFE7JIDoLEApxkAI2f~tplv-photomode-zoomcover:480:480.jpeg?dr=14555&x-expires=1752836400&x-signature=gBd1WW6fGlUSEMYYIndzD8JW5uk%3D&t=4d5b0474&ps=13740610&shp=81f88b70&shcp=43f4a2f9&idc=my&ftpl=1,,14500.0,anime-and-comics,vietsub_dao_nhan
https://www.tiktok.com/@tangca/video/7525688405934607638,https://p16-pu-sign-no.tiktokcdn-eu.com/tos-no1a-p-0037-no/o8gwDIgIE4DAckAFJxBSFon2eTgFREBlIqd8fL~tplv-photomode-zoomcover:480:480.jpeg?dr=14555&x-expires=1752836400&x-signature=LcSLXvfQa0W4YoS6MfF%2FYV7EIO0%3D&t=4d5b0474&ps=13740610&shp=81f88b70&shcp=43f4a2f9&idc=my&ftpl=1,,20700.0,anime-and-comics,tangca
https://www.tiktok.com/@troncinearb/video/7524583554408369415,https://p16-sign-sg.tiktokcdn.com/tos-alisg-p-0037/oUEsIAAAKshNAOB0biBMf1UBHh4BxiAwKblOBw~tplv-photomode-zoomcover:480:480.jpeg?dr=14555&x-expires=1752836400&x-signature=40y%2FRzv5hLDPX3CuOHpAA0xu130%3D&t=4d5b0474&ps=13740610&shp=81f88b70&shcp=43f4a2f9&idc=my&ftpl=1,,124200.0,anime-and-comics,troncinearb
https://www.tiktok.com/@rubishorts2023/video/7524571566529678623,https://p16-pu-sign-useast8.tiktokcdn-us.com/tos-useast8-p-0068-tx2/oAviaBAABliRBypscqEEI8ADR7LJp2lrgwGVV~tplv-photomode-zoomcover:480:480.jpeg?dr=14555&x-expires=1752836400&x-signature=a2jWsghzZ14c%2B5BGH9vFMP7yccs%3D&t=4d5b0474&ps=13740610&shp=81f88b70&shcp=43f4a2f9&idc=my&ftpl=1,,8207.0,anime-and-comics,rubishorts2023
https://www.tiktok.com/@memekingdomtv/video/7524159460756049160,https://p16-sign-sg.tiktokcdn.com/tos-alisg-p-0037/o4AilCxMAMBEGB0JiALXWarVBvIYUzEPAAs0q~tplv-photomode-zoomcover:480:480.jpeg?dr=14555&x-expires=1752836400&x-signature=6R%2B2Bsm7571oAePRSUXJKRp3S5A%3D&t=4d5b0474&ps=13740610&shp=81f88b70&shcp=43f4a2f9&idc=my&ftpl=1,,1900000.0,anime-and-comics,memekingdomtv
https://www.tiktok.com/@rudolfiogk/video/7525387205569744158,https://p16-pu-sign-useast8.tiktokcdn-us.com/tos-useast8-p-0068-tx2/oIB5sqEAKlAibi8iBXKX7Nf9AVByiBAIhAt02v~tplv-photomode-zoomcover:480:480.jpeg?dr=14555&x-expires=1752836400&x-signature=vvjEG3aUbD7V9hMFTV%2BdnAEXhok%3D&t=4d5b0474&ps=13740610&shp=81f88b70&shcp=43f4a2f9&idc=my&ftpl=1,,31600.0,anime-and-comics,rudolfiogk
https://www.tiktok.com/@qn._kanie/video/7523179482342198536,https://p16-sign-sg.tiktokcdn.com/tos-alisg-p-0037/oI4ghtZaAJNE7hUoRk2BBEOV8EQeQCFPUz4ZfD~tplv-photomode-zoomcover:480:480.jpeg?dr=14555&x-expires=1752836400&x-signature=Y6c5Ui9ckMOQL7%2B7lHGs14D4GkM%3D&t=4d5b0474&ps=13740610&shp=81f88b70&shcp=43f4a2f9&idc=my&ftpl=1,,253000.0,anime-and-comics,qn._kanie
https://www.tiktok.com/@kidzuna._/video/7524736201455193365,https://p16-sign-sg.tiktokcdn.com/tos-alisg-p-0037/oADbcI5QDi0uTCddgEf3AOAAnFcMAoBCmnSVea~tplv-photomode-zoomcover:480:480.jpeg?dr=14555&x-expires=1752836400&x-signature=ZQ3ZjcDKDSjg4M1P7JXd471Tj%2FQ%3D&t=4d5b0474&ps=13740610&shp=81f88b70&shcp=43f4a2f9&idc=my&ftpl=1,,790400.0,anime-and-comics,kidzuna._
https://www.tiktok.com/@xjxhgahdm/video/7519782744184999198,https://p16-pu-sign-useast8.tiktokcdn-us.com/tos-useast8-p-0068-tx2/o8EbIBIXjoetAxDQ0FN6fshYTTlIfEPAq80pCI~tplv-photomode-zoomcover:480:480.jpeg?dr=14555&x-expires=1752836400&x-signature=%2FXhX39A2fcd%2Bv%2BXVbSD57A8FiCI%3D&t=4d5b0474&ps=13740610&shp=81f88b70&shcp=43f4a2f9&idc=my&ftpl=1,,3400000.0,anime-and-comics,xjxhgahdm
https://www.tiktok.com/@rubishorts2023/video/7523564710055267615,https://p16-pu-sign-useast8.tiktokcdn-us.com/tos-useast8-p-0068-tx2/okpfAaDBuIoaF1uJkVfBREFBnhBuERERAEEp0E~tplv-photomode-zoomcover:480:480.jpeg?dr=14555&x-expires=1752836400&x-signature=9zLzws94ltHIIUcTDT4jNLzfDU8%3D&t=4d5b0474&ps=13740610&shp=81f88b70&shcp=43f4a2f9&idc=my&ftpl=1,,25900.0,anime-and-comics,rubishorts2023
https://www.tiktok.com/@phamthang.2004/video/7524322221112806678,https://p16-pu-sign-no.tiktokcdn-eu.com/tos-no1a-p-0037-no/okmrcMgafAImcLpTBDRoAzBIwEFkFENVI8YITe~tplv-photomode-zoomcover:480:480.jpeg?dr=14555&x-expires=1752836400&x-signature=IVM2rGjRWaqkotczl1mWQbi0xjM%3D&t=4d5b0474&ps=13740610&shp=81f88b70&shcp=43f4a2f9&idc=my&ftpl=1,,78000.0,anime-and-comics,phamthang.2004
https://www.tiktok.com/@maderezs/video/7524788882534108434,https://p16-sign-sg.tiktokcdn.com/tos-alisg-p-0037/oMWoCazAE5vFHD1A4geIbsDAVt4LDBAgCfLQjU~tplv-photomode-zoomcover:480:480.jpeg?dr=14555&x-expires=1752836400&x-signature=VztutKQ8Kiejf%2FLrHVsoDptvnv4%3D&t=4d5b0474&ps=13740610&shp=81f88b70&shcp=43f4a2f9&idc=my&ftpl=1,,542000.0,anime-and-comics,maderezs
https://www.tiktok.com/@thegioianime_rr88/video/7525059946459696391,https://p16-sign-sg.tiktokcdn.com/tos-alisg-p-0037/oEquKz590EKABAA7YBNi0BEiIKBAccAjLwfAhE~tplv-photomode-zoomcover:480:480.jpeg?dr=14555&x-expires=1752836400&x-signature=Jwj2Hm31bPEMeHPEVjro7RP2URA%3D&t=4d5b0474&ps=13740610&shp=81f88b70&shcp=43f4a2f9&idc=my&ftpl=1,,22900.0,anime-and-comics,thegioianime_rr88
https://www.tiktok.com/@wibubymike.y2o/video/7525998970972196104,https://p16-sign-sg.tiktokcdn.com/tos-alisg-p-0037/o4g4WEbNoBFhuexrADBddxGcFAgEUIfRDEcyxo~tplv-photomode-zoomcover:480:480.jpeg?dr=14555&x-expires=1752836400&x-signature=mUsJbnvswMKOBQ92QVZv%2BCEZCfw%3D&t=4d5b0474&ps=13740610&shp=81f88b70&shcp=43f4a2f9&idc=my&ftpl=1,,38900.0,anime-and-comics,wibubymike.y2o
https://www.tiktok.com/@tangca/video/7526025735430081814,https://p16-pu-sign-no.tiktokcdn-eu.com/tos-no1a-p-0037-no/osNUjAlXdkBeuEQoDcFfFBg3ToMICcI7R2D6EH~tplv-photomode-zoomcover:480:480.jpeg?dr=14555&x-expires=1752836400&x-signature=STJOmsiMgRWc2cF9DR%2BuUu9XQ2c%3D&t=4d5b0474&ps=13740610&shp=81f88b70&shcp=43f4a2f9&idc=my&ftpl=1,,7177.0,anime-and-comics,tangca
https://www.tiktok.com/@bugcat_capoo_official/video/7525796290240711942,https://p16-sign-va.tiktokcdn.com/tos-maliva-p-0068/o8cDjO9IYGGQEgOgZELhAfXGAwkjQFf8efwR88~tplv-photomode-zoomcover:480:480.jpeg?dr=14555&x-expires=1752836400&x-signature=OoeFeO48ECWL%2FCb%2B954wMeEN6Zc%3D&t=4d5b0474&ps=13740610&shp=81f88b70&shcp=43f4a2f9&idc=my&ftpl=1,,1200000.0,anime-and-comics,bugcat_capoo_official
https://www.tiktok.com/@kewbi_/video/7523949083183156487,https://p16-sign-sg.tiktokcdn.com/tos-alisg-p-0037/oYwxAeIQQDAQZV1eG3LoUjL7w763LIAfGCNjCP~tplv-photomode-zoomcover:480:480.jpeg?dr=14555&x-expires=1752836400&x-signature=qhYs%2BNaMiDhF7YkhDIj3ZjqVspQ%3D&t=4d5b0474&ps=13740610&shp=81f88b70&shcp=43f4a2f9&idc=my&ftpl=1,,285200.0,anime-and-comics,kewbi_
https://www.tiktok.com/@tolamnguyen123/video/7526525663818304786,https://p16-sign-sg.tiktokcdn.com/tos-alisg-p-0037/owtIeluzEoWI4O5CozmGeDfj4zALAsyAc3UQIH~tplv-photomode-zoomcover:480:480.jpeg?dr=14555&x-expires=1752836400&x-signature=oNSQiUE08BDmiHaRngaf3%2FmCL%2Fg%3D&t=4d5b0474&ps=13740610&shp=81f88b70&shcp=43f4a2f9&idc=my&ftpl=1,,35500.0,anime-and-comics,tolamnguyen123
https://www.tiktok.com/@kidzuna._/video/7525059380149095700,https://p16-sign-sg.tiktokcdn.com/tos-alisg-p-0037/o0D34IfQDowMMEw6AEfzAeAAgFcZAQDEspkrqc~tplv-photomode-zoomcover:480:480.jpeg?dr=14555&x-expires=1752836400&x-signature=XMz2ClHgEA2tsZVp6OSrW3qjI%2B0%3D&t=4d5b0474&ps=13740610&shp=81f88b70&shcp=43f4a2f9&idc=my&ftpl=1,,386500.0,anime-and-comics,kidzuna._
https://www.tiktok.com/@ricoanimations0/video/7525829306556108040,https://p9-sign-sg.tiktokcdn.com/tos-alisg-p-0037/oUeEBc9UFQARuMZAnvOzifBL8gEumBDjoIhRBF~tplv-photomode-zoomcover:480:480.jpeg?dr=14555&x-expires=1752836400&x-signature=DXEzNYkvVHl78l4hBkciCRmic2I%3D&t=4d5b0474&ps=13740610&shp=81f88b70&shcp=43f4a2f9&idc=my&ftpl=1,,1400000.0,anime-and-comics,ricoanimations0
https://www.tiktok.com/@maderezs/video/7525198833618357512,https://p16-sign-sg.tiktokcdn.com/tos-alisg-p-0037/oAAiAlIO9AAdg4YAAEGdanBGPPgH7pVBEuali~tplv-photomode-zoomcover:480:480.jpeg?dr=14555&x-expires=1752836400&x-signature=sg%2B4sBsA8I8fd2QN%2BnsougZj6NM%3D&t=4d5b0474&ps=13740610&shp=81f88b70&shcp=43f4a2f9&idc=my&ftpl=1,,1000000.0,anime-and-comics,maderezs
https://www.tiktok.com/@kyanbian.88/video/7526586593273072909,https://p19-sign.tiktokcdn-us.com/tos-useast5-p-0068-tx/oUinbCRQQ7HfZ95nC1FEA1DeI5AjHBvQIPfak5~tplv-photomode-zoomcover:480:480.jpeg?dr=14555&x-expires=1752836400&x-signature=EPAi5Rp3nnmrxlips2G54gQ7Pqg%3D&t=4d5b0474&ps=13740610&shp=81f88b70&shcp=43f4a2f9&idc=my&ftpl=1,,9994.0,anime-and-comics,kyanbian.88
https://www.tiktok.com/@p_shiri/video/7524922859563584786,https://p16-sign-sg.tiktokcdn.com/tos-alisg-p-0037/ocAlDIXQoEqDdjWITttfCF52dDy7beIfXdzrcA~tplv-photomode-zoomcover:720:720.jpeg?dr=14555&x-expires=1752836400&x-signature=2j4BSAuccW%2BqMCheDjpzhYk5iGQ%3D&t=4d5b0474&ps=13740610&shp=81f88b70&shcp=43f4a2f9&idc=my&ftpl=1,,295800.0,relationship,p_shiri
https://www.tiktok.com/@louispham_203/video/7526537160523091207,https://p16-sign-sg.tiktokcdn.com/tos-alisg-p-0037/oE7pRdiIIAw0e4OPOoiqzuFGlbA3bCAnBAdIB1~tplv-photomode-zoomcover:720:720.jpeg?dr=14555&x-expires=1752836400&x-signature=UiTXyKlYdHKDH5%2FbgjtKkAJST8o%3D&t=4d5b0474&ps=13740610&shp=81f88b70&shcp=43f4a2f9&idc=my&ftpl=1,,296900.0,relationship,louispham_203
https://www.tiktok.com/@thomanh1993/video/7525796320473353528,https://p16-sign-va.tiktokcdn.com/tos-maliva-p-0068/oQAFZ9jDVihgeEAuvHGf0gtfkwfGI3LAxToRkj~tplv-photomode-zoomcover:720:720.jpeg?dr=14555&x-expires=1752836400&x-signature=1o81556%2BPaLIEbUtAb7gzvabZl4%3D&t=4d5b0474&ps=13740610&shp=81f88b70&shcp=43f4a2f9&idc=my&ftpl=1,,82600.0,relationship,thomanh1993
https://www.tiktok.com/@lyvdat/video/7523936131998829832,https://p16-sign-sg.tiktokcdn.com/tos-alisg-p-0037/oQdi1CAKIrIqZHYfav3jqIT90BDZmBSANEiwAA~tplv-photomode-zoomcover:720:720.jpeg?dr=14555&x-expires=1752836400&x-signature=%2FTHC8FHniQeBSIxoBTccX0E9DJw%3D&t=4d5b0474&ps=13740610&shp=81f88b70&shcp=43f4a2f9&idc=my&ftpl=1,,50700.0,relationship,lyvdat
https://www.tiktok.com/@demitrovaaa/video/7524033509288152327,https://p16-sign-sg.tiktokcdn.com/tos-alisg-p-0037/ogou1ckjWgGJIeDDIQXAqdGDLbehACUAmgDqve~tplv-photomode-zoomcover:720:720.jpeg?dr=14555&x-expires=1752836400&x-signature=47hWQ0pgC6gMIruynQiviWrHQOw%3D&t=4d5b0474&ps=13740610&shp=81f88b70&shcp=43f4a2f9&idc=my&ftpl=1,,1300000.0,relationship,demitrovaaa
https://www.tiktok.com/@xuanphi68/video/7526193945928355090,https://p16-sign-sg.tiktokcdn.com/tos-alisg-p-0037/oomKUFDlREByOIZm5yEIulBAaB4gYfURcof94R~tplv-photomode-zoomcover:720:720.jpeg?dr=14555&x-expires=1752836400&x-signature=5%2FuOYckYm4%2BlrOhGj3qKR4JBqc0%3D&t=4d5b0474&ps=13740610&shp=81f88b70&shcp=43f4a2f9&idc=my&ftpl=1,,28700.0,relationship,xuanphi68
https://www.tiktok.com/@artychipchip/video/7518388477076180242,https://p16-sign-sg.tiktokcdn.com/tos-alisg-p-0037/o8A9XVeLDQCPQtqzArFAo3jf1EfmQADIE2ANIr~tplv-photomode-zoomcover:720:720.jpeg?dr=14555&x-expires=1752836400&x-signature=P2GAfu4d8HlNXXJ2Rc5HQ9ixOPY%3D&t=4d5b0474&ps=13740610&shp=81f88b70&shcp=43f4a2f9&idc=my&ftpl=1,,163800.0,relationship,artychipchip
https://www.tiktok.com/@vochonghienlinh/video/7525848998473764104,https://p16-sign-sg.tiktokcdn.com/tos-alisg-p-0037/o8LHxYQyaI6lEMl8AASAABTLEzuviPBEBA4iI~tplv-photomode-zoomcover:720:720.jpeg?dr=14555&x-expires=1752836400&x-signature=kgQXY5wqmMhYE5IEn61%2FkwdgQsA%3D&t=4d5b0474&ps=13740610&shp=81f88b70&shcp=43f4a2f9&idc=my&ftpl=1,,64099.99999999999,relationship,vochonghienlinh
https://www.tiktok.com/@htthim.204/video/7526442646789786887,https://p9-sign-sg.tiktokcdn.com/tos-alisg-p-0037/osAUw6wfRoEfDUBFCMDmTuF0A38cgAlIIVlAQE~tplv-photomode-zoomcover:720:720.jpeg?dr=14555&x-expires=1752836400&x-signature=EtOw8A4nDYqAbsnxIbwoeiee9FQ%3D&t=4d5b0474&ps=13740610&shp=81f88b70&shcp=43f4a2f9&idc=my&ftpl=1,,270800.0,relationship,htthim.204
https://www.tiktok.com/@perry_biene97/video/7524405130100329750,https://p16-pu-sign-no.tiktokcdn-eu.com/tos-no1a-p-0037-no/o8N6Ho8jfABeFTDZEU0Y6tQgaFRGAbPuEkEQFK~tplv-photomode-zoomcover:720:720.jpeg?dr=14555&x-expires=1752836400&x-signature=xrGkwPmt6F0lAScZKX%2BboydTIQw%3D&t=4d5b0474&ps=13740610&shp=81f88b70&shcp=43f4a2f9&idc=my&ftpl=1,,41800.0,relationship,perry_biene97
https://www.tiktok.com/@kyduyn997/video/7524192283369966855,https://p16-sign-sg.tiktokcdn.com/tos-alisg-p-0037/oY6rIaRx0IqRCOAwTANiGNZiIFBGZzA5owf6QC~tplv-photomode-zoomcover:720:720.jpeg?dr=14555&x-expires=1752836400&x-signature=3ib%2B4WHQjQp%2BZMVCT%2FlGUDbNho8%3D&t=4d5b0474&ps=13740610&shp=81f88b70&shcp=43f4a2f9&idc=my&ftpl=1,,379300.0,relationship,kyduyn997
https://www.tiktok.com/@viethung.mtp/video/7524573344503647506,https://p16-sign-sg.tiktokcdn.com/tos-alisg-p-0037/o4pEbiwBgEwBJcJifYoRBBA2IVs15bI2Kfw13U~tplv-photomode-zoomcover:720:720.jpeg?dr=14555&x-expires=1752836400&x-signature=P85xvPDxMHscBS5749g1IofHG5A%3D&t=4d5b0474&ps=13740610&shp=81f88b70&shcp=43f4a2f9&idc=my&ftpl=1,,45000.0,relationship,viethung.mtp
https://www.tiktok.com/@_kimmanhquyen_/video/7526849680198700295,https://p16-sign-sg.tiktokcdn.com/tos-alisg-p-0037/oMA6fbM8jQQoHoDrECMSQvWXAeJ6AAsQo0eAgI~tplv-photomode-zoomcover:720:720.jpeg?dr=14555&x-expires=1752836400&x-signature=2wT%2FjzSkGOXV9y2jI9S%2BK8N74p4%3D&t=4d5b0474&ps=13740610&shp=81f88b70&shcp=43f4a2f9&idc=my&ftpl=1,,296300.0,relationship,_kimmanhquyen_
https://www.tiktok.com/@dieunhiofficial/video/7526921578601270559,https://p16-pu-sign-useast8.tiktokcdn-us.com/tos-useast8-p-0068-tx2/oEAy3qkfRoEHDVESCuDpH9FPA2WdAA2IZqfAQE~tplv-photomode-zoomcover:720:720.jpeg?dr=14555&x-expires=1752836400&x-signature=D0SI%2BtGcf8Sym5BGlEnBv5v0d%2FI%3D&t=4d5b0474&ps=13740610&shp=81f88b70&shcp=43f4a2f9&idc=my&ftpl=1,,199700.0,relationship,dieunhiofficial
https://www.tiktok.com/@doan.phan.hoang.hieu/video/7523723917559663879,https://p16-sign-sg.tiktokcdn.com/tos-alisg-p-0037/owiVEfHzDBpoFIcE8pEoaDIxaBUIMfTgrVR2IA~tplv-photomode-zoomcover:720:720.jpeg?dr=14555&x-expires=1752836400&x-signature=%2F4sQofucF9fG7LGhU9TrQF1Zx0A%3D&t=4d5b0474&ps=13740610&shp=81f88b70&shcp=43f4a2f9&idc=my&ftpl=1,,126000.0,relationship,doan.phan.hoang.hieu
https://www.tiktok.com/@nhandaily99/video/7525992804368289032,https://p9-sign-sg.tiktokcdn.com/tos-alisg-p-0037/okIjQABARZUcAaDo3FDxfxfKmK8EbEAgUmbTCd~tplv-photomode-zoomcover:720:720.jpeg?dr=14555&x-expires=1752836400&x-signature=gw7Z%2BxpgWeS0cyzYXgZ885gq1no%3D&t=4d5b0474&ps=13740610&shp=81f88b70&shcp=43f4a2f9&idc=my&ftpl=1,,48600.0,relationship,nhandaily99
https://www.tiktok.com/@aocuoihoangtrinhst/video/7526036672828443911,https://p16-sign-sg.tiktokcdn.com/tos-alisg-p-0037/oMXgrqtnAapEdtUoRWABBzpNQEQfQKFj2zicfD~tplv-photomode-zoomcover:720:720.jpeg?dr=14555&x-expires=1752836400&x-signature=7TFCU7Jlf9EDdhSpY3%2Fgosb8GvI%3D&t=4d5b0474&ps=13740610&shp=81f88b70&shcp=43f4a2f9&idc=my&ftpl=1,,58100.0,relationship,aocuoihoangtrinhst
https://www.tiktok.com/@mvnelm/video/7521813250623819030,https://p16-pu-sign-no.tiktokcdn-eu.com/tos-no1a-p-0037-no/oA84sb7IxDLXZ6aIDQf5fEADsABAqQfNMIjFQD~tplv-photomode-zoomcover:720:720.jpeg?dr=14555&x-expires=1752836400&x-signature=a%2B%2BXc5dz00HBk0OjsNxwmwROo3I%3D&t=4d5b0474&ps=13740610&shp=81f88b70&shcp=43f4a2f9&idc=my&ftpl=1,,978400.0,relationship,mvnelm
https://www.tiktok.com/@thuongtourist/video/7524671312741125394,https://p9-sign-sg.tiktokcdn.com/tos-alisg-p-0037/osijvADG0C1EBJYwAJAPaZx9XLrIOIBAtqi0R~tplv-photomode-zoomcover:720:720.jpeg?dr=14555&x-expires=1752836400&x-signature=4HZ75AIGXRSidn%2FQ0ZbUZKfJMDY%3D&t=4d5b0474&ps=13740610&shp=81f88b70&shcp=43f4a2f9&idc=my&ftpl=1,,48100.0,relationship,thuongtourist
https://www.tiktok.com/@thoanguyen1393/video/7523957960666615058,https://p16-sign-sg.tiktokcdn.com/tos-alisg-p-0037/o0QUQNDSj7C1ACDQAFz0f0NngxxIfESAopOfC2~tplv-photomode-zoomcover:720:720.jpeg?dr=14555&x-expires=1752836400&x-signature=5gOZSGZqI5EoRQVuwnvA7Sz9wLA%3D&t=4d5b0474&ps=13740610&shp=81f88b70&shcp=43f4a2f9&idc=my&ftpl=1,,84000.0,relationship,thoanguyen1393
https://www.tiktok.com/@thangbematnick.8/video/7526095653701831954,https://p9-sign-sg.tiktokcdn.com/tos-alisg-p-0037/o0a2ECqhkIIEvzIJHYCiUAcIBvhqdgiyBCXAP~tplv-photomode-zoomcover:720:720.jpeg?dr=14555&x-expires=1752836400&x-signature=1DJEOtP%2F9ZVzLza%2BwwRAFoKuGRo%3D&t=4d5b0474&ps=13740610&shp=81f88b70&shcp=43f4a2f9&idc=my&ftpl=1,,106700.0,relationship,thangbematnick.8
https://www.tiktok.com/@hoangghuyyvu/video/7525801629803728136,https://p16-sign-sg.tiktokcdn.com/tos-alisg-p-0037/okZQXrnMBDCcdU0iVqFDgSQERA9eGHwfEDBoAQ~tplv-photomode-zoomcover:720:720.jpeg?dr=14555&x-expires=1752836400&x-signature=9Rats091akVVggRu7oSc2u%2F1hYc%3D&t=4d5b0474&ps=13740610&shp=81f88b70&shcp=43f4a2f9&idc=my&ftpl=1,,47700.0,relationship,hoangghuyyvu
https://www.tiktok.com/@sweetie_strawpie/video/7525496412646280455,https://p16-sign-sg.tiktokcdn.com/tos-alisg-p-0037/oMjC8FDSDhMfNw3iyQxlAyovCpIIIlrPDe7fEA~tplv-photomode-zoomcover:720:720.jpeg?dr=14555&x-expires=1752836400&x-signature=51zgpjeX7qfXCoj2pad8Uod4Qj0%3D&t=4d5b0474&ps=13740610&shp=81f88b70&shcp=43f4a2f9&idc=my&ftpl=1,,54800.0,relationship,sweetie_strawpie
https://www.tiktok.com/@vbiznews/video/7525352701639609618,https://p16-sign-sg.tiktokcdn.com/tos-alisg-p-0037/okAGpBHlaE7biyIlrAq5GaYiVA9ABA2PZvAFT~tplv-photomode-zoomcover:720:720.jpeg?dr=14555&x-expires=1752836400&x-signature=CeLSKcGr9SXs4nvfbhChUMEd3Fw%3D&t=4d5b0474&ps=13740610&shp=81f88b70&shcp=43f4a2f9&idc=my&ftpl=1,,348100.0,shows,vbiznews
https://www.tiktok.com/@showbiznhatbao/video/7526554367042784528,https://p16-sign-sg.tiktokcdn.com/tos-alisg-p-0037/oYABDW6z6OoIfBIdzhB6FIGbUcsRifigROTEMw~tplv-photomode-zoomcover:720:720.jpeg?dr=14555&x-expires=1752836400&x-signature=CR0X6ivx2j0OeBHVwDtqitwIvGA%3D&t=4d5b0474&ps=13740610&shp=81f88b70&shcp=43f4a2f9&idc=my&ftpl=1,,182500.0,shows,showbiznhatbao
https://www.tiktok.com/@nguyettduylinh/video/7525071346389372173,https://p16-sign.tiktokcdn-us.com/tos-useast5-p-0068-tx/o0JCOvzuGwTIBu5IAQ7iAfApbBNiEnNs0rYO7J~tplv-photomode-zoomcover:720:720.jpeg?dr=14555&x-expires=1752836400&x-signature=2BUc23V28QFXYmWxSYo%2FEyeIPC8%3D&t=4d5b0474&ps=13740610&shp=81f88b70&shcp=43f4a2f9&idc=my&ftpl=1,,159600.0,shows,nguyettduylinh
https://www.tiktok.com/@tuduylinh/video/7526354400307154207,https://p16-pu-sign-useast8.tiktokcdn-us.com/tos-useast8-p-0068-tx2/oIJCQ6BoEAPQvLR8dEO4fDGAl0qDcFrtvVIeoE~tplv-photomode-zoomcover:720:720.jpeg?dr=14555&x-expires=1752836400&x-signature=ow0yXRAvtGZZR251wGU3Ign%2FPbQ%3D&t=4d5b0474&ps=13740610&shp=81f88b70&shcp=43f4a2f9&idc=my&ftpl=1,,77800.0,shows,tuduylinh
https://www.tiktok.com/@meowentertainmentvn/video/7526168967916932372,https://p16-sign-sg.tiktokcdn.com/tos-alisg-p-0037/ogExdRCoGcyULF5KlfBDtgAEUnBfAXqAQIAREl~tplv-photomode-zoomcover:720:720.jpeg?dr=14555&x-expires=1752836400&x-signature=flslzp4lnlJ7X5QrFPPKWPl5cZ0%3D&t=4d5b0474&ps=13740610&shp=81f88b70&shcp=43f4a2f9&idc=my&ftpl=1,,117900.0,shows,meowentertainmentvn
https://www.tiktok.com/@kenh14disoisaodi/video/7524732846154583313,https://p16-sign-sg.tiktokcdn.com/tos-alisg-p-0037/oobAcBETWqDMROgug1FTFeaBfyUHDoQEccQuh1~tplv-photomode-zoomcover:720:720.jpeg?dr=14555&x-expires=1752836400&x-signature=hrLJudxzvMgc1peP5s%2Fin3kxAYc%3D&t=4d5b0474&ps=13740610&shp=81f88b70&shcp=43f4a2f9&idc=my&ftpl=1,,43600.0,shows,kenh14disoisaodi
https://www.tiktok.com/@cameravietnam1988/video/7525511899937623313,https://p9-sign-sg.tiktokcdn.com/tos-alisg-p-0037/oEAAefEeYANoAftUBmtAAkaDjn4fGAYhgqA7Ef~tplv-photomode-zoomcover:720:720.jpeg?dr=14555&x-expires=1752836400&x-signature=X6pUchK1bomBhr5cuzxG7iMxrCs%3D&t=4d5b0474&ps=13740610&shp=81f88b70&shcp=43f4a2f9&idc=my&ftpl=1,,90700.0,shows,cameravietnam1988
https://www.tiktok.com/@windmusic221/video/7526520966592220423,https://p9-sign-sg.tiktokcdn.com/tos-alisg-p-0037/oEySoRVFBkdiaiuEOzYAZWE4zI9BVKbAHQBvv~tplv-photomode-zoomcover:720:720.jpeg?dr=14555&x-expires=1752836400&x-signature=6MiObB2jFzmi3PZyaiyVMFSM0ZM%3D&t=4d5b0474&ps=13740610&shp=81f88b70&shcp=43f4a2f9&idc=my&ftpl=1,,107800.0,shows,windmusic221
https://www.tiktok.com/@tuduylinh/video/7526350105981521182,https://p16-pu-sign-useast8.tiktokcdn-us.com/tos-useast8-p-0068-tx2/ooDmy6faB0fvoF8EF9zBAcV0EcIE9I6ARHJjB8~tplv-photomode-zoomcover:720:720.jpeg?dr=14555&x-expires=1752836400&x-signature=AUhxZ6yjlFjPdidXkoIKkQCfXXY%3D&t=4d5b0474&ps=13740610&shp=81f88b70&shcp=43f4a2f9&idc=my&ftpl=1,,85800.0,shows,tuduylinh
https://www.tiktok.com/@vbiznews/video/7525822330644303105,https://p16-sign-sg.tiktokcdn.com/tos-alisg-p-0037/o4AxBA92gkvlQHxiEp0J2XYFBAIaAiJXEAIAE~tplv-photomode-zoomcover:720:720.jpeg?dr=14555&x-expires=1752836400&x-signature=9W48bnww2z3byCfNr%2BzqLjWPipw%3D&t=4d5b0474&ps=13740610&shp=81f88b70&shcp=43f4a2f9&idc=my&ftpl=1,,48300.0,shows,vbiznews
https://www.tiktok.com/@kenhnhacgenz/video/7525127552994774293,https://p9-sign-sg.tiktokcdn.com/tos-alisg-p-0037/oo9RrjLuHIGYf0BA02IAefIDhdQfGnJGQz1nPF~tplv-photomode-zoomcover:720:720.jpeg?dr=14555&x-expires=1752836400&x-signature=P%2F8GEfkRN%2B4pqxW4mPx9o9KbzVY%3D&t=4d5b0474&ps=13740610&shp=81f88b70&shcp=43f4a2f9&idc=my&ftpl=1,,238900.0,shows,kenhnhacgenz
https://www.tiktok.com/@meowentertainmentvn/video/7526622464776965396,https://p16-sign-sg.tiktokcdn.com/tos-alisg-p-0037/o0fQb3jBIvD5CzLE67F9OEA0DeAwIAE9eQAoXA~tplv-photomode-zoomcover:720:720.jpeg?dr=14555&x-expires=1752836400&x-signature=n15NA4RcpVlKgG7piTVjKRV547s%3D&t=4d5b0474&ps=13740610&shp=81f88b70&shcp=43f4a2f9&idc=my&ftpl=1,,71900.0,shows,meowentertainmentvn
https://www.tiktok.com/@4jennie80/video/7524677374626286855,https://p16-sign-sg.tiktokcdn.com/tos-alisg-p-0037/oIoDIaUEADEf7gAACDJCfFGyYBUi3QYnRQbs5A~tplv-photomode-zoomcover:720:720.jpeg?dr=14555&x-expires=1752836400&x-signature=ArRgi%2B6lttd597K9s4bweaXjobU%3D&t=4d5b0474&ps=13740610&shp=81f88b70&shcp=43f4a2f9&idc=my&ftpl=1,,857400.0,shows,4jennie80
https://www.tiktok.com/@sangmatchuaa/video/7526801755192053000,https://p16-sign-sg.tiktokcdn.com/tos-alisg-p-0037/o8NqEfUaDB1oFhTEb0EkJjIldBUI7Yeg3rR9GA~tplv-photomode-zoomcover:720:720.jpeg?dr=14555&x-expires=1752836400&x-signature=7GC0rEjzAgOWNavL2j%2F3ERmm9Wc%3D&t=4d5b0474&ps=13740610&shp=81f88b70&shcp=43f4a2f9&idc=my&ftpl=1,,120200.0,shows,sangmatchuaa
https://www.tiktok.com/@vutrunews1/video/7524951258961038600,https://p16-sign-sg.tiktokcdn.com/tos-alisg-p-0037/o8QDQ2A9vjyfEEQLtI5DYUAAEDonbvAIJAfFrf~tplv-photomode-zoomcover:720:720.jpeg?dr=14555&x-expires=1752836400&x-signature=aeZydc0p7Bf4z44KpeGrSX%2F6P%2B4%3D&t=4d5b0474&ps=13740610&shp=81f88b70&shcp=43f4a2f9&idc=my&ftpl=1,,48400.0,shows,vutrunews1
https://www.tiktok.com/@edwardnhieuchuyen/video/7522449625983225095,https://p16-sign-sg.tiktokcdn.com/tos-alisg-p-0037/ogrNGfqXBAN0itMC7liHolIBMAqITlNwxyIQ2A~tplv-photomode-zoomcover:720:720.jpeg?dr=14555&x-expires=1752836400&x-signature=7hHtvT5K2MP0gshG%2F9rGgd%2FQ3Ng%3D&t=4d5b0474&ps=13740610&shp=81f88b70&shcp=43f4a2f9&idc=my&ftpl=1,,100800.0,shows,edwardnhieuchuyen
https://www.tiktok.com/@queendrama2025/video/7525305716396084498,https://p16-sign-sg.tiktokcdn.com/tos-alisg-p-0037/oYzvBiFTCGSX9ApBIbaiE8YgIC8mzEyVQAvBA~tplv-photomode-zoomcover:720:720.jpeg?dr=14555&x-expires=1752836400&x-signature=mwnS%2BJ33e%2BD6sqIdSN%2BegIhJ6Jo%3D&t=4d5b0474&ps=13740610&shp=81f88b70&shcp=43f4a2f9&idc=my&ftpl=1,,75300.0,shows,queendrama2025
https://www.tiktok.com/@quangtuanofficial0302/video/7524927038541647105,https://p16-sign-sg.tiktokcdn.com/tos-alisg-p-0037/oUbioAOIjQQAqoRftDIAW6DQAeyFEDSeEAOl02~tplv-photomode-zoomcover:720:720.jpeg?dr=14555&x-expires=1752836400&x-signature=B7CtXGT8wicEnhSJexnDx4Pm0hg%3D&t=4d5b0474&ps=13740610&shp=81f88b70&shcp=43f4a2f9&idc=my&ftpl=1,,607800.0,shows,quangtuanofficial0302
https://www.tiktok.com/@hothitshowbiz/video/7526588241898736903,https://p9-sign-sg.tiktokcdn.com/tos-alisg-p-0037/o8Y1iEa0BRAgPgz0HCVNEDiIBudPu0iIYPZjA~tplv-photomode-zoomcover:720:720.jpeg?dr=14555&x-expires=1752836400&x-signature=ATrapzFqUVtgaI6Qex20Y7BtQag%3D&t=4d5b0474&ps=13740610&shp=81f88b70&shcp=43f4a2f9&idc=my&ftpl=1,,234600.0,shows,hothitshowbiz
https://www.tiktok.com/@lynn0293/video/7525784339053907208,https://p16-sign-sg.tiktokcdn.com/tos-alisg-p-0037/o0awPAYoQIYHOBVoFFiF0iRCIE9RBymADN8DN~tplv-photomode-zoomcover:720:720.jpeg?dr=14555&x-expires=1752836400&x-signature=ozaa%2Fxeuas%2FNwNaMLxLceAOx%2F2c%3D&t=4d5b0474&ps=13740610&shp=81f88b70&shcp=43f4a2f9&idc=my&ftpl=1,,140100.0,shows,lynn0293
https://www.tiktok.com/@cauvongshowbiz/video/7524984222646324498,https://p16-sign-sg.tiktokcdn.com/tos-alisg-p-0037/oMqoN74IlIRXCHXAi0wwF6B9iifGAAUHBIkuuU~tplv-photomode-zoomcover:720:720.jpeg?dr=14555&x-expires=1752836400&x-signature=uiT7MVEw7aejHOvlhVGZ3Hkyjnc%3D&t=4d5b0474&ps=13740610&shp=81f88b70&shcp=43f4a2f9&idc=my&ftpl=1,,18500.0,shows,cauvongshowbiz
https://www.tiktok.com/@conkhom.khomcon/video/7524575640033496327,https://p16-sign-sg.tiktokcdn.com/tos-alisg-p-0037/o4TAjT0IssbBYA5qwSqblfiviCAIVBNyXJ7odE~tplv-photomode-zoomcover:720:720.jpeg?dr=14555&x-expires=1752836400&x-signature=MwTLgApESr%2FjzZIeE3ffddqLQ7w%3D&t=4d5b0474&ps=13740610&shp=81f88b70&shcp=43f4a2f9&idc=my&ftpl=1,,57900.0,shows,conkhom.khomcon
https://www.tiktok.com/@showbiznhatbao/video/7526603186086481153,https://p9-sign-sg.tiktokcdn.com/tos-alisg-p-0037/oYrjGIAfQRQKweI8QCnwMoLY75AcuDe7TVActZ~tplv-photomode-zoomcover:720:720.jpeg?dr=14555&x-expires=1752836400&x-signature=WLXVqBoxo9JwEx7Gv5MGcTw4DSc%3D&t=4d5b0474&ps=13740610&shp=81f88b70&shcp=43f4a2f9&idc=my&ftpl=1,,37400.0,shows,showbiznhatbao
https://www.tiktok.com/@huynhlapofficial/video/7526150844094369042,https://p16-sign-sg.tiktokcdn.com/tos-alisg-p-0037/ogwAamgUI5oVk2lvyHiYD1I9QEJCiBaAQZ1ZB~tplv-photomode-zoomcover:720:720.jpeg?dr=14555&x-expires=1752836400&x-signature=%2Bm7I%2FjCRnBIc1NEig%2FdGhhLD0%2Bg%3D&t=4d5b0474&ps=13740610&shp=81f88b70&shcp=43f4a2f9&idc=my&ftpl=1,,339200.0,shows,huynhlapofficial
https://www.tiktok.com/@nlinh_o0/video/7525014544935030024,https://p9-sign-sg.tiktokcdn.com/tos-alisg-p-0037/owuEIYBGj7SAE4FiEOKa8VAvBOSlB4i7vaEAl~tplv-photomode-zoomcover:720:720.jpeg?dr=14555&x-expires=1752836400&x-signature=0SOU9S0J98Rm6d8EKol6AIUZvQQ%3D&t=4d5b0474&ps=13740610&shp=81f88b70&shcp=43f4a2f9&idc=my&ftpl=1,,585200.0,lipsync,nlinh_o0
https://www.tiktok.com/@mucnuong.09/video/7525619785632107794,https://p9-sign-sg.tiktokcdn.com/tos-alisg-p-0037/oI1E2fFwcg1RBNsICD4iAoBUXBciISZ0ohe5Xh~tplv-photomode-zoomcover:720:720.jpeg?dr=14555&x-expires=1752836400&x-signature=JN%2BEym%2BOSme6PJf4nU8BXHI7fgE%3D&t=4d5b0474&ps=13740610&shp=81f88b70&shcp=43f4a2f9&idc=my&ftpl=1,,285200.0,lipsync,mucnuong.09
https://www.tiktok.com/@luc.evisu/video/7524924823844211976,https://p16-sign-sg.tiktokcdn.com/tos-alisg-p-0037/ogIim5IyEi07AIViA5F33Yjr58B3MtnatGBv7~tplv-photomode-zoomcover:720:720.jpeg?dr=14555&x-expires=1752836400&x-signature=mIi6rh3tUarU4mONVroWxrvrI9E%3D&t=4d5b0474&ps=13740610&shp=81f88b70&shcp=43f4a2f9&idc=my&ftpl=1,,154600.0,lipsync,luc.evisu
https://www.tiktok.com/@louispham_203/video/7520982249580399880,https://p16-sign-sg.tiktokcdn.com/tos-alisg-p-0037/oMQ4o2fnZCfQ8ALjHDZQEYiDpvIdAkei7q5GIQ~tplv-photomode-zoomcover:720:720.jpeg?dr=14555&x-expires=1752836400&x-signature=QzCk9FOTUdWdbzcXM60qqlz5KDc%3D&t=4d5b0474&ps=13740610&shp=81f88b70&shcp=43f4a2f9&idc=my&ftpl=1,,900300.0,lipsync,louispham_203
https://www.tiktok.com/@thuytien07141983/video/7524000562401135880,https://p9-sign-sg.tiktokcdn.com/tos-alisg-p-0037/okmZBlfDUQ58RzoEIPeA7aDpVBVARE5NFHa0Qg~tplv-photomode-zoomcover:720:720.jpeg?dr=14555&x-expires=1752836400&x-signature=AyIS%2Buj9T8%2BQ1G%2BcrTVlMctAL6Q%3D&t=4d5b0474&ps=13740610&shp=81f88b70&shcp=43f4a2f9&idc=my&ftpl=1,,101500.0,lipsync,thuytien07141983
https://www.tiktok.com/@khoadibao/video/7526046795118513416,https://p16-sign-sg.tiktokcdn.com/tos-alisg-p-0037/owfQEajxIvD4fxFEn4FOxIb7DIK5IAC9epEomA~tplv-photomode-zoomcover:720:720.jpeg?dr=14555&x-expires=1752836400&x-signature=da72l0HTuN9N1EktLuPZbDHdNYs%3D&t=4d5b0474&ps=13740610&shp=81f88b70&shcp=43f4a2f9&idc=my&ftpl=1,,55500.0,lipsync,khoadibao
https://www.tiktok.com/@ig.khalac248/video/7518717576558513426,https://p16-sign-sg.tiktokcdn.com/tos-alisg-p-0037/oMtR0Vi9hGr2BXcdE4zl27gEBfAoiBBwVB5oeI~tplv-photomode-zoomcover:720:720.jpeg?dr=14555&x-expires=1752836400&x-signature=OT9CMalVYYz9S0bMtk4Bjcv31u8%3D&t=4d5b0474&ps=13740610&shp=81f88b70&shcp=43f4a2f9&idc=my&ftpl=1,,1100000.0,lipsync,ig.khalac248
https://www.tiktok.com/@igchubby.thdh_1/video/7523597462804696328,https://p16-sign-sg.tiktokcdn.com/tos-alisg-p-0037/oofqp6AABCBEXfg15nDKUoIAaIMATMRrTFjEFh~tplv-photomode-zoomcover:720:720.jpeg?dr=14555&x-expires=1752836400&x-signature=kWw3lMpweL2H1hM9sGoToUOr2Ks%3D&t=4d5b0474&ps=13740610&shp=81f88b70&shcp=43f4a2f9&idc=my&ftpl=1,,330600.0,lipsync,igchubby.thdh_1
https://www.tiktok.com/@hoanglananh31/video/7526411445794393352,https://p9-sign-sg.tiktokcdn.com/tos-alisg-p-0037/oEmm2AfIjQfAroZeMDIAkTGQA9OLID3lEAK6X5~tplv-photomode-zoomcover:720:720.jpeg?dr=14555&x-expires=1752836400&x-signature=FLzk4Wy7rhBw%2FaodHii1iOFvyOY%3D&t=4d5b0474&ps=13740610&shp=81f88b70&shcp=43f4a2f9&idc=my&ftpl=1,,211200.0,lipsync,hoanglananh31
https://www.tiktok.com/@huongcoc92/video/7524687797253360914,https://p16-sign-sg.tiktokcdn.com/tos-alisg-p-0037/ostUjFCjoDQZ2IIeDAfsAp7tIfTLzPDEbIQZhB~tplv-photomode-zoomcover:720:720.jpeg?dr=14555&x-expires=1752836400&x-signature=AYcLeia2F%2F%2FP6hxqeamMiRMZ2aQ%3D&t=4d5b0474&ps=13740610&shp=81f88b70&shcp=43f4a2f9&idc=my&ftpl=1,,37400.0,lipsync,huongcoc92
https://www.tiktok.com/@nguyenthingochuyen0225/video/7524216728793009415,https://p16-sign-sg.tiktokcdn.com/tos-alisg-p-0037/oIAA6UIQIDAQF01ePxLoWHDuyoaBeIACGEsjAe~tplv-photomode-zoomcover:720:720.jpeg?dr=14555&x-expires=1752836400&x-signature=g0one74NVq4foGRxm8qpR%2BBs3gM%3D&t=4d5b0474&ps=13740610&shp=81f88b70&shcp=43f4a2f9&idc=my&ftpl=1,,185600.0,lipsync,nguyenthingochuyen0225
https://www.tiktok.com/@maitrithuc2020/video/7524719306983165202,https://p16-sign-sg.tiktokcdn.com/tos-alisg-p-0037/osAus5Gtb4ASBIrtFtvBaLXPEiYdziBEQV0B1~tplv-photomode-zoomcover:720:720.jpeg?dr=14555&x-expires=1752836400&x-signature=znRN5zm1bCKTlP3gT8gWqi66crY%3D&t=4d5b0474&ps=13740610&shp=81f88b70&shcp=43f4a2f9&idc=my&ftpl=1,,138000.0,lipsync,maitrithuc2020
https://www.tiktok.com/@katie_ngyen/video/7526381470504537352,https://p16-sign-sg.tiktokcdn.com/tos-alisg-p-0037/oklBMEPVaTVdIIYHYAECizaIdBB4a9MFABo7i~tplv-photomode-zoomcover:720:720.jpeg?dr=14555&x-expires=1752836400&x-signature=L7BMF6cLih08Vfym%2BdvNQyHxRwE%3D&t=4d5b0474&ps=13740610&shp=81f88b70&shcp=43f4a2f9&idc=my&ftpl=1,,122900.0,lipsync,katie_ngyen
https://www.tiktok.com/@tin_nguyen_9/video/7525767432036683016,https://p16-sign-sg.tiktokcdn.com/tos-alisg-p-0037/oEIIKq0AH3S45UiwBAEUtOi1jXCAHwfxi5ChpZ~tplv-photomode-zoomcover:720:720.jpeg?dr=14555&x-expires=1752836400&x-signature=q1LLufcmHn86irdFpTCnhO7vzC8%3D&t=4d5b0474&ps=13740610&shp=81f88b70&shcp=43f4a2f9&idc=my&ftpl=1,,259300.0,lipsync,tin_nguyen_9
https://www.tiktok.com/@hincamdiec/video/7525644268472487176,https://p16-sign-sg.tiktokcdn.com/tos-alisg-p-0037/ocBiAdA4EXixEqD0BEZURmipI4wvHa12ApBY1~tplv-photomode-zoomcover:720:720.jpeg?dr=14555&x-expires=1752836400&x-signature=Ca%2BeR6y2F%2FBEWrbgZbflGImjCe0%3D&t=4d5b0474&ps=13740610&shp=81f88b70&shcp=43f4a2f9&idc=my&ftpl=1,,138400.0,lipsync,hincamdiec
https://www.tiktok.com/@kimanhne_36/video/7526090688073567496,https://p16-sign-sg.tiktokcdn.com/tos-alisg-p-0037/owMAlIH9PV7bABiCiFOEUyaIYEBaBVKl69CEk~tplv-photomode-zoomcover:720:720.jpeg?dr=14555&x-expires=1752836400&x-signature=mkf1HWmiHi0H%2BbxfIFmbdg6GtzM%3D&t=4d5b0474&ps=13740610&shp=81f88b70&shcp=43f4a2f9&idc=my&ftpl=1,,105200.0,lipsync,kimanhne_36
https://www.tiktok.com/@lgni.anil_19/video/7524934570886712594,https://p16-sign-sg.tiktokcdn.com/tos-alisg-p-0037/oUB9EIAj8ECe9MAQAiDKQ4QbffITNCDo4D6j2F~tplv-photomode-zoomcover:720:720.jpeg?dr=14555&x-expires=1752836400&x-signature=19%2BgycmF9LQStenbce7CGyarITA%3D&t=4d5b0474&ps=13740610&shp=81f88b70&shcp=43f4a2f9&idc=my&ftpl=1,,223100.0,lipsync,lgni.anil_19
https://www.tiktok.com/@g.minhtrg/video/7524651519053008136,https://p16-sign-sg.tiktokcdn.com/tos-alisg-p-0037/oIIshIA0RNs7dijQzixBrwECodAfAYU6YImyin~tplv-photomode-zoomcover:720:720.jpeg?dr=14555&x-expires=1752836400&x-signature=Qt1d28at1%2FTpUGlbiCGWAUnq%2Blo%3D&t=4d5b0474&ps=13740610&shp=81f88b70&shcp=43f4a2f9&idc=my&ftpl=1,,131500.0,lipsync,g.minhtrg
https://www.tiktok.com/@uyenan.h/video/7526006180234136839,https://p9-sign-sg.tiktokcdn.com/tos-alisg-p-0037/ogi7AB9EtAiNA9hfCwwxpK0svBIBOAXRiIWBAN~tplv-photomode-zoomcover:720:720.jpeg?dr=14555&x-expires=1752836400&x-signature=iJ%2FGGpRaOfqCChZ520CY8bQsqbk%3D&t=4d5b0474&ps=13740610&shp=81f88b70&shcp=43f4a2f9&idc=my&ftpl=1,,143600.0,lipsync,uyenan.h
https://www.tiktok.com/@thuytien07141983/video/7524007009289800967,https://p16-sign-sg.tiktokcdn.com/tos-alisg-p-0037/oMbTYhViaPrE5BJvqVkIbAIHq9GDIAqYBpi2p~tplv-photomode-zoomcover:720:720.jpeg?dr=14555&x-expires=1752836400&x-signature=mD1B%2Bfvhgt4qtCez%2BRj6hJgSmao%3D&t=4d5b0474&ps=13740610&shp=81f88b70&shcp=43f4a2f9&idc=my&ftpl=1,,129199.99999999999,lipsync,thuytien07141983
https://www.tiktok.com/@nlinh_o0/video/7526466977901186312,https://p16-sign-sg.tiktokcdn.com/tos-alisg-p-0037/o0dCMfbz9w2IB4NICw9iAMAqYAOiIidL0PDk8p~tplv-photomode-zoomcover:720:720.jpeg?dr=14555&x-expires=1752836400&x-signature=uy8oBpzfyZxItNafe6TG0C%2F1kCg%3D&t=4d5b0474&ps=13740610&shp=81f88b70&shcp=43f4a2f9&idc=my&ftpl=1,,252400.0,lipsync,nlinh_o0
https://www.tiktok.com/@ltvi/video/7525393792698944775,https://p16-sign-sg.tiktokcdn.com/tos-alisg-p-0037/o8MvFGHEl4ReCI6IjBFoAkZDgNU8dBkcf5bEz3~tplv-photomode-zoomcover:720:720.jpeg?dr=14555&x-expires=1752836400&x-signature=KvaaR65%2B%2F9CeQfgY8DXe5GoXO1w%3D&t=4d5b0474&ps=13740610&shp=81f88b70&shcp=43f4a2f9&idc=my&ftpl=1,,31400.0,lipsync,ltvi
https://www.tiktok.com/@ig.khalac248/video/7525070157836733714,https://p16-sign-sg.tiktokcdn.com/tos-alisg-p-0037/ogfa3BRlQJDGFoVuCYLIAbGbI3AjmcNIIjeeoN~tplv-photomode-zoomcover:720:720.jpeg?dr=14555&x-expires=1752836400&x-signature=BqXlEtpEtWA%2Bfz7LubkK1GPKLsw%3D&t=4d5b0474&ps=13740610&shp=81f88b70&shcp=43f4a2f9&idc=my&ftpl=1,,288500.0,lipsync,ig.khalac248
https://www.tiktok.com/@huongsyu/video/7524674016330845447,https://p9-sign-sg.tiktokcdn.com/tos-alisg-p-0037/o0CL2UEwKnAiaioABmIdwNfCAGBXABAInAy0Zt~tplv-photomode-zoomcover:720:720.jpeg?dr=14555&x-expires=1752836400&x-signature=6xjPQzZLBoYcrvhqVnpYAMlcfHs%3D&t=4d5b0474&ps=13740610&shp=81f88b70&shcp=43f4a2f9&idc=sg1&ftpl=1,,386800.0,daily-life,huongsyu
https://www.tiktok.com/@rc.world.vn/video/7526438735915896082,https://p16-sign-sg.tiktokcdn.com/tos-alisg-p-0037/ocwMt7DrEFAgIICcWAEUASEABf02fREzohCBgV~tplv-photomode-zoomcover:720:720.jpeg?dr=14555&x-expires=1752836400&x-signature=wxIqZFMbAc2LV1oVnAwDhpCWxE0%3D&t=4d5b0474&ps=13740610&shp=81f88b70&shcp=43f4a2f9&idc=sg1&ftpl=1,,221300.0,daily-life,rc.world.vn
https://www.tiktok.com/@rdlcqquv9ec/video/7523622436139584823,https://p16-sign.tiktokcdn-us.com/tos-useast5-p-0068-tx/o8cLzICKIzjkx3LB1eeopIo1Qv6RfGwP0CIAAH~tplv-photomode-zoomcover:720:720.jpeg?dr=14555&x-expires=1752836400&x-signature=TVUvwYNL9vU85d0XGNgJix8in5s%3D&t=4d5b0474&ps=13740610&shp=81f88b70&shcp=43f4a2f9&idc=sg1&ftpl=1,,605200.0,daily-life,rdlcqquv9ec
https://www.tiktok.com/@dieulinhh2612/video/7525356789634829575,https://p9-sign-sg.tiktokcdn.com/tos-alisg-p-0037/oMgga0cPAkAE32UoRn4BBoSyCEQ0IHFvfpVbfD~tplv-photomode-zoomcover:720:720.jpeg?dr=14555&x-expires=1752836400&x-signature=dWVWHoVx1uNjVEqXr88sbqdwqXw%3D&t=4d5b0474&ps=13740610&shp=81f88b70&shcp=43f4a2f9&idc=sg1&ftpl=1,,123900.0,daily-life,dieulinhh2612
https://www.tiktok.com/@diemquynh_2907/video/7524741830529781000,https://p16-sign-sg.tiktokcdn.com/tos-alisg-p-0037/oEs0r3AXaA9yKI1hwIiuNQqBnfrskNqiACA9tI~tplv-photomode-zoomcover:720:720.jpeg?dr=14555&x-expires=1752836400&x-signature=oJoIQOu%2F9SfIwxT7C0CmwP7yDbo%3D&t=4d5b0474&ps=13740610&shp=81f88b70&shcp=43f4a2f9&idc=sg1&ftpl=1,,213900.0,daily-life,diemquynh_2907
https://www.tiktok.com/@klook_vietnam/video/7523970105886149906,https://p16-sign-sg.tiktokcdn.com/tos-alisg-p-0037/o4lioAaCtIGAYMD72yEAA0PGAAqjiiBBg8lqI~tplv-photomode-zoomcover:720:720.jpeg?dr=14555&x-expires=1752836400&x-signature=84DpFebwZi6Mo29wlUM1PloKo9c%3D&t=4d5b0474&ps=13740610&shp=81f88b70&shcp=43f4a2f9&idc=sg1&ftpl=1,,159200.0,daily-life,klook_vietnam
https://www.tiktok.com/@hieuhihi8805/video/7524182546012261639,https://p9-sign-sg.tiktokcdn.com/tos-alisg-p-0037/oQsr1JMEL2RKEIDIWBFoARFDglUgzBlDf0aEFf~tplv-photomode-zoomcover:720:720.jpeg?dr=14555&x-expires=1752836400&x-signature=gZTO0m%2FC3SmqGfqAVWWny35aupI%3D&t=4d5b0474&ps=13740610&shp=81f88b70&shcp=43f4a2f9&idc=sg1&ftpl=1,,334400.0,daily-life,hieuhihi8805
https://www.tiktok.com/@tuantudo86/video/7525002500018031880,https://p16-sign-sg.tiktokcdn.com/tos-alisg-p-0037/o4BA4lPbaslhDIYGAAEAiu5laAOva6wLABy6i~tplv-photomode-zoomcover:720:720.jpeg?dr=14555&x-expires=1752836400&x-signature=gpEWjYFbusl8EcXvmK5Qna1qXO4%3D&t=4d5b0474&ps=13740610&shp=81f88b70&shcp=43f4a2f9&idc=sg1&ftpl=1,,144800.0,daily-life,tuantudo86
https://www.tiktok.com/@mechunchinoii/video/7526089417442774290,https://p16-sign-sg.tiktokcdn.com/tos-alisg-p-0037/oMAByFlzpc9nDCBZRffBgoE0gUERBdwIuoRGId~tplv-photomode-zoomcover:720:720.jpeg?dr=14555&x-expires=1752836400&x-signature=tK5I%2Fyf%2FmIDuxiwq5JsmmNA4%2Fn8%3D&t=4d5b0474&ps=13740610&shp=81f88b70&shcp=43f4a2f9&idc=sg1&ftpl=1,,13900.0,daily-life,mechunchinoii
https://www.tiktok.com/@excellent.idea/video/7524897330550607159,https://p16-sign.tiktokcdn-us.com/tos-useast5-p-0068-tx/oErEd5FbNIDrIlBA54fgfxEAotQqRRxDSxkczB~tplv-photomode-zoomcover:720:720.jpeg?dr=14555&x-expires=1752836400&x-signature=aPxzygyK9fPY1oqgiZXnCAmTeB8%3D&t=4d5b0474&ps=13740610&shp=81f88b70&shcp=43f4a2f9&idc=sg1&ftpl=1,,99700.0,daily-life,excellent.idea
https://www.tiktok.com/@uymoi97/video/7523937505012419847,https://p16-sign-sg.tiktokcdn.com/tos-alisg-p-0037/oQFICGE6iiAGRNCwIIkBqIsGTRZnI90qtABfAV~tplv-photomode-zoomcover:720:720.jpeg?dr=14555&x-expires=1752836400&x-signature=k%2BpalPVknWYXo2YIBzxQkkBu75k%3D&t=4d5b0474&ps=13740610&shp=81f88b70&shcp=43f4a2f9&idc=sg1&ftpl=1,,478000.0,daily-life,uymoi97
https://www.tiktok.com/@congviennuocvwnt/video/7526427775238950162,https://p9-sign-sg.tiktokcdn.com/tos-alisg-p-0037/oUMV4zIL5iZA9jYqBNvPdMdHI3iBd9BCFaAvE~tplv-photomode-zoomcover:720:720.jpeg?dr=14555&x-expires=1752836400&x-signature=5jxgRIOTg6IBb6JBnGQ9QT5eqq0%3D&t=4d5b0474&ps=13740610&shp=81f88b70&shcp=43f4a2f9&idc=sg1&ftpl=1,,70200.0,daily-life,congviennuocvwnt
https://www.tiktok.com/@trochoimongoland/video/7524294249655864594,https://p16-sign-sg.tiktokcdn.com/tos-alisg-p-0037/ogIIwRNEvtaqAW0O1idPCyiWrBxcfVAAICARtq~tplv-photomode-zoomcover:720:720.jpeg?dr=14555&x-expires=1752836400&x-signature=5JjWW5D7TcwaqMQIv4rNtXXIlwc%3D&t=4d5b0474&ps=13740610&shp=81f88b70&shcp=43f4a2f9&idc=sg1&ftpl=1,,84100.0,daily-life,trochoimongoland
https://www.tiktok.com/@quanganhsurprise/video/7520880920870522130,https://p16-sign-sg.tiktokcdn.com/tos-alisg-p-0037/oEzFqEB4QzRUqiZz4fwMfQ42oWLiQDPTXVEgAB~tplv-photomode-zoomcover:720:720.jpeg?dr=14555&x-expires=1752836400&x-signature=uyd3WflfsCceFTL%2BWMWAAY%2B4LjI%3D&t=4d5b0474&ps=13740610&shp=81f88b70&shcp=43f4a2f9&idc=sg1&ftpl=1,,147100.0,daily-life,quanganhsurprise
https://www.tiktok.com/@gulkhanabukhan/video/7526142718343433478,https://p16-sign-va.tiktokcdn.com/tos-maliva-p-0068/oAvSRyIxqiRQ6vUqB8MOdIaHIyiBbQ8rBaAvE~tplv-photomode-zoomcover:720:720.jpeg?dr=14555&x-expires=1752836400&x-signature=B8%2FVfoyrd8E6b0dLagwMh11AN6w%3D&t=4d5b0474&ps=13740610&shp=81f88b70&shcp=43f4a2f9&idc=sg1&ftpl=1,,5200000.0,daily-life,gulkhanabukhan
https://www.tiktok.com/@atvy229/video/7523241458573266194,https://p16-sign-sg.tiktokcdn.com/tos-alisg-p-0037/osffBBBU8eiAReUsQAozeiABMZfgYhlMMfYUeEi~tplv-photomode-zoomcover:720:720.jpeg?dr=14555&x-expires=1752836400&x-signature=PR2wTN5%2BdeNUUhLTK3o9FbbsnjQ%3D&t=4d5b0474&ps=13740610&shp=81f88b70&shcp=43f4a2f9&idc=sg1&ftpl=1,,280400.0,daily-life,atvy229
https://www.tiktok.com/@naseebkaitah1/video/7524770156736744710,https://p16-sign-va.tiktokcdn.com/tos-maliva-p-0068/oYobxfnWIPVRBCBEETvtCBAJBRFp2JfvPQlDqE~tplv-photomode-zoomcover:720:720.jpeg?dr=14555&x-expires=1752836400&x-signature=uHkqw9TD7E4LYPgrcrbGnY%2FfXG4%3D&t=4d5b0474&ps=13740610&shp=81f88b70&shcp=43f4a2f9&idc=sg1&ftpl=1,,202100.0,daily-life,naseebkaitah1
https://www.tiktok.com/@totomuzy/video/7523625257442348344,https://p16-sign-va.tiktokcdn.com/tos-maliva-p-0068/owAA4LSAQiIQBKapAaBIUivJMlyGAlOTAioEK~tplv-photomode-zoomcover:720:720.jpeg?dr=14555&x-expires=1752836400&x-signature=dGvPIbelTgYeu1NPEoQLmT%2BEIfg%3D&t=4d5b0474&ps=13740610&shp=81f88b70&shcp=43f4a2f9&idc=sg1&ftpl=1,,816500.0,daily-life,totomuzy
https://www.tiktok.com/@amazingfunny643/video/7516608363057122574,https://p16-sign.tiktokcdn-us.com/tos-useast5-p-0068-tx/owWofL0IIIxEA3ozLQeYhiHAjBUjQGkfHBi5CP~tplv-photomode-zoomcover:720:720.jpeg?dr=14555&x-expires=1752836400&x-signature=Fz1uniua9uz8F0v2n12VeiBVIv4%3D&t=4d5b0474&ps=13740610&shp=81f88b70&shcp=43f4a2f9&idc=sg1&ftpl=1,,9100000.0,daily-life,amazingfunny643
https://www.tiktok.com/@duongtrieuvuu/video/7523780863876713736,https://p9-sign-sg.tiktokcdn.com/tos-alisg-p-0037/oMiZEhfagalRAQFboNQ7VUFpEFBTUdfrBjNyDz~tplv-photomode-zoomcover:720:720.jpeg?dr=14555&x-expires=1752836400&x-signature=1pDAwbLd0pI2nddSSod4P9iz97M%3D&t=4d5b0474&ps=13740610&shp=81f88b70&shcp=43f4a2f9&idc=sg1&ftpl=1,,66700.0,daily-life,duongtrieuvuu
https://www.tiktok.com/@ngoc_2761/video/7524570927552630036,https://p9-sign-sg.tiktokcdn.com/tos-alisg-p-0037/oofGKQwOs8oA0uLpraECBFbERBXDmgUUjQf9tl~tplv-photomode-zoomcover:720:720.jpeg?dr=14555&x-expires=1752836400&x-signature=w3nsFzszoNTVByV3GIIB7JxINuo%3D&t=4d5b0474&ps=13740610&shp=81f88b70&shcp=43f4a2f9&idc=sg1&ftpl=1,,21700.0,daily-life,ngoc_2761
https://www.tiktok.com/@huy20db/video/7524366582538128661,https://p16-sign-sg.tiktokcdn.com/tos-alisg-p-0037/ogNIEsg9iiAhaaDgIRzBUip0fv6jW9orlBzfB5~tplv-photomode-zoomcover:720:720.jpeg?dr=14555&x-expires=1752836400&x-signature=va9YR%2BgUZ6MJZxGbIsd%2B5ZTYCZ8%3D&t=4d5b0474&ps=13740610&shp=81f88b70&shcp=43f4a2f9&idc=my&ftpl=1,,32400.0,beauty-care,huy20db
https://www.tiktok.com/@ghinaae/video/7523087638153186566,https://p16-sign-va.tiktokcdn.com/tos-maliva-p-0068/owengKBEAYRWAIBENCFoAYBDQ7JFABdGf2ZEqx~tplv-photomode-zoomcover:720:720.jpeg?dr=14555&x-expires=1752836400&x-signature=NfZHesh%2BCWfXpL2B2o%2BoYkvfp7w%3D&t=4d5b0474&ps=13740610&shp=81f88b70&shcp=43f4a2f9&idc=my&ftpl=1,,2700000.0,beauty-care,ghinaae
https://www.tiktok.com/@cheducanh04/video/7526156422602624264,https://p16-sign-sg.tiktokcdn.com/tos-alisg-p-0037/oQ2YRaiEyh3yIxAKmACYBJVBSEHJI3q1iBtdP~tplv-photomode-zoomcover:720:720.jpeg?dr=14555&x-expires=1752836400&x-signature=JFoydA4nHHnfxaYDZMIoSmZIsf4%3D&t=4d5b0474&ps=13740610&shp=81f88b70&shcp=43f4a2f9&idc=my&ftpl=1,,215800.0,beauty-care,cheducanh04
https://www.tiktok.com/@dangthuhaf/video/7525449973115178248,https://p9-sign-sg.tiktokcdn.com/tos-alisg-p-0037/oUYSEBUDoBxy30xFEWa8AAEJEBZvfbVgeRIOJw~tplv-photomode-zoomcover:720:720.jpeg?dr=14555&x-expires=1752836400&x-signature=QhrNLzRAIp2UadzvYQvekPlGx9c%3D&t=4d5b0474&ps=13740610&shp=81f88b70&shcp=43f4a2f9&idc=my&ftpl=1,,167500.0,beauty-care,dangthuhaf
https://www.tiktok.com/@1900hairsalon.official/video/7524148638478519559,https://p16-sign-sg.tiktokcdn.com/tos-alisg-p-0037/oQgreLAII7GA1o7LkHCKRQJkkPeDjIJ6ISVoes~tplv-photomode-zoomcover:720:720.jpeg?dr=14555&x-expires=1752836400&x-signature=XfWNhmETM%2FCVV%2BflsloiQX7bcZM%3D&t=4d5b0474&ps=13740610&shp=81f88b70&shcp=43f4a2f9&idc=my&ftpl=1,,159600.0,beauty-care,1900hairsalon.official
https://www.tiktok.com/@giaovienc3/video/7526426152697711890,https://p16-sign-sg.tiktokcdn.com/tos-alisg-p-0037/ocBYIHELA0zYTcDMGBoP9VAVi8aPXgYB7iHIE~tplv-photomode-zoomcover:720:720.jpeg?dr=14555&x-expires=1752836400&x-signature=TeTAbjjqhptdFA74e4VuK1dRFZE%3D&t=4d5b0474&ps=13740610&shp=81f88b70&shcp=43f4a2f9&idc=my&ftpl=1,,54900.0,beauty-care,giaovienc3
https://www.tiktok.com/@oanhtieudong_td/video/7524237260389240071,https://p16-sign-sg.tiktokcdn.com/tos-alisg-p-0037/o0ejgIto8n5fGkHtyICogJy1AILeDQAu1dGokI~tplv-photomode-zoomcover:720:720.jpeg?dr=14555&x-expires=1752836400&x-signature=tMLrFvwpxo0O6CQm%2B5OluwbZAMw%3D&t=4d5b0474&ps=13740610&shp=81f88b70&shcp=43f4a2f9&idc=my&ftpl=1,,174000.0,beauty-care,oanhtieudong_td
https://www.tiktok.com/@tdk2barbershop/video/7524508689080782081,https://p16-sign-sg.tiktokcdn.com/tos-alisg-p-0037/oIybDfy6EE3UQNbLCEogFBDsQURGAQ609BkeDv~tplv-photomode-zoomcover:720:720.jpeg?dr=14555&x-expires=1752836400&x-signature=lrMhLY6m2JmDLV7Ki32hjUXlqoA%3D&t=4d5b0474&ps=13740610&shp=81f88b70&shcp=43f4a2f9&idc=my&ftpl=1,,419500.0,beauty-care,tdk2barbershop
https://www.tiktok.com/@du_duong_tap_phoi_do/video/7525819506845928711,https://p9-sign-sg.tiktokcdn.com/tos-alisg-p-0037/oIAnLIiVQDX5FExLAGC0xpS4LFnIoIejPIfex5~tplv-photomode-zoomcover:720:720.jpeg?dr=14555&x-expires=1752836400&x-signature=tlD%2FDP2NZZaSxkVfsiKcf1IWxv4%3D&t=4d5b0474&ps=13740610&shp=81f88b70&shcp=43f4a2f9&idc=my&ftpl=1,,90500.0,beauty-care,du_duong_tap_phoi_do
https://www.tiktok.com/@nhakhoaduyngoc_5ae/video/7521766544028847380,https://p9-sign-sg.tiktokcdn.com/tos-alisg-p-0037/o8AvwuBd8iBIEYVOE15xjiO1OBtGriIaAKX0T~tplv-photomode-zoomcover:720:720.jpeg?dr=14555&x-expires=1752836400&x-signature=R8Ed6i%2BEwCw5tJDtyEahYvOi6JA%3D&t=4d5b0474&ps=13740610&shp=81f88b70&shcp=43f4a2f9&idc=my&ftpl=1,,200700.0,beauty-care,nhakhoaduyngoc_5ae
https://www.tiktok.com/@rinabeauty859/video/7525787943995280658,https://p16-sign-sg.tiktokcdn.com/tos-alisg-p-0037/okbQgUcQcKx8BZoWrFPpEeE4hDsJfTAwREBYDQ~tplv-photomode-zoomcover:720:720.jpeg?dr=14555&x-expires=1752836400&x-signature=t3RvHQCvU4uq56jaQvJyGtSQMkA%3D&t=4d5b0474&ps=13740610&shp=81f88b70&shcp=43f4a2f9&idc=my&ftpl=1,,68700.0,beauty-care,rinabeauty859
https://www.tiktok.com/@giohanhphuc9/video/7525452296201784577,https://p16-sign-sg.tiktokcdn.com/tos-alisg-p-0037/o8ErIAVCEBAfgIBvAoAgJfj6QCFYSxbD89SKyi~tplv-photomode-zoomcover:720:720.jpeg?dr=14555&x-expires=1752836400&x-signature=5hS3z5%2FUWyy%2Fx0OkrbyZds9RqOU%3D&t=4d5b0474&ps=13740610&shp=81f88b70&shcp=43f4a2f9&idc=my&ftpl=1,,70600.0,beauty-care,giohanhphuc9
https://www.tiktok.com/@dailywithbong/video/7523162526582836488,https://p16-sign-sg.tiktokcdn.com/tos-alisg-p-0037/o4opHCj90lA7pH2nA6iiwhBqCMAIcvEIIvvZqe~tplv-photomode-zoomcover:720:720.jpeg?dr=14555&x-expires=1752836400&x-signature=Tioqd56bsZpQZENK%2B%2B%2BckODV%2BBk%3D&t=4d5b0474&ps=13740610&shp=81f88b70&shcp=43f4a2f9&idc=my&ftpl=1,,245200.0,beauty-care,dailywithbong
https://www.tiktok.com/@truongbarber89hy/video/7522459442684775698,https://p16-sign-sg.tiktokcdn.com/tos-alisg-p-0037/o8GQQzAnBDJZMUblsQF5gTQERAgjJAEfEfBoxS~tplv-photomode-zoomcover:720:720.jpeg?dr=14555&x-expires=1752836400&x-signature=OQ%2BkwMQaCjy1ktqfYZFkYj6LVmI%3D&t=4d5b0474&ps=13740610&shp=81f88b70&shcp=43f4a2f9&idc=my&ftpl=1,,63700.0,beauty-care,truongbarber89hy
https://www.tiktok.com/@dqlam147/video/7524698995474779400,https://p16-sign-sg.tiktokcdn.com/tos-alisg-p-0037/oQF2M8fbIQSgQ8MmvIQAWCaaQfjjAXaejDlQ9s~tplv-photomode-zoomcover:720:720.jpeg?dr=14555&x-expires=1752836400&x-signature=9I9ibjPgNMq48rcda2tNtdvJZ0w%3D&t=4d5b0474&ps=13740610&shp=81f88b70&shcp=43f4a2f9&idc=my&ftpl=1,,67800.0,beauty-care,dqlam147
https://www.tiktok.com/@tiktokcreators_vn/video/7522480608015092999,https://p16-sign-sg.tiktokcdn.com/tos-alisg-p-0037/oQYhYAUDoCcsIe5FEAATMAIFEBFKfZngbRQIDE~tplv-photomode-zoomcover:720:720.jpeg?dr=14555&x-expires=1752836400&x-signature=6cwGSqZUue2dv6st4Ja2kuuHEB8%3D&t=4d5b0474&ps=13740610&shp=81f88b70&shcp=43f4a2f9&idc=my&ftpl=1,,20500.0,beauty-care,tiktokcreators_vn
https://www.tiktok.com/@panh15.10/video/7526156261176495378,https://p16-sign-sg.tiktokcdn.com/tos-alisg-p-0037/ocAiAlIHyABbHRYAAEH7QTB0PDACJD9BwyaEi~tplv-photomode-zoomcover:720:720.jpeg?dr=14555&x-expires=1752836400&x-signature=MN%2FAJIbfxAd2OPXLz8ut7BJMIO8%3D&t=4d5b0474&ps=13740610&shp=81f88b70&shcp=43f4a2f9&idc=my&ftpl=1,,86300.0,beauty-care,panh15.10
https://www.tiktok.com/@meymeyxink28/video/7524250330641550599,https://p16-sign-sg.tiktokcdn.com/tos-alisg-p-0037/o0ErIAGsGghrAVGhQLFDemqfmWwRfI6AQfgdFk~tplv-photomode-zoomcover:720:720.jpeg?dr=14555&x-expires=1752836400&x-signature=fVkeP8aYjH0FhuThenIsx2qJyMg%3D&t=4d5b0474&ps=13740610&shp=81f88b70&shcp=43f4a2f9&idc=my&ftpl=1,,42600.0,beauty-care,meymeyxink28
https://www.tiktok.com/@caimewgivay._/video/7523831986167876871,https://p16-sign-sg.tiktokcdn.com/tos-alisg-p-0037/oQmTaCUDoBBf3trFEZqgiAINEB2qfazgdRIVZX~tplv-photomode-zoomcover:720:720.jpeg?dr=14555&x-expires=1752836400&x-signature=7a%2Ff4czmOtpHQhj5YAyumxi22s4%3D&t=4d5b0474&ps=13740610&shp=81f88b70&shcp=43f4a2f9&idc=my&ftpl=1,,27300.0,beauty-care,caimewgivay._
https://www.tiktok.com/@eimichann/video/7523234147070971144,https://p16-sign-sg.tiktokcdn.com/tos-alisg-p-0037/oUyI3EMDAbAECWGFfAQjDAAzIOPHzzQeeckDIo~tplv-photomode-zoomcover:720:720.jpeg?dr=14555&x-expires=1752836400&x-signature=pNUrmtThREA12H6qIKIXrllxQBs%3D&t=4d5b0474&ps=13740610&shp=81f88b70&shcp=43f4a2f9&idc=my&ftpl=1,,43400.0,beauty-care,eimichann
https://www.tiktok.com/@taitc2000/video/7524632233605451016,https://p9-sign-sg.tiktokcdn.com/tos-alisg-p-0037/okhQIemAQXApE2GAQjoMoxJebm3ao7Qs7Df8CT~tplv-photomode-zoomcover:480:480.jpeg?dr=14555&x-expires=1752836400&x-signature=eE6kp2B8ndW49bPE3E8mVYOTdRc%3D&t=4d5b0474&ps=13740610&shp=81f88b70&shcp=43f4a2f9&idc=my&ftpl=1,,182000.0,games,taitc2000
https://www.tiktok.com/@bequynhff21.2/video/7525722706474536210,https://p16-sign-sg.tiktokcdn.com/tos-alisg-p-0037/oQBV8VVmdFEiNAwC3DvvyIABHIaPP6i4ZA5OY~tplv-photomode-zoomcover:480:480.jpeg?dr=14555&x-expires=1752836400&x-signature=L2gngsWyJBYgdFAENo1ZZNAf5Yc%3D&t=4d5b0474&ps=13740610&shp=81f88b70&shcp=43f4a2f9&idc=my&ftpl=1,,135700.0,games,bequynhff21.2
https://www.tiktok.com/@thaodangyeuuu04/video/7525777550413565202,https://p16-sign-sg.tiktokcdn.com/tos-alisg-p-0037/occDFCFaXE6AQDiqIAAVEfmrU8deoQA7bBcRg9~tplv-photomode-zoomcover:480:480.jpeg?dr=14555&x-expires=1752836400&x-signature=6RGiaSI8sROx%2FECpoGv1DcXXKIE%3D&t=4d5b0474&ps=13740610&shp=81f88b70&shcp=43f4a2f9&idc=my&ftpl=1,,127500.0,games,thaodangyeuuu04
https://www.tiktok.com/@jeeker97/video/7524654995124374805,https://p16-sign-sg.tiktokcdn.com/tos-alisg-p-0037/oQIRZLh1eJAnGeG0Qe6yAQAAIe4DusdNJDPAG8~tplv-photomode-zoomcover:480:480.jpeg?dr=14555&x-expires=1752836400&x-signature=wXldeoRcSzhaSiN4p91Ho57MRQs%3D&t=4d5b0474&ps=13740610&shp=81f88b70&shcp=43f4a2f9&idc=my&ftpl=1,,236100.0,games,jeeker97
https://www.tiktok.com/@garancg/video/7525050974017228052,https://p16-sign-sg.tiktokcdn.com/tos-alisg-p-0037/oUfWhCZVo5BwycMuBhFEgmD8EbAR3VSIIrfdUl~tplv-photomode-zoomcover:480:480.jpeg?dr=14555&x-expires=1752836400&x-signature=VEVHkIswpRhy0BMviS7to%2Fwn3mQ%3D&t=4d5b0474&ps=13740610&shp=81f88b70&shcp=43f4a2f9&idc=my&ftpl=1,,58200.0,games,garancg
https://www.tiktok.com/@phanlocdz69/video/7525623429735779591,https://p16-sign-sg.tiktokcdn.com/tos-alisg-p-0037/ocMwSVwOfAEWKFBlABI0YqBtYiAKiCA6GDAIG6~tplv-photomode-zoomcover:480:480.jpeg?dr=14555&x-expires=1752836400&x-signature=%2B09ovUPxwYV8ck%2Fo9jtGgTFfZPY%3D&t=4d5b0474&ps=13740610&shp=81f88b70&shcp=43f4a2f9&idc=my&ftpl=1,,276400.0,games,phanlocdz69
https://www.tiktok.com/@huyenranchu/video/7524990447937129746,https://p16-sign-sg.tiktokcdn.com/tos-alisg-p-0037/oICbgKIwqHAisixIFgIP3Nf0gDBZAARI7Dv0Wu~tplv-photomode-zoomcover:480:480.jpeg?dr=14555&x-expires=1752836400&x-signature=H1WTdQ%2F1QKk487wQCLuisrPvqh0%3D&t=4d5b0474&ps=13740610&shp=81f88b70&shcp=43f4a2f9&idc=my&ftpl=1,,97800.0,games,huyenranchu
https://www.tiktok.com/@daquavis_mc/video/7525228829271543054,https://p16-sign.tiktokcdn-us.com/tos-useast5-p-0068-tx/oMhuD6j9QmfeFL4RQBidTOAIFGLeWIeWXAGGYI~tplv-photomode-zoomcover:480:480.jpeg?dr=14555&x-expires=1752836400&x-signature=eLIYOXx9JlHLrXYT6i8Z0w8xgcI%3D&t=4d5b0474&ps=13740610&shp=81f88b70&shcp=43f4a2f9&idc=my&ftpl=1,,868300.0,games,daquavis_mc
https://www.tiktok.com/@boboo7720/video/7525405357661834503,https://p16-sign-sg.tiktokcdn.com/tos-alisg-p-0037/o8IEvioP5BKaBWB2IfhIGUHgilncLb5e0RuARF~tplv-photomode-zoomcover:480:480.jpeg?dr=14555&x-expires=1752836400&x-signature=VNfIfjjvRB8XuhYsVvSp%2F4%2BOZlY%3D&t=4d5b0474&ps=13740610&shp=81f88b70&shcp=43f4a2f9&idc=my&ftpl=1,,206100.0,games,boboo7720
https://www.tiktok.com/@reallongr/video/7524625342338780434,https://p16-sign-sg.tiktokcdn.com/tos-alisg-p-0037/okAiAlI25AAFMzYAAEGBc2BHv5IwzuRB7sali~tplv-photomode-zoomcover:480:480.jpeg?dr=14555&x-expires=1752836400&x-signature=PjLQN5OFfkpBVPzZ4kQmlt8YvVE%3D&t=4d5b0474&ps=13740610&shp=81f88b70&shcp=43f4a2f9&idc=my&ftpl=1,,100200.0,games,reallongr
https://www.tiktok.com/@bequynhff21.2/video/7524675856975809810,https://p16-sign-sg.tiktokcdn.com/tos-alisg-p-0037/o0DxabfSIbxQoFUEUerBA4UUEbQBCQngR37odP~tplv-photomode-zoomcover:480:480.jpeg?dr=14555&x-expires=1752836400&x-signature=pgCq8wddEXLOrmxUFBHrChNnDfk%3D&t=4d5b0474&ps=13740610&shp=81f88b70&shcp=43f4a2f9&idc=my&ftpl=1,,137200.0,games,bequynhff21.2
https://www.tiktok.com/@peo151012_25/video/7525640734586752263,https://p16-sign-sg.tiktokcdn.com/tos-alisg-p-0037/okIaI4veOmDEeEIjvc4QsALQTT6GDRADA0eRwC~tplv-photomode-zoomcover:480:480.jpeg?dr=14555&x-expires=1752836400&x-signature=rCkNxgIICYs92bdkquhT7RjQJtY%3D&t=4d5b0474&ps=13740610&shp=81f88b70&shcp=43f4a2f9&idc=my&ftpl=1,,179300.0,games,peo151012_25
https://www.tiktok.com/@garancg/video/7525796288667946261,https://p16-sign-sg.tiktokcdn.com/tos-alisg-p-0037/oc3gi3QUguAZghPAgN8YgPfIfofn55DD9Mf4Ke~tplv-photomode-zoomcover:480:480.jpeg?dr=14555&x-expires=1752836400&x-signature=Z%2FiEkiI1urWM%2FAKyLgWHNW6UKgM%3D&t=4d5b0474&ps=13740610&shp=81f88b70&shcp=43f4a2f9&idc=my&ftpl=1,,45800.0,games,garancg
https://www.tiktok.com/@hanissey.baohan/video/7519737030625070343,https://p16-sign-sg.tiktokcdn.com/tos-alisg-p-0037/o8FjQL0oWAtlBWyHExo3aReBUX2fQ0zlEoygQD~tplv-photomode-zoomcover:480:480.jpeg?dr=14555&x-expires=1752836400&x-signature=o9Lf4sPWYwjWrKC%2FJQtq8mVvV9Y%3D&t=4d5b0474&ps=13740610&shp=81f88b70&shcp=43f4a2f9&idc=my&ftpl=1,,91700.0,games,hanissey.baohan
https://www.tiktok.com/@dautay196_/video/7525498100991937812,https://p16-sign-sg.tiktokcdn.com/tos-alisg-p-0037/ogBQ3BDdEDCEmNewfIAAI3ZFNfv4couAKj8jo8~tplv-photomode-zoomcover:480:480.jpeg?dr=14555&x-expires=1752836400&x-signature=33cUnnH%2FCs48sYaitUcIVArctGQ%3D&t=4d5b0474&ps=13740610&shp=81f88b70&shcp=43f4a2f9&idc=my&ftpl=1,,149800.0,games,dautay196_
https://www.tiktok.com/@lienquanmobile_garena/video/7524240530704796946,https://p16-sign-sg.tiktokcdn.com/tos-alisg-p-0037/o4DaUIXQDEKZ3C7ugEfKAeAAlFLvAoBCWs6VIW~tplv-photomode-zoomcover:480:480.jpeg?dr=14555&x-expires=1752836400&x-signature=q0bK7JNz02%2BT8k9y55GdNFM2Fgs%3D&t=4d5b0474&ps=13740610&shp=81f88b70&shcp=43f4a2f9&idc=my&ftpl=1,,189400.0,games,lienquanmobile_garena
https://www.tiktok.com/@hongle9911/video/7524219215927266567,https://p16-sign-sg.tiktokcdn.com/tos-alisg-p-0037/oEkva2FYxItIVjiGcAEisgarr9jBlA4cBBYZ2~tplv-photomode-zoomcover:480:480.jpeg?dr=14555&x-expires=1752836400&x-signature=%2FYptZLebecAQaflTWHFp11zP3QA%3D&t=4d5b0474&ps=13740610&shp=81f88b70&shcp=43f4a2f9&idc=my&ftpl=1,,39700.0,games,hongle9911
https://www.tiktok.com/@bequynhff21.2/video/7526014256748301575,https://p9-sign-sg.tiktokcdn.com/tos-alisg-p-0037/ocDd4Q4CfSvIIPLjJJQFyHAo4xAe23pxet4QiG~tplv-photomode-zoomcover:480:480.jpeg?dr=14555&x-expires=1752836400&x-signature=ZnCuBzOcBTFVZniygWyXQLLGnVo%3D&t=4d5b0474&ps=13740610&shp=81f88b70&shcp=43f4a2f9&idc=my&ftpl=1,,82100.0,games,bequynhff21.2
https://www.tiktok.com/@2roakatrung/video/7525387356157824264,https://p16-sign-sg.tiktokcdn.com/tos-alisg-p-0037/oYfhTqfBiAJEMGi4AgXAvFQMD85gbfiQGRFmfg~tplv-photomode-zoomcover:480:480.jpeg?dr=14555&x-expires=1752836400&x-signature=ySI3ClZDHOkGwbWNsjf3wPb6pYE%3D&t=4d5b0474&ps=13740610&shp=81f88b70&shcp=43f4a2f9&idc=my&ftpl=1,,65000.0,games,2roakatrung
https://www.tiktok.com/@garancg/video/7523935148983782664,https://p16-sign-sg.tiktokcdn.com/tos-alisg-p-0037/o4NI0NixSN03QqqzCIGQYwwIBfAniAC6RAp0TI~tplv-photomode-zoomcover:480:480.jpeg?dr=14555&x-expires=1752836400&x-signature=xTD44dXaz9CILstUQdHt2sPUk78%3D&t=4d5b0474&ps=13740610&shp=81f88b70&shcp=43f4a2f9&idc=my&ftpl=1,,102000.0,games,garancg
https://www.tiktok.com/@cothitv18/video/7524945852046019848,https://p16-sign-sg.tiktokcdn.com/tos-alisg-p-0037/o8YmpjAmIEG3YUADfeQIbDmE2QrWo3AfAAbFDj~tplv-photomode-zoomcover:480:480.jpeg?dr=14555&x-expires=1752836400&x-signature=Z9SmuMGaBtJ%2BufYNibf3VSYWnAQ%3D&t=4d5b0474&ps=13740610&shp=81f88b70&shcp=43f4a2f9&idc=my&ftpl=1,,78100.0,games,cothitv18
https://www.tiktok.com/@thaodangyeuuu04/video/7525762541436374290,https://p9-sign-sg.tiktokcdn.com/tos-alisg-p-0037/ockiDAUDoC8tVeaFEAAXYAIVEBbqfdMgoRQSDR~tplv-photomode-zoomcover:480:480.jpeg?dr=14555&x-expires=1752836400&x-signature=yYZqEPee5joR%2BM7fNqGYlDQnvTA%3D&t=4d5b0474&ps=13740610&shp=81f88b70&shcp=43f4a2f9&idc=my&ftpl=1,,57200.0,games,thaodangyeuuu04
https://www.tiktok.com/@plxhvn2/video/7525476265239891255,https://p16-sign.tiktokcdn-us.com/tos-useast5-p-0068-tx/okEBvi01fBA4BYBBIPQnAJAwij3ipN9gSBcAKI~tplv-photomode-zoomcover:720:720.jpeg?dr=14555&x-expires=1752836400&x-signature=FjodTKtnP2l39XvSCIZsVWvi6S8%3D&t=4d5b0474&ps=13740610&shp=81f88b70&shcp=43f4a2f9&idc=my&ftpl=1,,56900.0,outfit,plxhvn2
https://www.tiktok.com/@plxhvn2/video/7526262124897701133,https://p16-sign.tiktokcdn-us.com/tos-useast5-p-0068-tx/oQsJBAyiKJdfVPBOpwAVkIAOEAA0N8BmRE4BiB~tplv-photomode-zoomcover:720:720.jpeg?dr=14555&x-expires=1752836400&x-signature=Y8nekzklizCV%2BftLh1%2BUJL5lLOY%3D&t=4d5b0474&ps=13740610&shp=81f88b70&shcp=43f4a2f9&idc=my&ftpl=1,,70500.0,outfit,plxhvn2
https://www.tiktok.com/@taisuan/video/7518015637038435592,https://p16-sign-sg.tiktokcdn.com/tos-alisg-p-0037/o4ntIUyxiDA2W9fbzVFmBRoBFEbg6BEVQgfiVE~tplv-photomode-zoomcover:720:720.jpeg?dr=14555&x-expires=1752836400&x-signature=51m6TP%2FJYHZIxN%2FiN248JU5szMU%3D&t=4d5b0474&ps=13740610&shp=81f88b70&shcp=43f4a2f9&idc=my&ftpl=1,,466200.0,outfit,taisuan
https://www.tiktok.com/@haisanthanhvan/video/7525425296992963847,https://p16-sign-sg.tiktokcdn.com/tos-alisg-p-0037/oownfAeeo3IEzrjdIlA0EILImSXLkQvnGyD1CG~tplv-photomode-zoomcover:480:480.jpeg?dr=14555&x-expires=1752836400&x-signature=%2F5A6%2BFtaCtVQDiqzfzYzauHS3ic%3D&t=4d5b0474&ps=13740610&shp=81f88b70&shcp=43f4a2f9&idc=my&ftpl=1,,268100.0,food,haisanthanhvan
