url,thumbnail,description,likes,category,username
https://www.tiktok.com/@gum.cohy/video/7533086804333939986,https://p16-sign-sg.tiktokcdn.com/tos-alisg-p-0037/oQ3UMTIQQDARpeFeezLoVPUCgSx25IARGCcjRh~tplv-photomode-zoomcover:720:720.jpeg?dr=14555&x-expires=1754578800&x-signature=rGUrIDw%2F9cnuelyE9aK%2B2xDoEks%3D&t=4d5b0474&ps=13740610&shp=81f88b70&shcp=43f4a2f9&idc=my&ftpl=1,,59800.0,all,gum.cohy
https://www.tiktok.com/@tung6686868/video/7532693590963719431,https://p16-sign-sg.tiktokcdn.com/tos-alisg-p-0037/o0G7TdeHCViwRLJI1AUCAZocIEgDAQaAjv8ffW~tplv-photomode-zoomcover:720:720.jpeg?dr=14555&x-expires=1754578800&x-signature=DKSfq3N3k2DHa3JVtxNhhqtUJHE%3D&t=4d5b0474&ps=13740610&shp=81f88b70&shcp=43f4a2f9&idc=my&ftpl=1,,28200.0,all,tung6686868
https://www.tiktok.com/@thainho_96/video/7533604749019680007,https://p16-sign-sg.tiktokcdn.com/tos-alisg-p-0037/oYAACatMFY0IfA4i7CBlHIGnqRvIi7iwDQSCx2~tplv-photomode-zoomcover:720:720.jpeg?dr=14555&x-expires=1754578800&x-signature=SojNmWUgmlIhq0SfeLpDOxgiz3c%3D&t=4d5b0474&ps=13740610&shp=81f88b70&shcp=43f4a2f9&idc=my&ftpl=1,,276700.0,all,thainho_96
https://www.tiktok.com/@tranthituyetngan_9chu/video/7532821373366947073,https://p9-sign-sg.tiktokcdn.com/tos-alisg-p-0037/oQTFERIS0BuAPAM95zdJvXIEiBIiaI98VYnOW~tplv-photomode-zoomcover:720:720.jpeg?dr=14555&x-expires=1754578800&x-signature=2EsIAYKOOBjz%2FlhC8L3mqI1noE8%3D&t=4d5b0474&ps=13740610&shp=81f88b70&shcp=43f4a2f9&idc=my&ftpl=1,,30500.0,all,tranthituyetngan_9chu
https://www.tiktok.com/@islam.eldeh.babies/video/7532495700307807510,https://p16-pu-sign-no.tiktokcdn-eu.com/tos-no1a-p-0037-no/osVlMZ0kGgoe0jymAULuIqjxoDeeRlLgI9AoIE~tplv-photomode-zoomcover:720:720.jpeg?dr=14555&x-expires=1754578800&x-signature=YASzJLV8ViSjw0u%2BI1rlBnfA0Ro%3D&t=4d5b0474&ps=13740610&shp=81f88b70&shcp=43f4a2f9&idc=my&ftpl=1,,160900.0,all,islam.eldeh.babies
https://www.tiktok.com/@hettienroi1106/video/7532337951049633042,https://p16-sign-sg.tiktokcdn.com/tos-alisg-p-0037/oMI91iAIqB06RXC6PwlPA0YmIf9gIAAil1ImBG~tplv-photomode-zoomcover:720:720.jpeg?dr=14555&x-expires=1754578800&x-signature=Owg4dpSeyouMakfWzjhZUlaDWJA%3D&t=4d5b0474&ps=13740610&shp=81f88b70&shcp=43f4a2f9&idc=my&ftpl=1,,106700.0,all,hettienroi1106
https://www.tiktok.com/@baoanh.samsam/video/7530903993686478098,https://p16-sign-sg.tiktokcdn.com/tos-alisg-p-0037/oMfYn0QggDARhoB8WJXoDSeekUohDIAGMCkjFa~tplv-photomode-zoomcover:720:720.jpeg?dr=14555&x-expires=1754578800&x-signature=%2FYSf2%2B5D7fM9KhSDJhHgu%2BxKASk%3D&t=4d5b0474&ps=13740610&shp=81f88b70&shcp=43f4a2f9&idc=my&ftpl=1,,470100.0,all,baoanh.samsam
https://www.tiktok.com/@24h.sports/video/7531395269699570962,https://p16-sign-sg.tiktokcdn.com/tos-alisg-p-0037/okw4yBcao6BT4rqEBhFEgLDKChAV2FyIExffUO~tplv-photomode-zoomcover:720:720.jpeg?dr=14555&x-expires=1754578800&x-signature=z7zBK%2BRNe3%2BungYBOQ8M7ApnObE%3D&t=4d5b0474&ps=13740610&shp=81f88b70&shcp=43f4a2f9&idc=my&ftpl=1,,79700.0,all,24h.sports
https://www.tiktok.com/@huong_liiy/video/7532085168153136392,https://p16-sign-sg.tiktokcdn.com/tos-alisg-p-0037/okLiAVIP8FB9XVYADIIoKwS5vJWZdpsBbHaEi~tplv-photomode-zoomcover:720:720.jpeg?dr=14555&x-expires=1754578800&x-signature=%2FmtL%2F7N8KyaRzvYI7Iwob8SbuF8%3D&t=4d5b0474&ps=13740610&shp=81f88b70&shcp=43f4a2f9&idc=my&ftpl=1,,46300.0,all,huong_liiy
https://www.tiktok.com/@alexis_goye/video/7532603432293666070,https://p16-pu-sign-no.tiktokcdn-eu.com/tos-no1a-p-0037-no/okY7vCkDoBXzVeEFEvnSbAIIEFWSfi0g0RQdEN~tplv-photomode-zoomcover:720:720.jpeg?dr=14555&x-expires=1754578800&x-signature=wcKL9xEUCaQt9ePF276UzgcU26M%3D&t=4d5b0474&ps=13740610&shp=81f88b70&shcp=43f4a2f9&idc=my&ftpl=1,,7000000.0,all,alexis_goye
https://www.tiktok.com/@tuanjp1505/video/7533765076457655560,https://p16-sign-sg.tiktokcdn.com/tos-alisg-p-0037/o4F53cvojA1nBfsBEgcUGRTBUGNfIbVtEQSgED~tplv-photomode-zoomcover:720:720.jpeg?dr=14555&x-expires=1754578800&x-signature=1fpzb6KARVVYQLd3BiVNNjgjemk%3D&t=4d5b0474&ps=13740610&shp=81f88b70&shcp=43f4a2f9&idc=my&ftpl=1,,18500.0,all,tuanjp1505
https://www.tiktok.com/@thaygiao3172000/video/7533884671789206791,https://p16-sign-sg.tiktokcdn.com/tos-alisg-p-0037/oA2eANMbtgi7WIBeMQ8FGHVWHY1reuRoAQGYfg~tplv-photomode-zoomcover:720:720.jpeg?dr=14555&x-expires=1754578800&x-signature=EM4XO69e3wi9EjXKxMHP%2FU2D%2Fzw%3D&t=4d5b0474&ps=13740610&shp=81f88b70&shcp=43f4a2f9&idc=my&ftpl=1,,62400.0,all,thaygiao3172000
https://www.tiktok.com/@okwinbantinnhanh/video/7531351005389360391,https://p16-sign-sg.tiktokcdn.com/tos-alisg-p-0037/oYldIoQFHGA9uKnjfXL0DjRDGIeAPCpCQOe8EI~tplv-photomode-zoomcover:720:720.jpeg?dr=14555&x-expires=1754578800&x-signature=ZdgDWAd%2BBP6u1Ix1UHLmqVabel0%3D&t=4d5b0474&ps=13740610&shp=81f88b70&shcp=43f4a2f9&idc=my&ftpl=1,,24700.0,all,okwinbantinnhanh
https://www.tiktok.com/@hongdrama01_/video/7534148707541929223,https://p16-sign-sg.tiktokcdn.com/tos-alisg-p-0037/ocKfQ6CRDAoQxejMGIAFeDlAO7TGHLkhVomrrI~tplv-photomode-zoomcover:720:720.jpeg?dr=14555&x-expires=1754578800&x-signature=GF5xGxCs65tqtQureHJX808i%2FJw%3D&t=4d5b0474&ps=13740610&shp=81f88b70&shcp=43f4a2f9&idc=my&ftpl=1,,32800.0,all,hongdrama01_
https://www.tiktok.com/@giadunggiarebupbip/video/7532387305466694919,https://p16-sign-sg.tiktokcdn.com/tos-alisg-p-0037/okGEfiBumF8tABU3WolMRXgcoEEXfBIDIIaly2~tplv-photomode-zoomcover:720:720.jpeg?dr=14555&x-expires=1754578800&x-signature=KS0i72A9G9n9UgzO6vlE%2FcSV%2Bbg%3D&t=4d5b0474&ps=13740610&shp=81f88b70&shcp=43f4a2f9&idc=my&ftpl=1,,20700.0,all,giadunggiarebupbip
https://www.tiktok.com/@funnydouyin520/video/7531898665737211144,https://p16-sign-sg.tiktokcdn.com/tos-alisg-p-0037/ospfNA78qUCzNEQo8hFfBBgm4WGV3kILRVDmEd~tplv-photomode-zoomcover:720:720.jpeg?dr=14555&x-expires=1754578800&x-signature=HgFUUWXjMg0YL5GunEfzwQM%2FJx4%3D&t=4d5b0474&ps=13740610&shp=81f88b70&shcp=43f4a2f9&idc=my&ftpl=1,,460900.0,all,funnydouyin520
https://www.tiktok.com/@b.btep22/video/7532310022676679943,https://p16-sign-sg.tiktokcdn.com/tos-alisg-p-0037/oEaDBiIqgaBniB4IDgINjA56EqJIAviYvVbit~tplv-photomode-zoomcover:720:720.jpeg?dr=14555&x-expires=1754578800&x-signature=QwEfaskpC3lJLNEuCR6mQzLi5Hc%3D&t=4d5b0474&ps=13740610&shp=81f88b70&shcp=43f4a2f9&idc=my&ftpl=1,,7305.0,all,b.btep22
https://www.tiktok.com/@ngzxan_/video/7531731898025004306,https://p16-sign-sg.tiktokcdn.com/tos-alisg-p-0037/oERIU3JyQEinek3BhLoEMDIBhQzAc7jfgAmFkR~tplv-photomode-zoomcover:720:720.jpeg?dr=14555&x-expires=1754578800&x-signature=SYpHoeWkmgqfI9YDxSofrA51Yjw%3D&t=4d5b0474&ps=13740610&shp=81f88b70&shcp=43f4a2f9&idc=my&ftpl=1,,122700.0,all,ngzxan_
https://www.tiktok.com/@huynh1234567.89/video/7531452690543480071,https://p16-sign-sg.tiktokcdn.com/tos-alisg-p-0037/o4Qjf4RAimA3ydMFDDQp7CFeQtECMAfkEGIoHF~tplv-photomode-zoomcover:720:720.jpeg?dr=14555&x-expires=1754578800&x-signature=h5YyPa0awtv6ejLTCGYi4lrFDJ0%3D&t=4d5b0474&ps=13740610&shp=81f88b70&shcp=43f4a2f9&idc=my&ftpl=1,,33900.0,all,huynh1234567.89
https://www.tiktok.com/@thaynamlumvechai/video/7532007214622493960,https://p16-sign-sg.tiktokcdn.com/tos-alisg-p-0037/o00TqQHqwAtE4AiIyAQIKKzCqQCdwDfyEgEBiz~tplv-photomode-zoomcover:720:720.jpeg?dr=14555&x-expires=1754578800&x-signature=c%2B3CFP4Ud7a5QSBjKlamuPK4hhA%3D&t=4d5b0474&ps=13740610&shp=81f88b70&shcp=43f4a2f9&idc=my&ftpl=1,,4108.0,all,thaynamlumvechai
https://www.tiktok.com/@mustsharenews/video/7532415311857847572,https://p16-sign-sg.tiktokcdn.com/tos-alisg-p-0037/oAA4BgwoGQE4GReeAyLAwsWNvJeMiAGIIfAbJI~tplv-photomode-zoomcover:720:720.jpeg?dr=14555&x-expires=1754578800&x-signature=47yfSbBRV39%2BitMfGq4ZoxnZnfQ%3D&t=4d5b0474&ps=13740610&shp=81f88b70&shcp=43f4a2f9&idc=my&ftpl=1,,381500.0,all,mustsharenews
https://www.tiktok.com/@oanhgau188/video/7530862545779903752,https://p9-sign-sg.tiktokcdn.com/tos-alisg-p-0037/oUeGQR8JmSjysH3F28FyQizfAEL5GiAfCeGAPI~tplv-photomode-zoomcover:720:720.jpeg?dr=14555&x-expires=1754578800&x-signature=iRGUgpqVLUieyj3vDcQP8bi99g4%3D&t=4d5b0474&ps=13740610&shp=81f88b70&shcp=43f4a2f9&idc=my&ftpl=1,,161200.0,all,oanhgau188
https://www.tiktok.com/@okwintintuctonghop/video/7532086913075891463,https://p16-sign-sg.tiktokcdn.com/tos-alisg-p-0037/ogvDSiZIBAAHiUBJWmESCaYWX3CIEl0VPBFdX~tplv-photomode-zoomcover:720:720.jpeg?dr=14555&x-expires=1754578800&x-signature=STsqSN4gdVb05E8Lf8ZMwi7YdMo%3D&t=4d5b0474&ps=13740610&shp=81f88b70&shcp=43f4a2f9&idc=my&ftpl=1,,33700.0,all,okwintintuctonghop
https://www.tiktok.com/@th.nghiane/video/7533181148554415361,https://p9-sign-sg.tiktokcdn.com/tos-alisg-p-0037/oQD0qR3dHALzDIISwIi0RPoB8f6SUGZiACAuLI~tplv-photomode-zoomcover:720:720.jpeg?dr=14555&x-expires=1754578800&x-signature=S3O8dbD2OcOCdnlTjzVbMoZ%2B3vM%3D&t=4d5b0474&ps=13740610&shp=81f88b70&shcp=43f4a2f9&idc=my&ftpl=1,,102000.0,all,th.nghiane
https://www.tiktok.com/@bacgau1989/video/7533798908116438280,https://p16-sign-sg.tiktokcdn.com/tos-alisg-p-0037/oM1NuiEqbI4V1ADBIjaiEDYIID5Sym0abAPBc~tplv-photomode-zoomcover:720:720.jpeg?dr=14555&x-expires=1754578800&x-signature=stFPzUwonNdxftIaHtb5Tuj3ueM%3D&t=4d5b0474&ps=13740610&shp=81f88b70&shcp=43f4a2f9&idc=my&ftpl=1,,180000.0,all,bacgau1989
https://www.tiktok.com/@6chs_1/video/7529415653778935060,https://p16-sign-sg.tiktokcdn.com/tos-alisg-p-0037/o4qAPt5ANu1BG03cA2hI7Sf3CAAi92i0wEtImb~tplv-photomode-zoomcover:720:720.jpeg?dr=14555&x-expires=1754578800&x-signature=LfvwtQseSyRQSOIqZ%2FSpGXkvvTs%3D&t=4d5b0474&ps=13740610&shp=81f88b70&shcp=43f4a2f9&idc=my&ftpl=1,,32900.0,all,6chs_1
https://www.tiktok.com/@con_la_min_ne/video/7528777415246613781,https://p16-sign-sg.tiktokcdn.com/tos-alisg-p-0037/osD2AQ5EXecEISFjpyIAcWAoOlAfo1t7ABeEzD~tplv-photomode-zoomcover:720:720.jpeg?dr=14555&x-expires=1754578800&x-signature=lHPUCZw%2B2eurEQmsepbFxkYcguc%3D&t=4d5b0474&ps=13740610&shp=81f88b70&shcp=43f4a2f9&idc=my&ftpl=1,,267200.0,all,con_la_min_ne
https://www.tiktok.com/@dvoeplay/video/7531384043502406913,https://p16-sign-sg.tiktokcdn.com/tos-alisg-p-0037/ooADAf7JDaRQeEBAfEGb9IhlgCsrIPLAAI8EoS~tplv-photomode-zoomcover:720:720.jpeg?dr=14555&x-expires=1754578800&x-signature=cIKJqA0CnrxRAwlKGwtwFRrhnSM%3D&t=4d5b0474&ps=13740610&shp=81f88b70&shcp=43f4a2f9&idc=my&ftpl=1,,815300.0,all,dvoeplay
https://www.tiktok.com/@gia_dung_viet_nam/video/7528424763036208391,https://p16-sign-sg.tiktokcdn.com/tos-alisg-p-0037/o8Z6s0VIiE8SAilBxAKEAwAVC4APBqB5CInfIm~tplv-photomode-zoomcover:720:720.jpeg?dr=14555&x-expires=1754578800&x-signature=yDjBbNyUt3iuT3XlLRg4%2B0n4WuM%3D&t=4d5b0474&ps=13740610&shp=81f88b70&shcp=43f4a2f9&idc=my&ftpl=1,,111700.0,all,gia_dung_viet_nam
https://www.tiktok.com/@po.trann77/video/7533239824380169493,https://p16-sign-sg.tiktokcdn.com/tos-alisg-p-0037/okTNIoyG5GA34PAiAuLeDjRAEIdAXEeFQseYWI~tplv-photomode-zoomcover:720:720.jpeg?dr=14555&x-expires=1754578800&x-signature=UBUqzkoxe0pcIs5eXH9EI9JUhJY%3D&t=4d5b0474&ps=13740610&shp=81f88b70&shcp=43f4a2f9&idc=my&ftpl=1,,58500.0,all,po.trann77
https://www.tiktok.com/@shaga_lin/video/7525286606220037381,"data:image/gif;base64,R0lGODlhAQABAIAAAAAAAP///yH5BAEAAAAALAAAAAABAAEAAAIBRAA7",,1500000.0,all,shaga_lin
https://www.tiktok.com/@elena.in.vietnam/video/7533202828987239687,"data:image/gif;base64,R0lGODlhAQABAIAAAAAAAP///yH5BAEAAAAALAAAAAABAAEAAAIBRAA7",,16600.0,all,elena.in.vietnam
https://www.tiktok.com/@nhatduyy_2/video/7532095738738691335,https://p16-sign-sg.tiktokcdn.com/tos-alisg-p-0037/osGI4aTIvdAIiAAiiBBxhAYIWEVHHOYOEzMKI~tplv-photomode-zoomcover:720:720.jpeg?dr=14555&x-expires=1754578800&x-signature=nri3CF4IX7uYshPRgJ%2FRycqk2qc%3D&t=4d5b0474&ps=13740610&shp=81f88b70&shcp=43f4a2f9&idc=my&ftpl=1,,137100.0,all,nhatduyy_2
https://www.tiktok.com/@ttinflyou/video/7533541363539873042,https://p9-sign-sg.tiktokcdn.com/tos-alisg-p-0037/o8zifWfREAoQFGHrAQLAMDQGleUMMegIGRFoyg~tplv-photomode-zoomcover:720:720.jpeg?dr=14555&x-expires=1754578800&x-signature=fMvIgEcwwfNG5cPT2S6MeGgYIaM%3D&t=4d5b0474&ps=13740610&shp=81f88b70&shcp=43f4a2f9&idc=my&ftpl=1,,112200.0,all,ttinflyou
https://www.tiktok.com/@tuanduowng/video/7526530488727637255,https://p16-sign-sg.tiktokcdn.com/tos-alisg-p-0037/o4MzvUsEifRHDILIYBFoAmdDg5UzABa6f5cEuk~tplv-photomode-zoomcover:720:720.jpeg?dr=14555&x-expires=1754578800&x-signature=zSaL8sZmUSEDutctFK5s7Zt8CmA%3D&t=4d5b0474&ps=13740610&shp=81f88b70&shcp=43f4a2f9&idc=my&ftpl=1,,371600.0,all,tuanduowng
https://www.tiktok.com/@phamvusongthu/video/7534235877854219536,https://p16-sign-sg.tiktokcdn.com/tos-alisg-p-0037/o8YR9jE0MROkvdQ1EjuC9fgIDfA9FBDlXBmovQ~tplv-photomode-zoomcover:720:720.jpeg?dr=14555&x-expires=1754578800&x-signature=G99zkiRw73PP9gFvbkTcdbPFACw%3D&t=4d5b0474&ps=13740610&shp=81f88b70&shcp=43f4a2f9&idc=my&ftpl=1,,47400.0,all,phamvusongthu
https://www.tiktok.com/@mihquan1404/video/7530896025637129479,https://p16-sign-sg.tiktokcdn.com/tos-alisg-p-0037/oAPiaFAYBsidBMuDOvEIIOjcAMoKHzdQh3IVJ~tplv-photomode-zoomcover:720:720.jpeg?dr=14555&x-expires=1754578800&x-signature=QkS25b6idmBNppPc6mDCU7szqws%3D&t=4d5b0474&ps=13740610&shp=81f88b70&shcp=43f4a2f9&idc=my&ftpl=1,,255600.0,all,mihquan1404
https://www.tiktok.com/@quangtho88ss/video/7529811623813319954,https://p16-sign-sg.tiktokcdn.com/tos-alisg-p-0037/o4DylEoBOQQfyFaI5owf7nW8Ls3ACjAqfQI0AD~tplv-photomode-zoomcover:720:720.jpeg?dr=14555&x-expires=1754578800&x-signature=zgi45CpzJNhy7m02p0Jr07r44hY%3D&t=4d5b0474&ps=13740610&shp=81f88b70&shcp=43f4a2f9&idc=my&ftpl=1,,18200.0,all,quangtho88ss
https://www.tiktok.com/@_quan_1108/video/7530279496423836935,https://p16-sign-sg.tiktokcdn.com/tos-alisg-p-0037/oMIpfvgAo1AL8Id2cbju9AeMeoGhDCVgkKqRNB~tplv-photomode-zoomcover:720:720.jpeg?dr=14555&x-expires=1754578800&x-signature=0AbvJfg%2FDxu%2FkA%2FgmZC0fgxiVVc%3D&t=4d5b0474&ps=13740610&shp=81f88b70&shcp=43f4a2f9&idc=my&ftpl=1,,89300.0,all,_quan_1108
https://www.tiktok.com/@minhthien10.12/video/7527960913727540498,https://p16-sign-sg.tiktokcdn.com/tos-alisg-p-0037/oY7BQ4ED7tfDBx4HYQLxImYQScFn5jAe4UC4fA~tplv-photomode-zoomcover:720:720.jpeg?dr=14555&x-expires=1754578800&x-signature=jvquhOzJVSorLjbPvgTrED2xzsI%3D&t=4d5b0474&ps=13740610&shp=81f88b70&shcp=43f4a2f9&idc=my&ftpl=1,,121300.0,all,minhthien10.12
https://www.tiktok.com/@mia.photo/video/7531618259502648583,https://p16-sign-sg.tiktokcdn.com/tos-alisg-p-0037/oYYdJAKB0BrybgtiiAAt7AE0CAUFfQkwWIIuC0~tplv-photomode-zoomcover:720:720.jpeg?dr=14555&x-expires=1754578800&x-signature=2LAShHURNI0YlvcS9JpJZWKt17c%3D&t=4d5b0474&ps=13740610&shp=81f88b70&shcp=43f4a2f9&idc=my&ftpl=1,,31700.0,all,mia.photo
https://www.tiktok.com/@xiuxiu2802/video/7532445807233076481,https://p16-sign-sg.tiktokcdn.com/tos-alisg-p-0037/o0EIIFRgTEAeDWDkIfVFAoAAEVnbDEg5CCeAj7~tplv-photomode-zoomcover:720:720.jpeg?dr=14555&x-expires=1754578800&x-signature=d4%2F6KyN%2BOwdO83e81J4n0Fm%2F4zk%3D&t=4d5b0474&ps=13740610&shp=81f88b70&shcp=43f4a2f9&idc=my&ftpl=1,,19500.0,all,xiuxiu2802
https://www.tiktok.com/@vudacduy/video/7531361700474391825,https://p16-sign-sg.tiktokcdn.com/tos-alisg-p-0037/oM6EIJcRME6MHmDgBOgFfhZpEfxVoiEBHBViEA~tplv-photomode-zoomcover:720:720.jpeg?dr=14555&x-expires=1754578800&x-signature=%2BWKd6OvBfvetisiQhhJwYmf6LMU%3D&t=4d5b0474&ps=13740610&shp=81f88b70&shcp=43f4a2f9&idc=my&ftpl=1,,54200.0,all,vudacduy
https://www.tiktok.com/@hamidangdihoc2013/video/7533064561394584839,https://p16-sign-sg.tiktokcdn.com/tos-alisg-p-0037/ooYlCBn9KI7qYSba7AIlOAi0rPAEEAVz3iATB~tplv-photomode-zoomcover:720:720.jpeg?dr=14555&x-expires=1754578800&x-signature=ISvkcLU8BB0Qo7sLlC8vDDRTPF4%3D&t=4d5b0474&ps=13740610&shp=81f88b70&shcp=43f4a2f9&idc=my&ftpl=1,,66100.0,all,hamidangdihoc2013
https://www.tiktok.com/@safari.animal6/video/7532439753422032135,https://p16-sign-sg.tiktokcdn.com/tos-alisg-p-0037/oUiImSII2GFb57BNAwfuidAqGvI0hFMQAER0mC~tplv-photomode-zoomcover:720:720.jpeg?dr=14555&x-expires=1754578800&x-signature=4kmYXHAIeN3WfpcCIhR9VjS4J04%3D&t=4d5b0474&ps=13740610&shp=81f88b70&shcp=43f4a2f9&idc=my&ftpl=1,,8142.0,all,safari.animal6
https://www.tiktok.com/@dngoththu/video/7522146858840460562,https://p16-sign-sg.tiktokcdn.com/tos-alisg-p-0037/o0EiLBaIK6G9YUtaojIAAXPGBAk4isBFC4VQI~tplv-photomode-zoomcover:720:720.jpeg?dr=14555&x-expires=1754578800&x-signature=X9iaaJUgRG%2FhJfHNNn2VWsHOP%2Fs%3D&t=4d5b0474&ps=13740610&shp=81f88b70&shcp=43f4a2f9&idc=my&ftpl=1,,75800.0,all,dngoththu
https://www.tiktok.com/@quyphuonghoang1991/video/7532481439649123592,https://p16-sign-sg.tiktokcdn.com/tos-alisg-p-0037/oIQpIByGUBM7RfrGQivAffMDWT8sAFfLRAmFj1~tplv-photomode-zoomcover:720:720.jpeg?dr=14555&x-expires=1754578800&x-signature=ghBO0xL0JSst4fe9p2FzHo0CzcM%3D&t=4d5b0474&ps=13740610&shp=81f88b70&shcp=43f4a2f9&idc=my&ftpl=1,,18200.0,all,quyphuonghoang1991
https://www.tiktok.com/@nganchip512/video/7532782322664344840,https://p16-sign-sg.tiktokcdn.com/tos-alisg-p-0037/o8AAIaFJT80IfABB6yBOuIwqqR0IiiiwZDHCjR~tplv-photomode-zoomcover:720:720.jpeg?dr=14555&x-expires=1754578800&x-signature=KB774rXaD3EKIalnZ6sVqDSzCOU%3D&t=4d5b0474&ps=13740610&shp=81f88b70&shcp=43f4a2f9&idc=my&ftpl=1,,22300.0,all,nganchip512
https://www.tiktok.com/@fjv723/video/7533147570869243144,https://p16-sign-sg.tiktokcdn.com/tos-alisg-p-0037/oM4x5YghUEroq3uoAgBfQOIWf2EE9BBUdDtRiF~tplv-photomode-zoomcover:720:720.jpeg?dr=14555&x-expires=1754578800&x-signature=ekymn2jRdBfoD2BfGp7EicCZ55U%3D&t=4d5b0474&ps=13740610&shp=81f88b70&shcp=43f4a2f9&idc=my&ftpl=1,,328900.0,all,fjv723
https://www.tiktok.com/@nhungduatretainang/video/7532553333328842002,https://p16-sign-sg.tiktokcdn.com/tos-alisg-p-0037/ooCAIkNyIEEvgvPYVYaiBJBlVoiCAAIkWAAAB~tplv-photomode-zoomcover:720:720.jpeg?dr=14555&x-expires=1754578800&x-signature=lFCbbnn6bDrcxYK8CGox9F41IQQ%3D&t=4d5b0474&ps=13740610&shp=81f88b70&shcp=43f4a2f9&idc=my&ftpl=1,,181700.0,all,nhungduatretainang
https://www.tiktok.com/@bongdavadoisong/video/7533633123913895176,https://p16-sign-sg.tiktokcdn.com/tos-alisg-p-0037/oMuMu0m2idVmAiOCaAKEAwA1qLARBlB6BIxfKd~tplv-photomode-zoomcover:720:720.jpeg?dr=14555&x-expires=1754578800&x-signature=fYYKNWEsECYUuoDgo8SZ0Ql10kM%3D&t=4d5b0474&ps=13740610&shp=81f88b70&shcp=43f4a2f9&idc=my&ftpl=1,,87300.0,all,bongdavadoisong
https://www.tiktok.com/@tamtrangcuocsongodoi/video/7532859996132920583,https://p16-sign-sg.tiktokcdn.com/tos-alisg-p-0037/oMoVUWKG8BrEhAFR2BaIJERAviEogKfOEgGDEe~tplv-photomode-zoomcover:720:720.jpeg?dr=14555&x-expires=1754578800&x-signature=XD1C%2BZGM3Y1%2FgEOGN9ao5441f3k%3D&t=4d5b0474&ps=13740610&shp=81f88b70&shcp=43f4a2f9&idc=my&ftpl=1,,8470.0,all,tamtrangcuocsongodoi
https://www.tiktok.com/@60giay.com/video/7532525776672001298,https://p16-sign-sg.tiktokcdn.com/tos-alisg-p-0037/oUAGAepHeCiA4JiAWRY53hvmQINWgvvAAeAJof~tplv-photomode-zoomcover:720:720.jpeg?dr=14555&x-expires=1754578800&x-signature=pusyrOdEtYTLxj1PHhtGjaH1Dlw%3D&t=4d5b0474&ps=13740610&shp=81f88b70&shcp=43f4a2f9&idc=my&ftpl=1,,70800.0,all,60giay.com
https://www.tiktok.com/@quynmei_26/video/7532586641186131207,https://p16-sign-sg.tiktokcdn.com/tos-alisg-p-0037/oIOo2zfHFAp4DRHjgIiziHcBKfzoy6RiBEBWJI~tplv-photomode-zoomcover:720:720.jpeg?dr=14555&x-expires=1754578800&x-signature=KHPQ9kCPQoXZgfK%2F8PN1Xoox5gY%3D&t=4d5b0474&ps=13740610&shp=81f88b70&shcp=43f4a2f9&idc=my&ftpl=1,,107500.0,all,quynmei_26
https://www.tiktok.com/@truongxuannguyenn/video/7530550563738602759,https://p16-sign-sg.tiktokcdn.com/tos-alisg-p-0037/owcfqAeLoAQGKxjEIZAtQALIBAHXDRDeGrD8CO~tplv-photomode-zoomcover:720:720.jpeg?dr=14555&x-expires=1754578800&x-signature=darXMPVE1OYAe8sR%2FcIUx65h2JQ%3D&t=4d5b0474&ps=13740610&shp=81f88b70&shcp=43f4a2f9&idc=my&ftpl=1,,68500.0,all,truongxuannguyenn
https://www.tiktok.com/@shopt1.com/video/7532069151125376269,https://p19-sign.tiktokcdn-us.com/tos-useast5-p-0068-tx/o8PC94LaSBShwLWBPREIIHzmU5d6AIgiDIVAi~tplv-photomode-zoomcover:720:720.jpeg?dr=14555&x-expires=1754578800&x-signature=sKPAxJke3r%2B9nVFvl2cJqd3UKc0%3D&t=4d5b0474&ps=13740610&shp=81f88b70&shcp=43f4a2f9&idc=my&ftpl=1,,33800.0,all,shopt1.com
https://www.tiktok.com/@lanngoc7008/video/7531676482834304264,https://p9-sign-sg.tiktokcdn.com/tos-alisg-p-0037/oIiTQ1LGdFmI4ALGfGmQH7fCjFRgAIe8kexGIk~tplv-photomode-zoomcover:720:720.jpeg?dr=14555&x-expires=1754578800&x-signature=rBcq8EFglWr9BLx%2BtxdWhTGdp4A%3D&t=4d5b0474&ps=13740610&shp=81f88b70&shcp=43f4a2f9&idc=my&ftpl=1,,58200.0,all,lanngoc7008
https://www.tiktok.com/@seedobeely/video/7532051445420510471,https://p9-sign-sg.tiktokcdn.com/tos-alisg-p-0037/osO8CimCiIGIwIQ55HfxzxuAICa00BoUACnOAv~tplv-photomode-zoomcover:720:720.jpeg?dr=14555&x-expires=1754578800&x-signature=%2FdftJS8Ba%2B2CpBE%2Ftb0bJShP1XY%3D&t=4d5b0474&ps=13740610&shp=81f88b70&shcp=43f4a2f9&idc=my&ftpl=1,,43900.0,all,seedobeely
https://www.tiktok.com/@_pquyennn_/video/7524716894645947655,https://p9-sign-sg.tiktokcdn.com/tos-alisg-p-0037/oEX9InOBYPCtuiGAAIKl0B6AasEu8jpA5iVYF~tplv-photomode-zoomcover:720:720.jpeg?dr=14555&x-expires=1754578800&x-signature=c6XRzqY3ok08wOiME8paun0vJTM%3D&t=4d5b0474&ps=13740610&shp=81f88b70&shcp=43f4a2f9&idc=my&ftpl=1,,157900.0,all,_pquyennn_
https://www.tiktok.com/@v.vn.m75/video/7532503589961354514,https://p16-sign-sg.tiktokcdn.com/tos-alisg-p-0037/oYfqDBKMRUDfCGyRC0LIAgGrIEAjUcrQImeFoa~tplv-photomode-zoomcover:720:720.jpeg?dr=14555&x-expires=1754578800&x-signature=8TGjVb3%2FA14fj7WMtBzOSDxyuCo%3D&t=4d5b0474&ps=13740610&shp=81f88b70&shcp=43f4a2f9&idc=my&ftpl=1,,2664.0,all,v.vn.m75
https://www.tiktok.com/@on35747/video/7531220135596592391,"data:image/gif;base64,R0lGODlhAQABAIAAAAAAAP///yH5BAEAAAAALAAAAAABAAEAAAIBRAA7",,16100.000000000002,all,on35747
https://www.tiktok.com/@nguyenchinguyen1997/video/7532724164856237330,"data:image/gif;base64,R0lGODlhAQABAIAAAAAAAP///yH5BAEAAAAALAAAAAABAAEAAAIBRAA7",,160900.0,all,nguyenchinguyen1997
https://www.tiktok.com/@ac.phu_mun/video/7533512347982335240,https://p16-sign-sg.tiktokcdn.com/tos-alisg-p-0037/osqARyzAqjgBl69bCo0IZfPSC2AiMai0wIZIUr~tplv-photomode-zoomcover:720:720.jpeg?dr=14555&x-expires=1754578800&x-signature=BrTGg5EH%2FzuQIiNcEIB51hwX%2FQY%3D&t=4d5b0474&ps=13740610&shp=81f88b70&shcp=43f4a2f9&idc=my&ftpl=1,,41600.0,singing-and-dancing,ac.phu_mun
https://www.tiktok.com/@babykopohome/video/7527661280593710356,https://p16-sign-sg.tiktokcdn.com/tos-alisg-p-0037/ocesI7vEj4KfDfzyQADz9QH7QA3QFuDrbmCDFC~tplv-photomode-zoomcover:720:720.jpeg?dr=14555&x-expires=1754578800&x-signature=AhIo8IVH4FO81ydsg4C6WxoOhgs%3D&t=4d5b0474&ps=13740610&shp=81f88b70&shcp=43f4a2f9&idc=my&ftpl=1,,110500.0,singing-and-dancing,babykopohome
https://www.tiktok.com/@maikaheree/video/7527896028419493128,https://p16-sign-sg.tiktokcdn.com/tos-alisg-p-0037/o4bBGMeGQQeIGohRxdQmZ4Td4FZAkIWfLGyfQA~tplv-photomode-zoomcover:720:720.jpeg?dr=14555&x-expires=1754578800&x-signature=gLe1Apa3J27%2FsdHYHB4lE62Mpc0%3D&t=4d5b0474&ps=13740610&shp=81f88b70&shcp=43f4a2f9&idc=my&ftpl=1,,247000.0,singing-and-dancing,maikaheree
https://www.tiktok.com/@minh.phc.55/video/7532047528468942088,https://p16-sign-sg.tiktokcdn.com/tos-alisg-p-0037/owGOlnADeAIe0q04BGjRuqCkaIDoLIE9em1QHu~tplv-photomode-zoomcover:720:720.jpeg?dr=14555&x-expires=1754578800&x-signature=s9ULlwTZEC2CEXPRylaRC2q5vWU%3D&t=4d5b0474&ps=13740610&shp=81f88b70&shcp=43f4a2f9&idc=my&ftpl=1,,27700.0,singing-and-dancing,minh.phc.55
https://www.tiktok.com/@nhaccover0102/video/7533238506416524566,https://p16-pu-sign-no.tiktokcdn-eu.com/tos-no1a-p-0037-no/ooROQLPIADEjNAtf2cyDfFIzDLI3eQcijuFy9C~tplv-photomode-zoomcover:720:720.jpeg?dr=14555&x-expires=1754578800&x-signature=WFfHLpiyu7a2VxTE71J8wQuBLO8%3D&t=4d5b0474&ps=13740610&shp=81f88b70&shcp=43f4a2f9&idc=my&ftpl=1,,55700.0,singing-and-dancing,nhaccover0102
https://www.tiktok.com/@ngocxinkk47/video/7530478449773907218,https://p16-sign-sg.tiktokcdn.com/tos-alisg-p-0037/ogoKIBOEADE7igPJXoTBfFkfIBUTlI4PRago2G~tplv-photomode-zoomcover:720:720.jpeg?dr=14555&x-expires=1754578800&x-signature=d7BWShjNyPSXcgLOnDJnnRjFu54%3D&t=4d5b0474&ps=13740610&shp=81f88b70&shcp=43f4a2f9&idc=my&ftpl=1,,184300.0,singing-and-dancing,ngocxinkk47
https://www.tiktok.com/@bchinhk.16/video/7531611181648186642,https://p16-sign-sg.tiktokcdn.com/tos-alisg-p-0037/oYHEUfaFwgpRDGAIAArEA6CUqBhFEdayofhaAC~tplv-photomode-zoomcover:720:720.jpeg?dr=14555&x-expires=1754578800&x-signature=dT5Kq%2FpUIP4tV%2BL3OfvxRD9wFQk%3D&t=4d5b0474&ps=13740610&shp=81f88b70&shcp=43f4a2f9&idc=my&ftpl=1,,74300.0,singing-and-dancing,bchinhk.16
https://www.tiktok.com/@laman969696/video/7530056876705336594,https://p16-sign-sg.tiktokcdn.com/tos-alisg-p-0037/owAiVHwt5FBEIByoiAI1YaA3OhIY0uEP6AA8T~tplv-photomode-zoomcover:720:720.jpeg?dr=14555&x-expires=1754578800&x-signature=9ZIJyl2R%2Bva3neDifj9cdmboQZU%3D&t=4d5b0474&ps=13740610&shp=81f88b70&shcp=43f4a2f9&idc=my&ftpl=1,,23000.0,singing-and-dancing,laman969696
https://www.tiktok.com/@changoc_210.3/video/7531398487364177160,https://p16-sign-sg.tiktokcdn.com/tos-alisg-p-0037/oI94IoAMPGAgzPAeAcLeDjRAEIMAuEPCQXe9JI~tplv-photomode-zoomcover:720:720.jpeg?dr=14555&x-expires=1754578800&x-signature=xsx1fzX6UMm2jh6T0tmXgvI5s1M%3D&t=4d5b0474&ps=13740610&shp=81f88b70&shcp=43f4a2f9&idc=my&ftpl=1,,227200.0,singing-and-dancing,changoc_210.3
https://www.tiktok.com/@quynhanh24250490/video/7528035836617608455,https://p16-sign-sg.tiktokcdn.com/tos-alisg-p-0037/o0FPLfoQeAdJD8ZFE2KPpj9Cot4fQ1VSIHGAQD~tplv-photomode-zoomcover:720:720.jpeg?dr=14555&x-expires=1754578800&x-signature=S%2BAuEpWtnaxCM3P4xZPa0NVy7KY%3D&t=4d5b0474&ps=13740610&shp=81f88b70&shcp=43f4a2f9&idc=my&ftpl=1,,105500.0,singing-and-dancing,quynhanh24250490
https://www.tiktok.com/@binhanndayne/video/7533101695807589650,https://p16-sign-sg.tiktokcdn.com/tos-alisg-p-0037/os60fLCRIQUQAVKteVegGPFAGmKeiGQmGHRDF4~tplv-photomode-zoomcover:720:720.jpeg?dr=14555&x-expires=1754578800&x-signature=QPFwC2KJ4KuJOUE6xzcE1umiVU0%3D&t=4d5b0474&ps=13740610&shp=81f88b70&shcp=43f4a2f9&idc=my&ftpl=1,,218400.0,singing-and-dancing,binhanndayne
https://www.tiktok.com/@thngan.do/video/7526170561974635783,https://p16-sign-sg.tiktokcdn.com/tos-alisg-p-0037/o4LgUsVCAeREl4UoRkWCB0WlEEIIEAFyABAcfD~tplv-photomode-zoomcover:720:720.jpeg?dr=14555&x-expires=1754578800&x-signature=1dYJkd%2B43TZMygyj0L4tRMK%2FW2I%3D&t=4d5b0474&ps=13740610&shp=81f88b70&shcp=43f4a2f9&idc=my&ftpl=1,,98500.0,singing-and-dancing,thngan.do
https://www.tiktok.com/@proudkasambahay8/video/7532693366186773768,https://p16-sign-sg.tiktokcdn.com/tos-alisg-p-0037/owPJgY8EBvRdCIkERBFoAgiDgeURzBXLfXiEjx~tplv-photomode-zoomcover:720:720.jpeg?dr=14555&x-expires=1754578800&x-signature=OcxuM4e1vnWULMOALuiFxF8H0E0%3D&t=4d5b0474&ps=13740610&shp=81f88b70&shcp=43f4a2f9&idc=my&ftpl=1,,3500000.0,singing-and-dancing,proudkasambahay8
https://www.tiktok.com/@anhthoidai/video/7531576356040117522,https://p16-sign-sg.tiktokcdn.com/tos-alisg-p-0037/osoAAEChvEfiDaRgrXxtISQeFMlN8BA2jMCEeo~tplv-photomode-zoomcover:720:720.jpeg?dr=14555&x-expires=1754578800&x-signature=L%2FfLGed%2BqkDZU%2FopCSeZLF6y5fc%3D&t=4d5b0474&ps=13740610&shp=81f88b70&shcp=43f4a2f9&idc=my&ftpl=1,,102200.0,singing-and-dancing,anhthoidai
https://www.tiktok.com/@dungtran.9999/video/7532119576528588052,https://p16-sign-sg.tiktokcdn.com/tos-alisg-p-0037/oI6jt8CuIilpNK3A7d0CHBuAQIC7qMGfwAUiaI~tplv-photomode-zoomcover:720:720.jpeg?dr=14555&x-expires=1754578800&x-signature=8PXkG%2B2RYdi2isYOOI2%2BywJdeZQ%3D&t=4d5b0474&ps=13740610&shp=81f88b70&shcp=43f4a2f9&idc=my&ftpl=1,,20700.0,singing-and-dancing,dungtran.9999
https://www.tiktok.com/@chelya807/video/7524521145576508680,https://p9-sign-sg.tiktokcdn.com/tos-alisg-p-0037/osAwDIEQoIhCfjRg0kYeCL82LGmeQOQzQ2h1bA~tplv-photomode-zoomcover:720:720.jpeg?dr=14555&x-expires=1754578800&x-signature=j9NMqCvkEMmZGWqOSdBfN6MN25s%3D&t=4d5b0474&ps=13740610&shp=81f88b70&shcp=43f4a2f9&idc=my&ftpl=1,,147300.0,singing-and-dancing,chelya807
https://www.tiktok.com/@ac.phu_mun/video/7533720948734741767,https://p9-sign-sg.tiktokcdn.com/tos-alisg-p-0037/ocWC80G7IIE0SPLHoYaiBNBV1PidAyIMIXJAn~tplv-photomode-zoomcover:720:720.jpeg?dr=14555&x-expires=1754578800&x-signature=XzH4zx4YrWl4skhryBnTHAU%2BaiI%3D&t=4d5b0474&ps=13740610&shp=81f88b70&shcp=43f4a2f9&idc=my&ftpl=1,,68700.0,singing-and-dancing,ac.phu_mun
https://www.tiktok.com/@16_nbt/video/7533250790421531922,https://p16-sign-sg.tiktokcdn.com/tos-alisg-p-0037/ogoGUgWKiBkQ3AFRlB0Q37tLHiEZgbfE8ueDEO~tplv-photomode-zoomcover:720:720.jpeg?dr=14555&x-expires=1754578800&x-signature=rjxsUHcr1ekL6%2FkYS%2BPOfoWx5Cs%3D&t=4d5b0474&ps=13740610&shp=81f88b70&shcp=43f4a2f9&idc=my&ftpl=1,,65400.00000000001,singing-and-dancing,16_nbt
https://www.tiktok.com/@megau170819/video/7532075106852474128,https://p9-sign-sg.tiktokcdn.com/tos-alisg-p-0037/ocsH6Hwr3VPEoIridSn6r4YTBDIaAixMNBhAI~tplv-photomode-zoomcover:720:720.jpeg?dr=14555&x-expires=1754578800&x-signature=sg11yNiR9lX1gz%2BsNP%2BejLnhh3U%3D&t=4d5b0474&ps=13740610&shp=81f88b70&shcp=43f4a2f9&idc=my&ftpl=1,,39300.0,singing-and-dancing,megau170819
https://www.tiktok.com/@khanhlinhtran02/video/7527650880422726919,https://p16-sign-sg.tiktokcdn.com/tos-alisg-p-0037/oMt0OABXEABiAB2mfCAwInAid83MUSotp8GIKl~tplv-photomode-zoomcover:720:720.jpeg?dr=14555&x-expires=1754578800&x-signature=C0rhtPEI6tZHovYh4vTctoByM4g%3D&t=4d5b0474&ps=13740610&shp=81f88b70&shcp=43f4a2f9&idc=my&ftpl=1,,137500.0,singing-and-dancing,khanhlinhtran02
https://www.tiktok.com/@dannyd1103/video/7529387849272020242,https://p16-sign-sg.tiktokcdn.com/tos-alisg-p-0037/oAvUIf9EjoyfaHVGwAFciQrfQAqQdoDGZKmDFC~tplv-photomode-zoomcover:720:720.jpeg?dr=14555&x-expires=1754578800&x-signature=QiTVn6s8Uhw448IcfUJz0TVMj3Y%3D&t=4d5b0474&ps=13740610&shp=81f88b70&shcp=43f4a2f9&idc=my&ftpl=1,,134300.0,singing-and-dancing,dannyd1103
https://www.tiktok.com/@lingg2809/video/7532084866767260944,https://p16-sign-sg.tiktokcdn.com/tos-alisg-p-0037/o4VENEVDgeACadWFfAoRBAApENH42hIy1jNC3U~tplv-photomode-zoomcover:720:720.jpeg?dr=14555&x-expires=1754578800&x-signature=xNlMyv1S%2BeXtlbNNbMcf8Ggv4jQ%3D&t=4d5b0474&ps=13740610&shp=81f88b70&shcp=43f4a2f9&idc=my&ftpl=1,,101600.0,singing-and-dancing,lingg2809
https://www.tiktok.com/@thphuongvo/video/7531656207833025810,https://p16-sign-sg.tiktokcdn.com/tos-alisg-p-0037/oQ4ViFIKaiqARXY3B0W0sXOII3iBKJsCCaAvE~tplv-photomode-zoomcover:720:720.jpeg?dr=14555&x-expires=1754578800&x-signature=wEMPdCKIEQoI7jBzrysoIkfAQ4k%3D&t=4d5b0474&ps=13740610&shp=81f88b70&shcp=43f4a2f9&idc=my&ftpl=1,,114400.0,singing-and-dancing,thphuongvo
https://www.tiktok.com/@you.have.talentt/video/7530998577116499207,https://p9-sign-sg.tiktokcdn.com/tos-alisg-p-0037/o80gcI7QDxzs3Be7gEf1ADDTUFPz1oBE61qRRG~tplv-photomode-zoomcover:720:720.jpeg?dr=14555&x-expires=1754578800&x-signature=Zk4n0e8W8jcPqraTmPLDLQCeLjQ%3D&t=4d5b0474&ps=13740610&shp=81f88b70&shcp=43f4a2f9&idc=my&ftpl=1,,57900.0,singing-and-dancing,you.have.talentt
https://www.tiktok.com/@quaycunghuyenanh/video/7526519042652261652,https://p9-sign-sg.tiktokcdn.com/tos-alisg-p-0037/oIfBDAeGoInSj6QIKITsD5eynEmA0IJALAAvQA~tplv-photomode-zoomcover:720:720.jpeg?dr=14555&x-expires=1754578800&x-signature=SjoIRSe7OyeQJDlRe3uZY6L2wE8%3D&t=4d5b0474&ps=13740610&shp=81f88b70&shcp=43f4a2f9&idc=my&ftpl=1,,113000.0,singing-and-dancing,quaycunghuyenanh
https://www.tiktok.com/@kimanhne_36/video/7530532078442646792,https://p16-sign-sg.tiktokcdn.com/tos-alisg-p-0037/osA6eE6LRD250Xf3ADCsGLDAFCTIoIfjwIiVBb~tplv-photomode-zoomcover:720:720.jpeg?dr=14555&x-expires=1754578800&x-signature=8nG%2BeqwLhnhI2DfwequZzpO3q4c%3D&t=4d5b0474&ps=13740610&shp=81f88b70&shcp=43f4a2f9&idc=my&ftpl=1,,241600.0,singing-and-dancing,kimanhne_36
https://www.tiktok.com/@quclchanh192/video/7532468431250148615,https://p16-sign-sg.tiktokcdn.com/tos-alisg-p-0037/oowAsiFN0AAOt2R9ABBJCM5RiAoEKIfICCibIL~tplv-photomode-zoomcover:720:720.jpeg?dr=14555&x-expires=1754578800&x-signature=1uonxpVWf%2FvpNa5daqP8Wq%2Bq0cE%3D&t=4d5b0474&ps=13740610&shp=81f88b70&shcp=43f4a2f9&idc=my&ftpl=1,,39200.0,singing-and-dancing,quclchanh192
https://www.tiktok.com/@hoanglananh31/video/7532349272990272786,https://p16-sign-sg.tiktokcdn.com/tos-alisg-p-0037/oYjRiVaRwPyIAEK80AICCdiPCqAIKCfRB6AcBA~tplv-photomode-zoomcover:720:720.jpeg?dr=14555&x-expires=1754578800&x-signature=fHXWsnSg5oDyvr7H0gtdFq0xp64%3D&t=4d5b0474&ps=13740610&shp=81f88b70&shcp=43f4a2f9&idc=my&ftpl=1,,271500.0,singing-and-dancing,hoanglananh31
https://www.tiktok.com/@that201025/video/7528013560476077319,https://p16-sign-sg.tiktokcdn.com/tos-alisg-p-0037/o0IfCJGRQGAeOQDxJhrAkCeOQFLB6w4G400fHh~tplv-photomode-zoomcover:720:720.jpeg?dr=14555&x-expires=1754578800&x-signature=pkz11uJOaoYKZ%2FtifXay3BQa1o8%3D&t=4d5b0474&ps=13740610&shp=81f88b70&shcp=43f4a2f9&idc=my&ftpl=1,,199500.0,singing-and-dancing,that201025
https://www.tiktok.com/@tinhkentay194/video/7533822181223173392,https://p9-sign-sg.tiktokcdn.com/tos-alisg-p-0037/oAjI8RiaMX1DaNq4CdGtgAwIBfAbiAGocAT0sI~tplv-photomode-zoomcover:720:720.jpeg?dr=14555&x-expires=1754578800&x-signature=0rLNTuBBWyj5hxvDw%2B%2Bj%2BKy1Jas%3D&t=4d5b0474&ps=13740610&shp=81f88b70&shcp=43f4a2f9&idc=my&ftpl=1,,7022.0,singing-and-dancing,tinhkentay194
https://www.tiktok.com/@ngmhang2812/video/7527980795735067922,"data:image/gif;base64,R0lGODlhAQABAIAAAAAAAP///yH5BAEAAAAALAAAAAABAAEAAAIBRAA7",,230200.0,singing-and-dancing,ngmhang2812
https://www.tiktok.com/@miumiuu076/video/7531601631318773010,"data:image/gif;base64,R0lGODlhAQABAIAAAAAAAP///yH5BAEAAAAALAAAAAABAAEAAAIBRAA7",,37100.0,singing-and-dancing,miumiuu076
https://www.tiktok.com/@_hamykk/video/7525791049030110484,https://p16-sign-sg.tiktokcdn.com/tos-alisg-p-0037/oMXBXuLUgIJb8L1GfehRhGxFwgsWQPeeAA8LLG~tplv-photomode-zoomcover:720:720.jpeg?dr=14555&x-expires=1754578800&x-signature=3oBHQAXLkoc1jKYahip6d5NCOWM%3D&t=4d5b0474&ps=13740610&shp=81f88b70&shcp=43f4a2f9&idc=my&ftpl=1,,199800.0,singing-and-dancing,_hamykk
https://www.tiktok.com/@ndp_2002/video/7532465559628303623,https://p16-sign-sg.tiktokcdn.com/tos-alisg-p-0037/oUArDIYRoEfBjjWIK4IfCFsECDdlzWEgLUCfKA~tplv-photomode-zoomcover:720:720.jpeg?dr=14555&x-expires=1754578800&x-signature=h8%2FRspwdVTqVg8EqPmQ0yrI8AMs%3D&t=4d5b0474&ps=13740610&shp=81f88b70&shcp=43f4a2f9&idc=my&ftpl=1,,72300.0,singing-and-dancing,ndp_2002
https://www.tiktok.com/@socnau.410/video/7532857896195869970,https://p9-sign-sg.tiktokcdn.com/tos-alisg-p-0037/o0tiqCA8IOIqKrSWJfyyKIQZ0lQFKB5jRDiwAA~tplv-photomode-zoomcover:720:720.jpeg?dr=14555&x-expires=1754578800&x-signature=A38L80qW5u9WbL4WJjEZ3ySscSM%3D&t=4d5b0474&ps=13740610&shp=81f88b70&shcp=43f4a2f9&idc=my&ftpl=1,,53500.0,singing-and-dancing,socnau.410
https://www.tiktok.com/@kangsayhi/video/7531206800838888722,https://p16-sign-sg.tiktokcdn.com/tos-alisg-p-0037/oMCvScEQIBgoyyhfTOFUE8epOLiwSEA5DBDRDj~tplv-photomode-zoomcover:720:720.jpeg?dr=14555&x-expires=1754578800&x-signature=OgUf9LLmdVwm5dq7Mj5ozk%2BZHpk%3D&t=4d5b0474&ps=13740610&shp=81f88b70&shcp=43f4a2f9&idc=my&ftpl=1,,20600.0,singing-and-dancing,kangsayhi
https://www.tiktok.com/@viva24h.game/video/7532414260182322440,https://p9-sign-sg.tiktokcdn.com/tos-alisg-p-0037/o8AQQAlIY1ARCbAiACIlEIMaApvgqyisQxBia~tplv-photomode-zoomcover:720:720.jpeg?dr=14555&x-expires=1754578800&x-signature=AyvM%2BR7qfUYIeCTd3vSxMfh6tRQ%3D&t=4d5b0474&ps=13740610&shp=81f88b70&shcp=43f4a2f9&idc=my&ftpl=1,,75400.0,singing-and-dancing,viva24h.game
https://www.tiktok.com/@mktutz/video/7531998968616652050,https://p16-sign-sg.tiktokcdn.com/tos-alisg-p-0037/osvSmEBaK3AAAZcBCYAICilm5qHmCaIEUJIAi~tplv-photomode-zoomcover:720:720.jpeg?dr=14555&x-expires=1754578800&x-signature=1t5t4VIgFit%2F2cbV8bNv74H0wnM%3D&t=4d5b0474&ps=13740610&shp=81f88b70&shcp=43f4a2f9&idc=my&ftpl=1,,74100.0,singing-and-dancing,mktutz
https://www.tiktok.com/@n.quinne/video/7532323231349476615,https://p16-sign-sg.tiktokcdn.com/tos-alisg-p-0037/oEQGhIIs53f2cQQDRNflYeAQGeA5LGDKCFYiLQ~tplv-photomode-zoomcover:720:720.jpeg?dr=14555&x-expires=1754578800&x-signature=hZDo9YvEBF%2FtdHbHjc07GNhNaYw%3D&t=4d5b0474&ps=13740610&shp=81f88b70&shcp=43f4a2f9&idc=my&ftpl=1,,29700.0,singing-and-dancing,n.quinne
https://www.tiktok.com/@kimanhne_36/video/7532395882470247688,https://p9-sign-sg.tiktokcdn.com/tos-alisg-p-0037/oEQKMcMERQ3AFUWf3EIDn0DoXf2FEBTHBgvH5i~tplv-photomode-zoomcover:720:720.jpeg?dr=14555&x-expires=1754578800&x-signature=%2Bo%2FABbyLNWWxjtdjJyBA9wBFcp4%3D&t=4d5b0474&ps=13740610&shp=81f88b70&shcp=43f4a2f9&idc=my&ftpl=1,,106700.0,singing-and-dancing,kimanhne_36
https://www.tiktok.com/@giadinhdingdang25/video/7525798027265690888,https://p16-sign-sg.tiktokcdn.com/tos-alisg-p-0037/oosIXwwcLinOw7z0AaArIAExfCC90AAqaB0IOi~tplv-photomode-zoomcover:720:720.jpeg?dr=14555&x-expires=1754578800&x-signature=tuGjcYxkRm1aysYaISJ3vfi7FJQ%3D&t=4d5b0474&ps=13740610&shp=81f88b70&shcp=43f4a2f9&idc=my&ftpl=1,,147600.0,singing-and-dancing,giadinhdingdang25
https://www.tiktok.com/@zara66136/video/7531441103766031634,https://p16-sign-sg.tiktokcdn.com/tos-alisg-p-0037/okTIwyQIhaCDA20FRioxCEiSFB2cf3AjIBAaSu~tplv-photomode-zoomcover:720:720.jpeg?dr=14555&x-expires=1754578800&x-signature=IFZt1whCUdze6CuDxqPy1NAwWTI%3D&t=4d5b0474&ps=13740610&shp=81f88b70&shcp=43f4a2f9&idc=my&ftpl=1,,50500.0,singing-and-dancing,zara66136
https://www.tiktok.com/@ac.phu_mun/video/7533425762150518024,https://p16-sign-sg.tiktokcdn.com/tos-alisg-p-0037/ocIMIDByRGfjAgDoDFulfN6McqvEZEbgUMBtBY~tplv-photomode-zoomcover:720:720.jpeg?dr=14555&x-expires=1754578800&x-signature=RsCU2azNW4C5kyo%2Fz7RdtkGWM58%3D&t=4d5b0474&ps=13740610&shp=81f88b70&shcp=43f4a2f9&idc=my&ftpl=1,,47800.0,singing-and-dancing,ac.phu_mun
https://www.tiktok.com/@hoanglananh31/video/7526783312099085576,https://p16-sign-sg.tiktokcdn.com/tos-alisg-p-0037/oQPIYZgLIEA8wAhoAnAdIgE0fGEB8CBUIDfRdF~tplv-photomode-zoomcover:720:720.jpeg?dr=14555&x-expires=1754578800&x-signature=Xg3lENcKGCP1qVZVOiV%2BswtqEZ8%3D&t=4d5b0474&ps=13740610&shp=81f88b70&shcp=43f4a2f9&idc=my&ftpl=1,,359900.0,singing-and-dancing,hoanglananh31
https://www.tiktok.com/@diu.anh7249/video/7525086310109875464,https://p16-sign-sg.tiktokcdn.com/tos-alisg-p-0037/okcejLCjoGQb3zIQeAVtABi4Qett3jDIzCQ2PN~tplv-photomode-zoomcover:720:720.jpeg?dr=14555&x-expires=1754578800&x-signature=7cM835NkNtJhQyv53NtIx6%2BnXvM%3D&t=4d5b0474&ps=13740610&shp=81f88b70&shcp=43f4a2f9&idc=my&ftpl=1,,245400.0,singing-and-dancing,diu.anh7249
https://www.tiktok.com/@namtunuthanh/video/7532517178810060040,https://p16-sign-sg.tiktokcdn.com/tos-alisg-p-0037/okfjQIAmK2eLEJrROeCvQz8wAFFPDRAcEXDo8E~tplv-photomode-zoomcover:720:720.jpeg?dr=14555&x-expires=1754578800&x-signature=gCNxykeMTNcQvvqY9e1HDS0n4mM%3D&t=4d5b0474&ps=13740610&shp=81f88b70&shcp=43f4a2f9&idc=my&ftpl=1,,86200.0,singing-and-dancing,namtunuthanh
https://www.tiktok.com/@tra.dang.904/video/7526913392037219592,https://p16-sign-sg.tiktokcdn.com/tos-alisg-p-0037/oUB8NfM8DGThFllRnpE7e7Qe0FQQXAxA5JGmeA~tplv-photomode-zoomcover:720:720.jpeg?dr=14555&x-expires=1754578800&x-signature=nDbKaslY4gbed0%2FURkExvf%2Bq%2FL4%3D&t=4d5b0474&ps=13740610&shp=81f88b70&shcp=43f4a2f9&idc=my&ftpl=1,,169200.0,singing-and-dancing,tra.dang.904
https://www.tiktok.com/@tuzelitydance/video/7527937638129536264,https://p9-sign-sg.tiktokcdn.com/tos-alisg-p-0037/o8gxiQrIeCTPfAjBl2gAHLIDabGyw8jxoekJk4~tplv-photomode-zoomcover:720:720.jpeg?dr=14555&x-expires=1754578800&x-signature=bQ6UDOPdvLlYPyj%2F4zm5HJLe6as%3D&t=4d5b0474&ps=13740610&shp=81f88b70&shcp=43f4a2f9&idc=my&ftpl=1,,1800000.0,singing-and-dancing,tuzelitydance
https://www.tiktok.com/@zhangrimi/video/7532305204855835960,https://p16-sign-va.tiktokcdn.com/tos-maliva-p-0068/os1IR8DA0gfjMeLAc16QApCSfCEWBck6RO5TbR~tplv-photomode-zoomcover:720:720.jpeg?dr=14555&x-expires=1754578800&x-signature=mFsaGxfEcaUjJupEvWRhS9FOKpQ%3D&t=4d5b0474&ps=13740610&shp=81f88b70&shcp=43f4a2f9&idc=my&ftpl=1,,24400.0,singing-and-dancing,zhangrimi
https://www.tiktok.com/@hieubkv/video/7532844039507315975,https://p16-sign-sg.tiktokcdn.com/tos-alisg-p-0037/okiICdIKzC1AAGBkBwfni0AKATEycAFgAQR0CC~tplv-photomode-zoomcover:720:720.jpeg?dr=14555&x-expires=1754578800&x-signature=CPSV1o8pekG3cQEzZFTNE9WGUGY%3D&t=4d5b0474&ps=13740610&shp=81f88b70&shcp=43f4a2f9&idc=my&ftpl=1,,38000.0,singing-and-dancing,hieubkv
https://www.tiktok.com/@_mk_10_/video/7533120737897417992,https://p16-sign-sg.tiktokcdn.com/tos-alisg-p-0037/o4YRBeeIGDeRLZsIBLIBg4IWFCoQl6iAHsj8qA~tplv-photomode-zoomcover:720:720.jpeg?dr=14555&x-expires=1754578800&x-signature=w9Iuie2hkniWK5xmIlBrdQFTf1s%3D&t=4d5b0474&ps=13740610&shp=81f88b70&shcp=43f4a2f9&idc=my&ftpl=1,,117300.0,singing-and-dancing,_mk_10_
https://www.tiktok.com/@khanhlinhtran02/video/7529851270572559624,https://p16-sign-sg.tiktokcdn.com/tos-alisg-p-0037/oUi5wxQAgpAWsQZzHDNe1f8DAeMeMSAgOA7D5e~tplv-photomode-zoomcover:720:720.jpeg?dr=14555&x-expires=1754578800&x-signature=XSTDTY79nRiSgPPoSAFaGSG4amo%3D&t=4d5b0474&ps=13740610&shp=81f88b70&shcp=43f4a2f9&idc=my&ftpl=1,,100200.0,singing-and-dancing,khanhlinhtran02
https://www.tiktok.com/@yeunutmotchut/video/7533833462101347602,https://p16-sign-sg.tiktokcdn.com/tos-alisg-p-0037/osiomW2COAXzFRepgQFOjGUDHf8090YEBEBMbQ~tplv-photomode-zoomcover:720:720.jpeg?dr=14555&x-expires=1754578800&x-signature=VKrs%2B9UGDwSgZQsh%2FEaoFOooHtQ%3D&t=4d5b0474&ps=13740610&shp=81f88b70&shcp=43f4a2f9&idc=my&ftpl=1,,86500.0,singing-and-dancing,yeunutmotchut
https://www.tiktok.com/@congchua1999x/video/7523067720653409543,https://p16-sign-sg.tiktokcdn.com/tos-alisg-p-0037/okFOA84EGbRBBQaI8BFoAn7DgCUGwBfIf0ZEN7~tplv-photomode-zoomcover:720:720.jpeg?dr=14555&x-expires=1754578800&x-signature=iuiykXKepGmYfe0wJOrNKROTh98%3D&t=4d5b0474&ps=13740610&shp=81f88b70&shcp=43f4a2f9&idc=my&ftpl=1,,187800.0,singing-and-dancing,congchua1999x
https://www.tiktok.com/@sukanenobita/video/7526442903216884999,"data:image/gif;base64,R0lGODlhAQABAIAAAAAAAP///yH5BAEAAAAALAAAAAABAAEAAAIBRAA7",,349900.0,singing-and-dancing,sukanenobita
https://www.tiktok.com/@._btrig/video/7532893347678113031,"data:image/gif;base64,R0lGODlhAQABAIAAAAAAAP///yH5BAEAAAAALAAAAAABAAEAAAIBRAA7",,83100.0,singing-and-dancing,._btrig
https://www.tiktok.com/@user5338176695465/video/7529845010016079122,https://p16-sign-sg.tiktokcdn.com/tos-alisg-p-0037/oAsGeRhAeBjMAFdxADwEs8QrXRAGHKfMewT3Dh~tplv-photomode-zoomcover:720:720.jpeg?dr=14555&x-expires=1754578800&x-signature=CuNzf817V%2BzBn3wpeLF%2FjAi74%2Bw%3D&t=4d5b0474&ps=13740610&shp=81f88b70&shcp=43f4a2f9&idc=my&ftpl=1,,2300000.0,singing-and-dancing,user5338176695465
https://www.tiktok.com/@hoaphanspeed/video/7532107345338354952,https://p16-sign-sg.tiktokcdn.com/tos-alisg-p-0037/oQYSaaiEHtX2EyAqJArYBRVMGBIdI7ThiBtIP~tplv-photomode-zoomcover:720:720.jpeg?dr=14555&x-expires=1754578800&x-signature=gdRcshTYYYNJoeqxyTwHeO0r8Rg%3D&t=4d5b0474&ps=13740610&shp=81f88b70&shcp=43f4a2f9&idc=my&ftpl=1,,13600.0,singing-and-dancing,hoaphanspeed
https://www.tiktok.com/@dungsun.99/video/7532752049050537224,https://p16-sign-sg.tiktokcdn.com/tos-alisg-p-0037/o8evAmCE2RcwIAIebZDLYIVGE7AeEQjTwzoAAD~tplv-photomode-zoomcover:720:720.jpeg?dr=14555&x-expires=1754578800&x-signature=zyDbYkHWyycBufAJ76Z30%2BovveA%3D&t=4d5b0474&ps=13740610&shp=81f88b70&shcp=43f4a2f9&idc=my&ftpl=1,,17300.0,singing-and-dancing,dungsun.99
https://www.tiktok.com/@thanhthao15.03/video/7533572671779376402,https://p16-sign-sg.tiktokcdn.com/tos-alisg-p-0037/oIGdZOeeZ65niLPRjfnFANQaIMQGQQBAGf0DW1~tplv-photomode-zoomcover:720:720.jpeg?dr=14555&x-expires=1754578800&x-signature=D4nDXpVGrEkQnt3EjU6kwaQJhtM%3D&t=4d5b0474&ps=13740610&shp=81f88b70&shcp=43f4a2f9&idc=my&ftpl=1,,104500.0,singing-and-dancing,thanhthao15.03
https://www.tiktok.com/@hottrend779/video/7531992817095232776,https://p9-sign-sg.tiktokcdn.com/tos-alisg-p-0037/oQv5ZIBMuyDYigcBmYAIAiVnqpHlrazELCIAi~tplv-photomode-zoomcover:720:720.jpeg?dr=14555&x-expires=1754578800&x-signature=zzI7e60NzfUtLc4lbm0aArn9hes%3D&t=4d5b0474&ps=13740610&shp=81f88b70&shcp=43f4a2f9&idc=my&ftpl=1,,33900.0,singing-and-dancing,hottrend779
https://www.tiktok.com/@lehoa1297/video/7530116643519876359,https://p16-sign-sg.tiktokcdn.com/tos-alisg-p-0037/oMmQI8F2vjU5uGfABCDAQjgsRCogsBsEKFENfY~tplv-photomode-zoomcover:720:720.jpeg?dr=14555&x-expires=1754578800&x-signature=JGFBgAG%2B0DGXXDiDhhrkYHTC%2FUs%3D&t=4d5b0474&ps=13740610&shp=81f88b70&shcp=43f4a2f9&idc=my&ftpl=1,,32500.0,singing-and-dancing,lehoa1297
https://www.tiktok.com/@chunganh.05/video/7533149568280710418,https://p16-sign-sg.tiktokcdn.com/tos-alisg-p-0037/oEL29FCjoDRmFhI8HAGlAd67Qfyf8YDECgQejF~tplv-photomode-zoomcover:720:720.jpeg?dr=14555&x-expires=1754578800&x-signature=dNYuVY2CYeeWkWrqsNpfg1FL4rs%3D&t=4d5b0474&ps=13740610&shp=81f88b70&shcp=43f4a2f9&idc=my&ftpl=1,,36000.0,singing-and-dancing,chunganh.05
https://www.tiktok.com/@16_nbt/video/7523067153549970695,https://p9-sign-sg.tiktokcdn.com/tos-alisg-p-0037/oIhilCAoI3IqZbZESf6vnI6A0ccTtBVHMCiwAA~tplv-photomode-zoomcover:720:720.jpeg?dr=14555&x-expires=1754578800&x-signature=PIBQGSboOJ9GEpgT5VCZFZULo3A%3D&t=4d5b0474&ps=13740610&shp=81f88b70&shcp=43f4a2f9&idc=my&ftpl=1,,207200.0,singing-and-dancing,16_nbt
