time_published,description,hashtags,video_url,username,nickname,music_title,music_link,likes,comments,shares
1754905357.0,2 anh em quáº­yyy,['#mqwiqw'],https://www.tiktok.com/@mquangwiqw/video/7537192141693390088,mquangwiqw,Minh Quang,nháº¡c ná»n  - Jennie's wife ðŸ¥µ,/music/nháº¡c-ná»n-Jennie's-wife-ðŸ¥µ-7504172867312208656?lang=eng,42800.0,184.0,1077.0
1754991757.0,2 em ghá»‡ miá»n Trung,"['#binhan', '#fyp']",https://www.tiktok.com/@binhanndayne/video/7537551581143764232,binhanndayne,BÃ¬nh AnðŸ¤,Event Ä‘Ã¢y cÃ¡c tÃ¬nh ieu oi - SamjuoiðŸ«°ðŸ»,/music/Event-Ä‘Ã¢y-cÃ¡c-tÃ¬nh-ieu-oi-7523204069289347841?lang=eng,112400.0,629.0,3944.0
1754672400.0,Tráº£ lá»i,"['#viraltiktok', '#xuhuong', '#nhactamtrang', '#hatnheptiktok']",https://www.tiktok.com/@lethikimanhhhh1/video/7536453087951670546,lethikimanhhhh1,LÃª Thá»‹ Kim Anhhh,nháº¡c ná»n  - LÃª Thá»‹ Kim Anhhh,/music/nháº¡c-ná»n-LÃª-Thá»‹-Kim-Anhhh-7536453115798342417?lang=eng,7534.0,150.0,208.0
1754818957.0,,['#tranquoctoan'],https://www.tiktok.com/@tofn.official/video/7536840008670481682,tofn.official,Tráº§n Quá»‘c ToÃ n ðŸ§¸,nháº¡c ná»n - Tuáº¥n Kiá»‡t - anhbakhia3101,/music/nháº¡c-ná»n-Tuáº¥n-Kiá»‡t-7532377940475792145?lang=eng,11900.0,130.0,233.0
1754499600.0,lÃªn xe e Æ¡i kkk,"['#xh', '#yakuzasquad', '#dethuong']",https://www.tiktok.com/@kkhueleee/video/7535863047743720711,kkhueleee,khueleee ðŸ¤,HMIN FIX FULL TRACK - ð™ƒð™ˆð™„ð™‰ ð™‹ð™ð™Šð˜¿ ð™ˆð™ð™Žð™„ð˜¾,/music/HMIN-FIX-FULL-TRACK-7522700874959964944?lang=eng,29200.0,223.0,1520.0
1754905357.0,tá»•ng duyá»‡t Ä‘Ãªm há»™i trÄƒng trÃ²n,"['#trinhhachillðŸ’', '#fyp', '#xh']",https://www.tiktok.com/@trinhhachill/video/7537154046541450503,trinhhachill,Ha TrÃ¬nh,HÃ¡t Há»™i TrÄƒng Ráº±m - NhÆ° Quá»³nh,/music/HÃ¡t-Há»™i-TrÄƒng-Ráº±m-6793459038760732673?lang=eng,38700.0,418.0,13400.0
1754905357.0,Láº¥y cÃ¢y kin may Ä‘Ã²,[],https://www.tiktok.com/@taodangthembuncha/video/7537304461237144850,taodangthembuncha,lelinh,nháº¡c ná»n - Tuáº¥n Kiá»‡t - anhbakhia3101,/music/nháº¡c-ná»n-Tuáº¥n-Kiá»‡t-7532377940475792145?lang=eng,71600.0,305.0,3315.0
1755078157.0,xinh iu,"['#xh', '#xuhuong', '#fypã‚·ã‚š', '#acaciateam_']",https://www.tiktok.com/@bly09__/video/7537857563799342356,bly09__,ð™—ð™¡ð™®,nháº¡c ná»n  - Jennie's wife ðŸ¥µ,/music/nháº¡c-ná»n-Jennie's-wife-ðŸ¥µ-7504172867312208656?lang=eng,48800.0,260.0,1719.0
1754586000.0,Giá»ng t cáº§n Ä‘Ã¢y gÃ²i ðŸ¤ª,['#vicchuche'],https://www.tiktok.com/@vickiee.bae/video/7536253154770341138,vickiee.bae,Vic ðŸ¤,nháº¡c ná»n  - ðš…ðš¢Ìƒ ð™ºðš‘ðšŠðš—ðš ðŸ™,/music/nháº¡c-ná»n-ðš…ðš¢Ìƒ-ð™ºðš‘ðšŠðš—ðš-ðŸ™-7535342269545696016?lang=eng,66900.0,1249.0,2735.0
1754991757.0,Hello buá»•i tá»‘i cÃ¡c cáº­u#,['#baongoc'],https://www.tiktok.com/@baongoc_daily/video/7537655487895047440,baongoc_daily,Báº£o Ngá»c,Wzen Music - bachblindboxhn,/music/Wzen-Music-7502085173933706000?lang=eng,62600.0,1677.0,1184.0
1754905357.0,Nay Ä‘uoc c,"['#tráº§nquangÄ‘á»©c16', '#xuhuongtiktok', '#xuhuong']",https://www.tiktok.com/@_quangduc16/video/7537273971704630535,_quangduc16,Tráº§n Quang Äá»©cðŸ¦â€ðŸ”¥,nháº¡c ná»n  - âœ¨ bo thick nháº£y âœ¨ðŸ’¯,/music/nháº¡c-ná»n-âœ¨-bo-thick-nháº£y-âœ¨ðŸ’¯-7500913958082808577?lang=eng,69200.0,560.0,923.0
1753808400.0,nghe ko? (IG: nganha.203),[],https://www.tiktok.com/@lingg2809/video/7532740681421360391,lingg2809,HÃ  ðŸ’‹,nháº¡c ná»n  - TÆ°á»ng Duy,/music/nháº¡c-ná»n-TÆ°á»ng-Duy-7525102598555650832?lang=eng,189900.0,837.0,3247.0
1753290000.0,BÃ¢y giá» khÃ´ng mua Ä‘Æ°á»£c 5ka cÃ  ná»¯a rá»“i cÃ¡c bÃ¡c áº¡,"['#learnontiktok', '#ancungtiktok', '#dicho']",https://www.tiktok.com/@xuchinnee/video/7530508134134189319,xuchinnee,xuchinnee,nháº¡c ná»n  - xuchinnee,/music/nháº¡c-ná»n-xuchinnee-7530508171997055761?lang=eng,204400.0,1471.0,2549.0
1755250957.0,Ä‘ang hoÃ n thiá»‡n,[],https://www.tiktok.com/@MS4wLjABAAAAm88PpFqPxnSbttq6sLtFDqoH2tszr0aEjp0dHItuMX5pHqXOXxonxp1krH27wkBP/video/7538624037367368981,31479646425,LÃª thÃ nh thÆ°Æ¡ng,nháº¡c ná»n - ðŸ’šBÃ´ng Há»“ng XanhðŸ’š - BÃ´ng Há»“ng XanhðŸ’šðŸ’–,/music/nháº¡c-ná»n-ðŸ’šBÃ´ng-Há»“ng-XanhðŸ’š-7259318966944811777?lang=eng,16200.0,628.0,148.0
1754991757.0,Háº­u TrÆ°á»ng á»ªâ€¦Em Táº¯m ChÆ°aa..ðŸ¤­ðŸ˜†,['#ksortuan'],https://www.tiktok.com/@ksor.tuan1508/video/7537662379291708680,ksor.tuan1508,Ksor Tuáº¥n,nháº¡c ná»n  - Ksor Tuáº¥n,/music/nháº¡c-ná»n-Ksor-Tuáº¥n-7537662521730239233?lang=eng,15700.0,323.0,866.0
1754240400.0,Äáº¿n giá» xem láº¡i váº«n cháº©y nÆ°á»›c máº¯t vÃ¬ thÆ°Æ¡ng cÃ¡c con,"['#XeÃ³_Há»“', '#MÃ¨o_Vac', '#HÃ _Giang', '#TraiLongTikTok']",https://www.tiktok.com/@maianh123ggm/video/7534637509561683218,maianh123ggm,LÃ  My,original sound  - Chan La CÃ ,/music/original-sound-Chan-La-CÃ -6962121542549441282?lang=eng,60000.0,780.0,7175.0
1755078157.0,"1 nÄƒm rá»“i, Ã´ng chÃ¡u cháº¯c lá»›n tÆ°á»›ng láº¯m rá»“i","['#loicon', '#teamchauphi', '#quanglinhvlogs']",https://www.tiktok.com/@nguyendiepteamchauphi/video/7537927148787567928,nguyendiepteamchauphi,Nguyá»…n Äiá»‡p ðŸ‡»ðŸ‡³ðŸ‡¦ðŸ‡´,nháº¡c ná»n  - Nguyá»…n Äiá»‡p ðŸ‡»ðŸ‡³ðŸ‡¦ðŸ‡´,/music/nháº¡c-ná»n-Nguyá»…n-Äiá»‡p-ðŸ‡»ðŸ‡³ðŸ‡¦ðŸ‡´-7537927163018808069?lang=eng,17900.0,116.0,299.0
1754905357.0,10/8 NgÃ y há»™i vÃ¬ Thá»§ ÄÃ´ BÃ¬nh YÃªn ðŸ¥°ðŸ¥°,"['#dieuhanh', '#dieubinh', '#tiktok', '#viral', '#fypã‚·ã‚š']",https://www.tiktok.com/@z_u_n_q_9_0/video/7537183093610859794,z_u_n_q_9_0,Dunq,nháº¡c ná»n - ThoÌ‰ Äi Bar - ThoÌ‰ Music ðŸŽ§,/music/nháº¡c-ná»n-ThoÌ‰-Äi-Bar-7092351973931911962?lang=eng,11000.0,453.0,2963.0
1755250957.0,Tráº£ lá»i,"['#kdlthuythuan', '#dalat', '#xichdubay']",https://www.tiktok.com/@kdlthuythuan.dalat/video/7538762603741564167,kdlthuythuan.dalat,KDL ThÃºy Thuáº­n ÄÃ  Láº¡t,suara asli  - Imâ€™joe,/music/suara-asli-Imâ€™joe-7291571104098421510?lang=eng,34400.0,480.0,2503.0
1755164557.0,à¸™à¸²à¸¢à¸à¹‡à¸•à¸µà¹à¸¡à¹ˆà¸™à¹€à¸à¸´à¸™ à¸à¸§à¸²à¸”à¹€à¸£à¸µà¸¢à¸šà¹€à¸¥à¸¢ à¹€à¸£à¸·à¹ˆà¸­à¸‡à¸§à¸¸à¹ˆà¸™à¹† à¸§à¸±à¸¢à¸£à¸¸à¹ˆà¸™à¸”à¸´à¸™à¸™à¹‰à¸³à¸¡à¸±à¸™,['#à¹€à¸§à¸¥à¸²à¸§à¹ˆà¸²à¸‡'],https://www.tiktok.com/@cscienceloh/video/7538294078115548423,cscienceloh,Mr.DoYee,nháº¡c ná»n  - label651,/music/nháº¡c-ná»n-label651-7444095233140198166?lang=eng,15000.0,315.0,1394.0
1753808400.0,ë‹¤ì³¤ëŠ”ë°,"['#ê±´ë°©ë–¨ì–´ë„ë˜ìž–ì•„', '#08', '#ì¶•êµ¬ë¶€', '#ì¶”ì²œ']",https://www.tiktok.com/@kyu_.914/video/7532750681271323912,kyu_.914,ë§¹ê·œ,åŽŸè² - é›¶6âƒ£ï¸ - å°èƒ–ðŸ,/music/åŽŸè²-é›¶6âƒ£ï¸-7466590833011706630?lang=eng,317400.0,1642.0,24400.0
1754672400.0,DONâ€™T BE CAUGHT ON CARDBOARDï¼,['#asmr'],https://www.tiktok.com/@wd7754/video/7536492458235006215,wd7754,HAYATAKU,ã‚ªãƒªã‚¸ãƒŠãƒ«æ¥½æ›²  - HAYATAKU,/music/ã‚ªãƒªã‚¸ãƒŠãƒ«æ¥½æ›²-HAYATAKU-7536493043458476817?lang=eng,13000.0,287.0,649.0
1755164557.0,ðŸ˜ðŸ˜,[],https://www.tiktok.com/@yadanar.kyaw92/video/7538230837305806088,yadanar.kyaw92,AISHAðŸ¦‹,original sound  - KANWATHANAN,/music/original-sound-KANWATHANAN-7496105049287035664?lang=eng,61000.0,967.0,804.0
1755164557.0,Giao Ä‘Æ¡n hÃ ng Xanh Ngon cho a xÄƒm trá»•,"['#ducti97', '#GenGreen', '#XanhNgon', '#XanhSM', '#kpgnz6g']",https://www.tiktok.com/@ducti97/video/7538404960879299847,ducti97,Äá»©c Ti Shipper,nháº¡c ná»n  - Äá»©c Ti Shipper,/music/nháº¡c-ná»n-Äá»©c-Ti-Shipper-7538405030328666897?lang=eng,31300.0,293.0,302.0
1754818957.0,"Báº¥m tÃ³c,LÃªn mÃ u nhÃ¬n Ä‘áº¹p quÃ¡ nÃ¨","['#maybamtoc', '#maylamtoc', '#bamtoc']",https://www.tiktok.com/@thuyvan.777/video/7536963820531617031,thuyvan.777,thuyvan.777,nháº¡c ná»n  - Buá»“n199x,/music/nháº¡c-ná»n-Buá»“n199x-7531669920745032464?lang=eng,7396.0,287.0,577.0
1753376400.0,Ãª thá»­ Ä‘i :)))),"['#fyp', '#xuhuong', '#beautytips', '#makeuphacks', '#mycushion', '#judydoll', '#viral', '#makeuptutorial', '#lamdeptainha']",https://www.tiktok.com/@oyipink._/video/7530964221799058706,oyipink._,ð™¤ð™®ð™žð™¥ð™žð™£ð™ ,original sound - MayBE8Later>W<,/music/original-sound-7399755528731233066?lang=eng,17800.0,231.0,722.0
1752512400.0,SOS: Top lÃ½ do khiáº¿n Da Äáº§u khÃ´ng ngá»«ng kÃªu cá»©u,"['#ClearVietNam', '#ClearGungHoaCuc', '#GiaiCuuDaDau', '#ClearThaoDuoc']",https://www.tiktok.com/@clearvietnam/video/7527259566543817992,clearvietnam,Clear Vietnam,original sound  - Clear Vietnam,/music/original-sound-Clear-Vietnam-7527259591374228241?lang=eng,18400.0,83.0,1214.0
1755164557.0,SÄ© tá»­ nÃ y chiáº¿n quÃ¡ ðŸ˜Ž,"['#hanoicartelstudio', '#hanoicartel', '#cartelstudio', '#xuhuong']",https://www.tiktok.com/@hanoicartelstudio/video/7538427489568181522,hanoicartelstudio,HanoiCartelStudio,Animal baby - ä¸Šé‡Žç‡¿,/music/Animal-baby-6817429116187314177?lang=eng,19000.0,174.0,1636.0
1754240400.0,Sá»‘ng lÃ nh máº¡nh khÃ´ng thá»©c khuya â˜ºï¸â˜ºï¸â˜ºï¸,"['#giundayyyy', '#derladie', '#claymask', '#pinktox', '#matnaderladie', '#matnadatset']",https://www.tiktok.com/@giun1008/video/7534708173790399752,giun1008,Giun sau giá» lÃ m,nháº¡c ná»n  - Giun sau giá» lÃ m,/music/nháº¡c-ná»n-Giun-sau-giá»-lÃ m-7534709154162707217?lang=eng,66700.0,290.0,3120.0
1754326800.0,BÃ³c tráº§n cÃ¡c loáº¡i sá»¯a rá»­a máº·t tá»‘t tháº­t hay sÃ­t Ä‘inh? (Pháº§n 1),"['#reviewlamdep', '#pixinhxinh', '#suaruamat', '#reviewchanthat', '#larocheposay', '#babe', '#senka', '#cerave', '#melanocc', '#hadalabo', '#bioderma', '#cleanser']",https://www.tiktok.com/@pixinhxinh/video/7535071473225043208,pixinhxinh,Pi KhÃ³ TÃ­nh ðŸ¤¨,nháº¡c ná»n  - Pi KhÃ³ TÃ­nh ðŸ¤¨,/music/nháº¡c-ná»n-Pi-KhÃ³-TÃ­nh-ðŸ¤¨-7535071503579450129?lang=eng,24700.0,630.0,954.0
1753462800.0,phÃ©p thuáº­t winx enchantix biáº¿n hÃ¬nh,"['#khoimy', '#makeupbuombuom']",https://www.tiktok.com/@nhiuyen_xinhh/video/7531401252521905426,nhiuyen_xinhh,uynee.ni._,nháº¡c ná»n  - uynee.ni._,/music/nháº¡c-ná»n-uyneeni-7531401288882473745?lang=eng,72100.0,429.0,5978.0
1754586000.0,à¸•à¸±à¸”à¸œà¸¡à¹€à¸­à¸‡à¹„à¸”à¹‰à¸—à¸£à¸‡à¸«à¸±à¸§à¹€à¸«à¹‡à¸”à¸­à¸µà¸à¹à¸¥à¹‰à¸§,[],https://www.tiktok.com/@rtk_0209/video/7536099993413766407,rtk_0209,à¹à¸à¸°à¸­à¹‰à¸§à¸™(Fat sheep),à¹€à¸ªà¸µà¸¢à¸‡à¸•à¹‰à¸™à¸‰à¸šà¸±à¸š  - à¹à¸à¸°à¸­à¹‰à¸§à¸™(Fat sheep),/music/à¹€à¸ªà¸µà¸¢à¸‡à¸•à¹‰à¸™à¸‰à¸šà¸±à¸š-à¹à¸à¸°à¸­à¹‰à¸§à¸™-Fat-sheep-7536100017275226897?lang=eng,110800.0,364.0,8901.0
1754586000.0,Kiá»ƒu TÃ³c Hot 2025 ngon ThÃ­iiiii ðŸ˜‚,"['#phd', '#contiendinh', '#hathetoan', '#tocdep', '#hairtatto']",https://www.tiktok.com/@hatoan170703/video/7536060384323718408,hatoan170703,HÃ  ToÃ n âœ…,nháº¡c ná»n  - HÃ  ToÃ n âœ…,/music/nháº¡c-ná»n-HÃ -ToÃ n-âœ…-7536060596090587921?lang=eng,72700.0,1103.0,47200.0
1755078157.0,Äá»•i tÃ³c cÃ¡i ta nÃ³i nhÆ° ngÆ°á»i khÃ¡c luÃ´n,"['#goclamdep', '#lamdepkhongkho', '#makeuptutorial', '#lamdep', '#makeup']",https://www.tiktok.com/@uu88lamdepkhongkho/video/7538062106629901575,uu88lamdepkhongkho,UU88 LÃ m Äáº¹p KhÃ´ng KhÃ³,nháº¡c ná»n - Tháº£o Candyy - Tháº£o Káº¹oðŸ¬,/music/nháº¡c-ná»n-Tháº£o-Candyy-7366847814413945617?lang=eng,826.0,3.0,47.0
1754586000.0,á»ž tiá»‡m khÃ´ng nÃ³i má»™t lá»i vá» nhÃ  má»™t Ä‘á»i chÆ°a ká»ƒ xong.,['#trÃ¬nhtrÃ¬nh'],https://www.tiktok.com/@sontrinhtrinh/video/7536094097275227400,sontrinhtrinh,TrÃ¬nh TrÃ¬nh,nháº¡c ná»n - NhÃ¬n Má»™t Ra MÆ°á»i,/music/nháº¡c-ná»n-7289403842511604482?lang=eng,5717.0,129.0,799.0
1754154000.0,,"['#bob', '#viral', '#diy', '#wig']",https://www.tiktok.com/@dance.with.amanda/video/7534142888192527646,dance.with.amanda,AMANDA,original sound - onikamtv,/music/original-sound-7046724206863813423?lang=eng,1500000.0,4187.0,166300.0
1754672400.0,"HÃ£y thá»­ tÃ¬m kiáº¿m ""My Hair "" Äá»ƒ ra kiá»ƒu tÃ³c ChÃ¢n Ãi HoÃ¡ SÃ³i Ca cá»§a Báº¡n","['#nguyenstylis', '#tocnamdepbmt', '#myhairstyle', '#viral', '#philfoden', '#foden', '#myhairtype', '#hairstyle', '#biáº¿nhÃ¬nhcá»±cngáº§u', '#tocnambmt', '#crop', '#frenchcrop', '#mohican']",https://www.tiktok.com/@tocnamdepbmt/video/7536437975161261319,tocnamdepbmt,"NguyÃªn Stylis ""TÃ³c Nam BMTðŸ”¥""","nháº¡c ná»n  - NguyÃªn Stylis ""TÃ³c Nam BMTðŸ”¥""",/music/nháº¡c-ná»n-NguyÃªn-Stylis-TÃ³c-Nam-BMTðŸ”¥-7536437995642129153?lang=eng,39800.0,227.0,1791.0
1754240400.0,CÃ´ng Ä‘oáº¡n há»™i cháº©n chuáº©n bá»‹ vÃ o giai Ä‘oáº¡n 1 -12/8 cáº£ nhÃ  theo dÃµi bÃ¡c sÄ© Ä‘á»ƒ xem hÃ nh trÃ¬nh loáº¡i bá» da dÆ° thá»«a Trá»ng NhÃ¢n nhÃ©,"['#benhvienthammykangnam', '#hanhtrinhlotxac', '#trongnhanbyebeo', '#drfelixtran']",https://www.tiktok.com/@drfelixtrankangnam/video/7534637359812365576,drfelixtrankangnam,BÃ¡c sÄ© Felix Tráº§n - Kangnam,nháº¡c ná»n  - y2,/music/nháº¡c-ná»n-y2-7369536432161278737?lang=eng,123400.0,1067.0,1172.0
1753290000.0,Äá»«ng ai quÃªn mÃ¬nh váº«n lÃ m makeup sau nhá»¯ng vid nÃ y,"['#gigiglowup', '#gigimakeup']",https://www.tiktok.com/@gigi.glowup/video/7530499974287674631,gigi.glowup,GiGiMakeup,nháº¡c ná»n  - GiGiMakeup,/music/nháº¡c-ná»n-GiGiMakeup-7530500021410695953?lang=eng,190700.0,1256.0,46400.0
1755078157.0,Ná»… chá»‹ nháº¥ttttt,"['#noitocchuyennghiep', '#noitoc', '#salonchuyennoitoc', '#tattoo', '#noitoccaocap']",https://www.tiktok.com/@tiemtocnoi/video/7538013087379623176,tiemtocnoi,Ná»‘i Äi Chá» Chi ðŸ’ƒ,nháº¡c ná»n  - ð•ðšð§ðŠð¡ðšð§ð ,/music/nháº¡c-ná»n-ð•ðšð§ðŠð¡ðšð§ð -7516028498210409233?lang=eng,42700.0,454.0,4450.0
1753376400.0,Má»™t ná»¥ hÃ´n cuá»‘i,"['#xuonghuong', '#fyp', '#ngockem', '#orry']",https://www.tiktok.com/@ngockem_orry/video/7530917746226384136,ngockem_orry,BÃ­ch Ngá»c ORRY,nháº¡c ná»n  - ð™ˆð™ªð™¨ð™žð™˜ ð™‘ð™žð™šð™©ð™ˆð™žð™­âœˆï¸,/music/nháº¡c-ná»n-ð™ˆð™ªð™¨ð™žð™˜-ð™‘ð™žð™šð™©ð™ˆð™žð™­âœˆï¸-7416515870932962065?lang=eng,18000.0,292.0,1982.0
1754586000.0,Ká»‡ ká»‡ Ä‘i,"['#hocvienQuanNguyenPuLe', '#QuanNguyenPuLe', '#QuanNguyenPuLeAcademy', '#HVQNPL', '#thienan']",https://www.tiktok.com/@quannguyenpuleofficial/video/7536080122382765313,quannguyenpuleofficial,QuÃ¢n Nguyá»…n - Pu LÃª Official,nháº¡c ná»n  - QuÃ¢n Nguyá»…n - Pu LÃª Official,/music/nháº¡c-ná»n-QuÃ¢n-Nguyá»…n-Pu-LÃª-Official-7536080281707481873?lang=eng,72500.0,330.0,1181.0
1755164557.0,CÃ” GÃI Máº®C 1 TRONG 3 CÄ‚N B.á»†NH TRÃŠN THáº¾ GIá»šI KHÃ”NG CÃ“ THUá»C ÄIá»€U T.R.á»Š - V.IÃŠM NÃƒO Tá»° MIá»„N,"['#LearnOnTikTok', '#1900hairsalon', '#hientoc', '#vtmgr']",https://www.tiktok.com/@1900hairsalon.official/video/7538253802944630023,1900hairsalon.official,1900 Hair Salon,Future - Official Sound Studio,/music/Future-6693354155173481218?lang=eng,35200.0,1565.0,2309.0
1754818957.0,"Báº¥t ngá» chÆ°a, biáº¿n hÃ¬nh cho áº£nh Ä‘i rá»­a bÃ¡t ðŸ¤£ðŸ¤£","['#biáº¿n_hÃ¬nh', '#makeup', '#xuhuong', '#videoviral']",https://www.tiktok.com/@phan.nhm.makeup.d/video/7536749342355459336,phan.nhm.makeup.d,PHAN NHÃ‚M MAKEUP THÃI THá»¤Y,nháº¡c ná»n  - LÃª Anh ThÆ°ðŸ€,/music/nháº¡c-ná»n-LÃª-Anh-ThÆ°ðŸ€-7460060357969627905?lang=eng,26100.0,1096.0,8175.0
1755078157.0,,['#plzvirlâ¤â¤â¤â¤ðŸ’‹ðŸ’‹ðŸ’‹ðŸ’‹ðŸ’‹ðŸ¥°ðŸ¥°ðŸ¥°ðŸ¥°'],https://www.tiktok.com/@usagirlxx88/video/7537961391261502751,usagirlxx88,usagirlxx88,original sound  - usagirlxx88,/music/original-sound-usagirlxx88-7537961326388235039?lang=eng,17800.0,268.0,477.0
1754326800.0,Äá»«ng thá»­ náº¿u báº¡n khÃ´ng muá»‘n nghiá»‡n ðŸ˜µ,"['#tipslamdep', '#lamdep', '#nhuomtoc', '#tipsforgirls', '#beautytips']",https://www.tiktok.com/@me.macdep/video/7534998273912835335,me.macdep,MÃª Máº·c Äáº¹p,nháº¡c ná»n  - MÃª Máº·c Äáº¹p,/music/nháº¡c-ná»n-MÃª-Máº·c-Äáº¹p-7534998298612992769?lang=eng,18400.0,103.0,1313.0
1754905357.0,The COP,"['#roblox', '#à¸Ÿà¸µà¸”']",https://www.tiktok.com/@cellmepeteeee/video/7537006828538907911,cellmepeteeee,Petboys,à¹€à¸ªà¸µà¸¢à¸‡à¸•à¹‰à¸™à¸‰à¸šà¸±à¸š  - Petboys,/music/à¹€à¸ªà¸µà¸¢à¸‡à¸•à¹‰à¸™à¸‰à¸šà¸±à¸š-Petboys-7537006867759827729?lang=eng,512400.0,2130.0,83800.0
1754818957.0,Sá»± Tháº­t CÃ³ Thá»ƒ Báº¡n ChÆ°a Biáº¿t,['#lienquanmobile'],https://www.tiktok.com/@laaovofficial/video/7536736271129988359,laaovofficial,Láº¡ Aov,nháº¡c ná»n  - Láº¡ Aov,/music/nháº¡c-ná»n-Láº¡-Aov-7536736306118937345?lang=eng,10200.0,167.0,1693.0
1755078157.0,Cuá»™c Ä‘á»i BÃ¡c Gáº¥u P4,"['#xh', '#bacgau', '#xuhuongtiktokk', '#viral', '#tamsu']",https://www.tiktok.com/@bng01716/video/7538036283998964994,bng01716,BÃ¡c gáº¥u,nháº¡c ná»n  - BÃ¡c gáº¥u,/music/nháº¡c-ná»n-BÃ¡c-gáº¥u-7538036414609476374?lang=eng,14700.0,99.0,412.0
1754991757.0,Em gÃ¡i cÃ³ con acc lá» quÃ¡ ðŸ˜«ðŸ˜©anh thu váº­y lÃ  cao rá»“i Ä‘Ã³,"['#dopsaunhattiktok', '#shopt1', '#xuhuong']",https://www.tiktok.com/@shopt1_vipnhatvn/video/7537647686472813838,shopt1_vipnhatvn,Äá»›p sÃ¢u nháº¥t LiÃªn QuÃ¢n ðŸ˜‹,Báº N THÃ‚N EM REMIX HUU STREAM x ROCKY CDE - Há»¯u Stream,/music/Báº N-THÃ‚N-EM-REMIX-HUU-STREAM-x-ROCKY-CDE-7506802911507139344?lang=eng,2840.0,94.0,157.0
1755164557.0,1S dáº¡y cho BOX tháº¿ nÃ o lÃ  backdoor!,"['#AOGW25', '#IF', '#Recap', '#GoGetIt']",https://www.tiktok.com/@caothulienquan.official/video/7538354348435311877,caothulienquan.official,Cao Thá»§ LiÃªn QuÃ¢n Official,original sound  - Cao Thá»§ LiÃªn QuÃ¢n Official,/music/original-sound-Cao-Thá»§-LiÃªn-QuÃ¢n-Official-7538354366495968005?lang=eng,14700.0,127.0,430.0
1754991757.0,The Fact That Lightnight Mcqueen Was There ðŸ’€ðŸ¤£,"['#foryou', '#fyp', '#flashpoint', '#roblox']",https://www.tiktok.com/@kbnonst0p/video/7537551127429074207,kbnonst0p,KB,som original - ð™‰ð™šð™­ð™ªð™¨ð™ˆð™ªð™¨ð™žð™˜,/music/som-original-7521801223519914757?lang=eng,1200000.0,8117.0,47200.0
1754818957.0,Hidding vÃ  CÃ´ng Thá»©c CÃ y Kitchen Storm Event Grow A Garden Há»‘t Lobster Thermidor,"['#Growagarden', '#roblox']",https://www.tiktok.com/@hidding0911/video/7536804573441166610,hidding0911,hidding0911,original sound  - hidding0911,/music/original-sound-hidding0911-7536804619691756289?lang=eng,6175.0,711.0,289.0
1755078157.0,Minecraft block telepathy,"['#minecraft', '#minecraftmemes', '#minecrafter']",https://www.tiktok.com/@daquavis_mc/video/7537840911854636343,daquavis_mc,Daquavis,original sound - Daquavis,/music/original-sound-7537840920096492343?lang=eng,674100.0,1380.0,5319.0
1755164557.0,Dáº¡o nÃ y toÃ n tháº¥y anh em gá»­i lá»™n thÃ´i,"['#FreeFireHeHoaNinja', '#darkff', '#freefire']",https://www.tiktok.com/@wagdarkff/video/7538424661541932306,wagdarkff,Dark,nháº¡c ná»n  - Dark,/music/nháº¡c-ná»n-Dark-7538424684379900673?lang=eng,8226.0,891.0,1086.0
1755164557.0,Part 3 ðŸ˜Ž,"['#freefire', '#freefire_lover', '#free_fire', '#freefirethofficial', '#fyp']",https://www.tiktok.com/@yazoon_777/video/7538242196659621138,yazoon_777,ð—¬ð—­ð—¡   ðŸ³ðŸ³ðŸ³,original sound - ð—¬ð—­ð—¡   ðŸ³ðŸ³ðŸ³,/music/original-sound-7538242319275805456?lang=eng,76200.0,172.0,3410.0
1754905357.0,QuÃ¡ dá»… vá»›i Hiá»n,"['#tiuthoo', '#xuhuong']",https://www.tiktok.com/@tiuthoo/video/7537264732793883922,tiuthoo,TiÃªu Thá»‘ ÄÃªyy,nháº¡c ná»n  - TiÃªu Thá»‘ ÄÃªyy,/music/nháº¡c-ná»n-TiÃªu-Thá»‘-ÄÃªyy-7537264769683589889?lang=eng,31500.0,415.0,1745.0
1755078157.0,Nháº¡c hayyy,"['#catdangyeu', '#FreeFireHeHoaNinja']",https://www.tiktok.com/@catbaby0/video/7538023655117196562,catbaby0,CatÄÃ¡ngYÃªuâ€,nháº¡c ná»n  - CatÄÃ¡ngYÃªuâ€,/music/nháº¡c-ná»n-CatÄÃ¡ngYÃªuâ€-7538023681658784528?lang=eng,53100.0,646.0,873.0
1754818957.0,chá»‹u cat dang yeu,"['#free_fire', '#xuhuongtiktok', '#FreeFireHeHoaNinja', '#hnhan08', '#fyp', '#catdangyeu']",https://www.tiktok.com/@hnhan08__/video/7536623718030773511,hnhan08__,bá»‹ hÃ´i dÃ¡i,nháº¡c ná»n  - Y Truong Nhu,/music/nháº¡c-ná»n-Y-Truong-Nhu-7300424180040796930?lang=eng,123800.0,1820.0,8554.0
1754672400.0,Ai cÅ©ng nghÄ© mÃ¬nh lÃ  náº¡n nhÃ¢n ðŸ¥¹,"['#trendff', '#trendff', '#catdangyeu', '#vuchiataycuaminhtruong', '#trending', '#fypã‚·ã‚š', '#aduahni']",https://www.tiktok.com/@adu.ah.ni/video/7536535827527093512,adu.ah.ni,adu ah ni ><,Tháº¿ nÃªn Ä‘á»«ng cá»‘ gáº¯ng - adu ah ni ><,/music/Tháº¿-nÃªn-Ä‘á»«ng-cá»‘-gáº¯ng-7536535856934243088?lang=eng,39700.0,1090.0,2965.0
1754067600.0,ÄÆ¡n hÃ ng gÃ¬ váº­y :)),"['#PolyBridge3', '#polybridge']",https://www.tiktok.com/@thch.k.truyn.game/video/7533968534163049745,thch.k.truyn.game,ThÃ­ch Ká»ƒ Truyá»‡n Game,nháº¡c ná»n  - ThÃ­ch Ká»ƒ Truyá»‡n Game,/music/nháº¡c-ná»n-ThÃ­ch-Ká»ƒ-Truyá»‡n-Game-7533968762983156481?lang=eng,125900.0,658.0,5394.0
1754672400.0,24h,"['#ff', '#xhtiktok']",https://www.tiktok.com/@taokhongthichmaynua/video/7536483850474491143,taokhongthichmaynua,adu e giang,Cáº­u ka - KhÃ¡ Báº£nh,/music/Cáº­u-ka-7428170354403576593?lang=eng,7786.0,467.0,1105.0
1754672400.0,TÃ­ thÃ¬ +3 solo kill cho Baron,"['#lck', '#lmht', '#beatthegame', '#BEATNetwork', '#beatvn', '#gamingontiktok', '#t1']",https://www.tiktok.com/@beat_thegame/video/7536555791017413896,beat_thegame,Beat the Game!,original sound  - Beat the Game!,/music/original-sound-Beat-the-Game-7536555827375016705?lang=eng,17300.0,282.0,867.0
1754905357.0,Gáº·p bá»“ gá»“ trong Ä‘á»™c lang chiáº¿n,"['#taitc', '#FreeFireHeHoaNinja']",https://www.tiktok.com/@taitc2000/video/7537245042159652114,taitc2000,TÃ€I TC ðŸ‡»ðŸ‡³,nháº¡c ná»n  - TÃ€I TC ðŸ‡»ðŸ‡³,/music/nháº¡c-ná»n-TÃ€I-TC-ðŸ‡»ðŸ‡³-7537245103694351105?lang=eng,22300.0,474.0,360.0
1755164557.0,"Chá»‰ cáº§n 1 pha, 1S láº­t ngÆ°á»£c tháº¿ tráº­n!","['#AOGW25', '#IF', '#Recap', '#GoGetIt']",https://www.tiktok.com/@caothulienquan.official/video/7538377551358594310,caothulienquan.official,Cao Thá»§ LiÃªn QuÃ¢n Official,original sound  - Cao Thá»§ LiÃªn QuÃ¢n Official,/music/original-sound-Cao-Thá»§-LiÃªn-QuÃ¢n-Official-7538377584824863494?lang=eng,15100.0,152.0,480.0
1754905357.0,ðŸ˜žðŸ˜ž,[],https://www.tiktok.com/@dmmmmm_70/video/7537127248508325138,dmmmmm_70,phi lip pin,French meme song extended - ð”„ð”³ð”¢ð”¯ð”žð”¤ð”¢ â„­ð”¥ð”¦ð”«ð”¢ð”°ð”¢,/music/French-meme-song-extended-7248722796115757850?lang=eng,37500.0,2432.0,12300.0
1755250957.0,the shotgun is amazing in the bodycam video game,"['#bodycam', '#unrealengine5', '#pcgaming', '#videogame']",https://www.tiktok.com/@10misterfreeze10/video/7538480310971813142,10misterfreeze10,MisterFreeze,son original  - MisterFreeze,/music/son-original-MisterFreeze-7538480330686368534?lang=eng,83800.0,1004.0,8608.0
1754672400.0,Báº¡n cáº§n 400 ngÃ y Ä‘á»ƒ hoÃ n thÃ nh game nÃ y,"['#thanhejgame', '#gaming', '#gamingontiktok']",https://www.tiktok.com/@thanhejgame/video/7536568217565777182,thanhejgame,ThÃ nh EJ,nháº¡c ná»n  - ThÃ nh EJ,/music/nháº¡c-ná»n-ThÃ nh-EJ-7536573440510200607?lang=eng,13900.0,29.0,167.0
1755078157.0,QuÃ¡ zá»¯,['#gta5'],https://www.tiktok.com/@thch.k.truyn.game/video/7538061150382984466,thch.k.truyn.game,ThÃ­ch Ká»ƒ Truyá»‡n Game,nháº¡c ná»n  - ThÃ­ch Ká»ƒ Truyá»‡n Game,/music/nháº¡c-ná»n-ThÃ­ch-Ká»ƒ-Truyá»‡n-Game-7538061196116740865?lang=eng,11600.0,57.0,173.0
1753030800.0,"Con mÃ¨o nÃ³ kiÃªu "" á»¤ mÃ¡ máº§y "" ðŸ¤£","['#xhtiktok2025', '#cat', '#mÃ¨o']",https://www.tiktok.com/@me_be_dau_1605/video/7529349028547398930,me_be_dau_1605,Trinh Trinhh ðŸ ðŸ,nháº¡c ná»n  - Anh Ba GÃ ,/music/nháº¡c-ná»n-Anh-Ba-GÃ -7491981857957989121?lang=eng,70000.0,782.0,36800.0
1754818957.0,,"['#viral', '#xh', '#xuhuong']",https://www.tiktok.com/@ngthi_trucly/video/7536617036257201415,ngthi_trucly,Ly láº¡nh lÃ¹ngg,nháº¡c ná»n  - Ly láº¡nh lÃ¹ngg,/music/nháº¡c-ná»n-Ly-láº¡nh-lÃ¹ngg-7536617082831719169?lang=eng,62000.0,1092.0,25300.0
1754991757.0,z ko Ã¡,['#duybest'],https://www.tiktok.com/@megarzet/video/7537567904267521288,megarzet,Park Singum,Comedy Humor Funny Antique ninety six - Angel,/music/Comedy-Humor-Funny-Antique-ninety-six-7492240950598846514?lang=eng,3728.0,15.0,1271.0
1755164557.0,HoÃ i LÃ¢m rÆ°ng rÆ°ng khi Ä‘Æ°á»£c NSÆ¯T Háº¡nh ThÃºy Há»i thÄƒm Ä‘á»™ng viÃªn ngÃ y khai mÃ¡y phim,"['#tiktokgiaitri', '#nhipsongonline', '#thienduongmau', '#hoailam', '#hanhthuy']",https://www.tiktok.com/@nhipsongonline/video/7538280228561390856,nhipsongonline,Nhá»‹p Sá»‘ng Online,CÃ´ ÄÆ¡n Trong NhÃ  MÃ¬nh - HoÃ i LÃ¢m,/music/CÃ´-ÄÆ¡n-Trong-NhÃ -MÃ¬nh-7391834281600206864?lang=eng,23500.0,235.0,452.0
1754672400.0,,"['#xuhuong', '#fyp', '#viral']",https://www.tiktok.com/@utthuyss/video/7536521951532190994,utthuyss,Ãšt ThuÃ½,nháº¡c ná»n  - TÃ i HÃ­ Q8ðŸ‘€,/music/nháº¡c-ná»n-TÃ i-HÃ­-Q8ðŸ‘€-7524312451497659152?lang=eng,139500.0,835.0,18200.0
1755250957.0,fl chÃ©o nÃ ooo,[],https://www.tiktok.com/@sicmasixmaboi/video/7538668450009451794,sicmasixmaboi,heriðŸŒ€,nháº¡c ná»n - wheijx.tanhðŸ’¤ - Tuáº¥n anhh,/music/nháº¡c-ná»n-wheijxtanhðŸ’¤-7368348885300939537?lang=eng,184400.0,1927.0,111200.0
1754586000.0,ThÆ°á»›c Ä‘o phá»¥ ná»¯,"['#doisongyanglake', '#fyp', '#fypã‚·ã‚š', '#tiktokviral', '#giangho']",https://www.tiktok.com/@ww88doisongyanglake/video/7536227949222087954,ww88doisongyanglake,WÍ™WÍ™8Í™8 Äá»i Sá»‘ng Yang Lake,nháº¡c ná»n  - HMusiC,/music/nháº¡c-ná»n-HMusiC-7451835306241788688?lang=eng,8066.0,88.0,431.0
1755078157.0,Báº£nh thá»Ÿ thÃ´i cÅ©ng tháº¥y hÃ i :)),"['#viral', '#giadinhlaso1', '#yoonho', '#xuhuong']",https://www.tiktok.com/@minklananne/video/7537938971670744328,minklananne,MÃª Yoonho vcÄ‘,ì˜¤ë¦¬ì§€ë„ ì‚¬ìš´ë“œ  - ì–‘ìˆ˜ì—°Suyeon,/music/ì˜¤ë¦¬ì§€ë„-ì‚¬ìš´ë“œ-ì–‘ìˆ˜ì—°Suyeon-7475547273981266705?lang=eng,48400.0,192.0,2100.0
1754905357.0,,['#xuhuong'],https://www.tiktok.com/@tophat2003/video/7537167335493258504,tophat2003,Phá»›tt ðŸ»,nháº¡c ná»n - Tien - Tienfit,/music/nháº¡c-ná»n-Tien-7455258935135128337?lang=eng,16600.0,365.0,3001.0
1754991757.0,Theo dÃ²ng sá»± kiá»‡n :),"['#xuhuongtiktok', '#mientay', '#chatdua']",https://www.tiktok.com/@ththlinh0307/video/7537618829308972295,ththlinh0307,ththlinh0307,nháº¡c ná»n - gÃ  rÃ¡n ngon s1 lunnn - nhÃ  rÃ¡ng táº¡o ná»™i dungðŸ˜­,/music/nháº¡c-ná»n-gÃ -rÃ¡n-ngon-s1-lunnn-7464825037460081425?lang=eng,53400.0,6626.0,8945.0
1755078157.0,Táº­p 5: Tiá»ƒu PhÃ¢n pháº£i lÃ m gÃ¬ Ä‘á»ƒ thá»±c sá»± hÃ²a nháº­p vÃ o gia Ä‘Ã¬nh nÃ y?,['#tieubanhbaokids'],https://www.tiktok.com/@tieubanhbaokids/video/7538095853102320904,tieubanhbaokids,Tiá»ƒu BÃ¡nh Bao,nháº¡c ná»n  - Tiá»ƒu BÃ¡nh Bao,/music/nháº¡c-ná»n-Tiá»ƒu-BÃ¡nh-Bao-7538095930353011473?lang=eng,38800.0,297.0,1548.0
1753376400.0,ðŸ—¿ðŸ—¿ðŸ—¿,"['#bodoibienphong', '#fyp', '#viral', '#nghiavuquansu']",https://www.tiktok.com/@_bine06/video/7531031670011464967,_bine06,khÃ¡a báº£nhhðŸðŸ˜,nháº¡c ná»n  - khÃ¡a báº£nhhðŸðŸ˜,/music/nháº¡c-ná»n-khÃ¡a-báº£nhhðŸðŸ˜-7531031692820417296?lang=eng,139400.0,3806.0,15000.0
1754905357.0,nÃ³i ko ai tin ðŸ˜¢,['#CapCut'],https://www.tiktok.com/@ychi94/video/7537225859363589394,ychi94,"XÃ­u makeup , sÃ¡ng táº¡o ná»™i dung",nháº¡c ná»n  - M I ÃŠ N ðŸ€,/music/nháº¡c-ná»n-M-I-ÃŠ-N-ðŸ€-7515052214688156417?lang=eng,10700.0,379.0,534.0
1754672400.0,,['#CapCut'],https://www.tiktok.com/@huyvo.1510/video/7536537153879264519,huyvo.1510,Hy,nháº¡c ná»n  - ð‘¾ð’‚ð’ð’ˆð’ð’†ð’†,/music/nháº¡c-ná»n-ð‘¾ð’‚ð’ð’ˆð’ð’†ð’†-7533912738611940113?lang=eng,156400.0,2389.0,68600.0
1754991757.0,QuÃ¡ kháº¯c nhiá»‡t vá»›i má»™t trÃ¡i tim nhá» bÃ©,"['#xuhuong', '#trending', '#thuyvi', '#viral']",https://www.tiktok.com/@thu.vi.media/video/7537616283144129800,thu.vi.media,ThuÃ½ Vi Media,nháº¡c ná»n  - BÃ´ng GÃ²n,/music/nháº¡c-ná»n-BÃ´ng-GÃ²n-7503876648657259280?lang=eng,2201.0,85.0,61.0
1754586000.0,,"['#Vinpearlsafariphuquoc', '#Hetren', '#dulich', '#WonderSummer2025', '#PhuQuoc', '#TuHaoVietNam', '#VinWonders', '#Vinpearl', '#VinpearlGolf', '#VinWondersPhuQuoc', '#GreenCreator', '#SafariPhuQuoc', '#wakeupfestival', '#yeudongvat', '#thucung', '#animalsoftiktok', '#animals', '#vietnam', '#thudu', '#dongvat', '#thegioidongvat', '#animalworld', '#traveltiktok', '#remix', '#animal', '#uocduoclenxuhuong']",https://www.tiktok.com/@userocjz2wpo94/video/7536356385911754002,userocjz2wpo94,Minh CÄƒng,nháº¡c ná»n  - Minh CÄƒng,/music/nháº¡c-ná»n-Minh-CÄƒng-7536356424654342928?lang=eng,6222.0,25.0,87.0
1754586000.0,ChÃºc cáº£ nhÃ  vui váº»,[],https://www.tiktok.com/@kimthanh70tayninh/video/7536061922609859858,kimthanh70tayninh,ð“–Ã¡ð“² ð“ ð“¾Ãª ð“‘ð“¸ð“µð“®ð“»ð“¸,nháº¡c ná»n  - ð“–Ã¡ð“² ð“ ð“¾Ãª ð“‘ð“¸ð“µð“®ð“»ð“¸,/music/nháº¡c-ná»n-ð“–Ã¡ð“²-ð“ ð“¾Ãª-ð“‘ð“¸ð“µð“®ð“»ð“¸-7536061961709079297?lang=eng,2863.0,64.0,340.0
1755164557.0,Ai nÃ³i liá»‡u lÃ  cáº£i xanh máº·t luÃ´n Ä‘Ã³â€¦khÃºc nÃ y chÆ°a tá»‘n 4 mÅ©i 1trâ€¦.ðŸ˜‚ðŸ˜‚,[],https://www.tiktok.com/@ku_sil_pro/video/7538293102184860946,ku_sil_pro,â¤ï¸ ku Sá»‹Lâ¤ï¸,nháº¡c ná»n  - â¤ï¸ ku Sá»‹Lâ¤ï¸,/music/nháº¡c-ná»n-â¤ï¸-ku-Sá»‹Lâ¤ï¸-7538293131427580673?lang=eng,21100.0,179.0,1868.0
1754586000.0,"ngÆ°á»i thÃ¢n,báº¡n bÃ¨,Ä‘á»“ng nghiá»‡p bÃ  con lá»‘i xÃ³m,vÃ  bao tháº¿ há»‡ há»c sinh vÃ´ cÃ¹ng thÆ°Æ¡ng tiáº¿c,tiá»…n Ä‘Æ°a cÃ´ vá» cÃµi pháº­t má»™t nhÃ  giÃ¡o hiá»n lÃ nh giáº£n dá»‹ ðŸ™ðŸ™ðŸ™ðŸ™",[],https://www.tiktok.com/@thao_19884/video/7536137662210559233,thao_19884,LÃ£ thao sÆ¡n Ä‘á»™ng,Nam MÃ´ A Di ÄÃ  Pháº­t - Version 1 - Vu Huu Minh,/music/Nam-MÃ´-A-Di-ÄÃ -Pháº­t-Version-1-7414941024927811600?lang=eng,13400.0,1384.0,452.0
1754991757.0,Káº¿t báº¡n liÃªn Ä‘á»™i trÆ°á»Ÿng,[],https://www.tiktok.com/@mat.troi.moc1/video/7537524782024215826,mat.troi.moc1,Cao Nháº­t ThÃ¹y,nháº¡c ná»n  - Cao Nháº­t ThÃ¹y,/music/nháº¡c-ná»n-Cao-Nháº­t-ThÃ¹y-7537524845023349505?lang=eng,37700.0,5650.0,28500.0
1755078157.0,"TÃ³c xanh , siÃªu nhÃ¢n xanh :)","['#trending', '#fyp']",https://www.tiktok.com/@trannhattan4/video/7538026601221557512,trannhattan4,Tráº§n Nháº­t TÃ¢n,nháº¡c ná»n - thá»‹t nÆ°á»›ngâ€™s wife,/music/nháº¡c-ná»n-7273347151617805058?lang=eng,49700.0,591.0,2304.0
1754413200.0,Máº¯ng cáº£ dÃ¢n cÆ¡ mÃ ,"['#xuanhai', '#a80', '#dieubinhdieuhanh', '#phongquankhongquan', '#fyp', '#fyp', '#xh']",https://www.tiktok.com/@huyen__ph/video/7535262007268838663,huyen__ph,ðŸ‘¾ Huyá»n Pháº¡m ðŸ‘¾,nháº¡c ná»n  - ðŸ‘¾ Huyá»n Pháº¡m ðŸ‘¾,/music/nháº¡c-ná»n-ðŸ‘¾-Huyá»n-Pháº¡m-ðŸ‘¾-7535262059978640144?lang=eng,24800.0,175.0,640.0
1754818957.0,CÃ¡i bÃ´ng nÃ y má»›i Ä‘á»§ wowðŸ˜†,"['#chiyeuminhanh', '#fyp']",https://www.tiktok.com/@myxhanf/video/7536811643553058055,myxhanf,Babyboo11,rock that body x outside - ryan chong,/music/rock-that-body-x-outside-7514111157490305834?lang=eng,77300.0,654.0,2017.0
1754905357.0,LÃ o tá»« chá»‘i tháº³ng vá»›i lá»i cáº§u cá»©u cá»§a Campuchia chÃºng tÃ´i khÃ´ng káº» vÃ´ Æ¡n,"['#vietnam', '#toiyeuvietnam', '#laosðŸ‡±ðŸ‡¦', '#videoviral', '#vairal', '#fyp']",https://www.tiktok.com/@hongkhaptiktok/video/7537095460280978710,hongkhaptiktok,VIá»†T NAM TÃ”I Äáº¤Y,nháº¡c ná»n  - VIá»†T NAM TÃ”I Äáº¤Y,/music/nháº¡c-ná»n-VIá»†T-NAM-TÃ”I-Äáº¤Y-7537095438781565718?lang=eng,45900.0,963.0,1596.0
1755250957.0,,['#xuhuong'],https://www.tiktok.com/@hoaphanspeed/video/7538793844511575304,hoaphanspeed,HOA PHAN,Ð¾Ñ€Ð¸Ð³Ð¸Ð½Ð°Ð»ÑŒÐ½Ñ‹Ð¹ Ð·Ð²ÑƒÐº - Hirsh,/music/Ð¾Ñ€Ð¸Ð³Ð¸Ð½Ð°Ð»ÑŒÐ½Ñ‹Ð¹-Ð·Ð²ÑƒÐº-7531389684337904401?lang=eng,25400.0,183.0,1315.0
1754818957.0,CÃ¡i nÃ o cháº¯c cÃº mÃ¬nh Æ°u tiÃªn nha cáº£ nhÃ  ðŸ˜ðŸ¤£,"['#dvluongthethanh', '#luongthethanh', '#tiktokgiaitri']",https://www.tiktok.com/@dvluongthethanh/video/7536864492987125000,dvluongthethanh,LÆ°Æ¡ng Tháº¿ ThÃ nh,nháº¡c ná»n  - caohungcantho,/music/nháº¡c-ná»n-caohungcantho-7520873945132387089?lang=eng,82800.0,2946.0,4127.0
1754818957.0,"Chá»‹ PhÆ°Æ¡ng cÃ³ Hiáº¿u láº¯m! bÃ¡n lá»— nhÃ  200tr Ä‘á»ƒ chá»¯a bá»‡nh cho máº¹ giÃ , ngay LÃª Minh XuÃ¢n- BÃ¬nh ChÃ¡nh","['#nhabinhchanh', '#nhacauxang', '#shorts', '#nhangop', '#nhagiare', '#nhatphcm']",https://www.tiktok.com/@nharevanphuong/video/7536814195409472786,nharevanphuong,NhÃ  Ráº» VÄƒn PhÆ°Æ¡ng,nháº¡c ná»n - ð™†ð™ˆ.ð™ˆð™ªð™¨ð™žð™˜,/music/nháº¡c-ná»n-7461029596386528022?lang=eng,10200.0,654.0,983.0
1754818957.0,49 gáº·p 500 ðŸ¤£,"['#BTSmedia', '#Blogtamsu', '#viralvideo', '#xuhuong', '#animals', '#viral', '#funny', '#haihuoc', '#vuinhon', '#tiger']",https://www.tiktok.com/@blogtamsu.nghenghiep/video/7536406445680610568,blogtamsu.nghenghiep,Blog TÃ¢m Sá»± - Nghá» Nghiá»‡p,Dáº¥u ChÃ¢n LÃ£ng Tá»­ - TÃ´ Minh Tháº¯ng,/music/Dáº¥u-ChÃ¢n-LÃ£ng-Tá»­-7493145498641500176?lang=eng,20200.0,387.0,689.0
1754672400.0,áž˜áŸ’ážáž¶áž™áž‡áž¶áž‘áž¸ážŸáŸ’ážšáž¡áž¶áž‰áŸ‹ðŸ™â¤ï¸â€ðŸ”¥,['#cambodia'],https://www.tiktok.com/@_duy.manh07/video/7536548445998386439,_duy.manh07,â“.,nháº¡c ná»n  - t.nxingaoz,/music/nháº¡c-ná»n-tnxingaoz-7524529430510373648?lang=eng,128199.99999999999,987.0,1062.0
1754818957.0,,['#fyp'],https://www.tiktok.com/@swetcarot/video/7536941510835571986,swetcarot,CÃ  rá»‘t,nháº¡c ná»n  - CÃ  rá»‘t,/music/nháº¡c-ná»n-CÃ -rá»‘t-7536941565227387664?lang=eng,61500.0,811.0,41400.0
1754991757.0,ChÃºc má»«ng sinh Nháº­t bÃ¡c Linh,"['#chuthanhhuyen', '#quanghai', '#Lido', '#fyp']",https://www.tiktok.com/@chuthanhhuyen.official/video/7537596375458909448,chuthanhhuyen.official,Chu Thanh Huyá»n,nháº¡c ná»n - Tháº£o nguyÃªn - Ñ‚Ð½áº£o ngÏ…yÃªnâ¦,/music/nháº¡c-ná»n-Tháº£o-nguyÃªn-7360696211550079745?lang=eng,72000.0,146.0,235.0
1754672400.0,,['#factory'],https://www.tiktok.com/@birdvana/video/7536549562882755871,birdvana,BirdVanaðŸŒ¾,original sound - BirdVanaðŸŒ¾,/music/original-sound-7536554775303834399?lang=eng,17400.0,245.0,1858.0
1755164557.0,"Gáº¯n Ä‘Ã¨n xe cáº£nh sÃ¡t Ä‘á»ƒ Ä‘Ã o lá»­a, thanh niÃªn niÃªn hoÃ¡ thÃ nh mÅ© báº£o hiá»ƒm Ä‘á»ƒ trá»‘n","['#khoahoc', '#suthatthuvi', '#learnontiktok', '#khampha', '#fyp']",https://www.tiktok.com/@df999moingaymotfact/video/7538342650936642836,df999moingaymotfact,DF999 Má»—i NgÃ y Má»™t Fact,original sound  - DF999 Má»—i NgÃ y Má»™t Fact,/music/original-sound-DF999-Má»—i-NgÃ y-Má»™t-Fact-7538342734097074961?lang=eng,20600.0,82.0,658.0
1755078157.0,,"['#xuhuongtiktok', '#tiÌ‡ktok', '#mientay', '#ngan']",https://www.tiktok.com/@_kn_tv/video/7538036555072539920,_kn_tv,Kim NgÃ¢n,Náº¯ng DÆ°á»›i ChÃ¢n MÃ¢y AIR Remix - AIR Vinahouse,/music/Náº¯ng-DÆ°á»›i-ChÃ¢n-MÃ¢y-AIR-Remix-7522643011608611601?lang=eng,5389.0,1195.0,1793.0
1754586000.0,Tráº£ lá»i,"['#utli', '#67', '#xuhuobg2025', '#thinhhanh']",https://www.tiktok.com/@utli.67/video/7536352042638494994,utli.67,ÃšT LÃ¬,nháº¡c ná»n  - ÃšT LÃ¬,/music/nháº¡c-ná»n-ÃšT-LÃ¬-7536352078843661072?lang=eng,2544.0,55.0,115.0
1754905357.0,Idol hÃ¡t hay quÃ¡,"['#CapCut', '#tiktok', '#tn', '#tayninh', '#tpprnj']",https://www.tiktok.com/@ahphicog62la/video/7537348841658453256,ahphicog62la,â˜†ï¼°ï¼¨Ã¡ï¼´â—ï¼³ï¼µï¼°ï¼°ï¼¥ï¼²âœˆï¸,nháº¡c ná»n - cáº­u Ãºt nháº¡c 8x9x - NÆ°á»›c Giáº·t Sorami,/music/nháº¡c-ná»n-cáº­u-Ãºt-nháº¡c-8x9x-7306280619880024834?lang=eng,11000.0,155.0,143.0
1754818957.0,,"['#fyp', '#foryou', '#khinshwe']",https://www.tiktok.com/@khinshwe834/video/7536850395277085960,khinshwe834,Khin Shwe,One day in india - Khin Shwe,/music/One-day-in-india-7536850423651535633?lang=eng,462500.0,2826.0,100100.0
1755164557.0,HLV sá»‘ 1 máº£ng gÃ¢y cÆ°á»i.,"['#AOGW25', '#IF', '#Recap', '#GoGetIt']",https://www.tiktok.com/@caothulienquan.official/video/7538423957356088581,caothulienquan.official,Cao Thá»§ LiÃªn QuÃ¢n Official,original sound  - Cao Thá»§ LiÃªn QuÃ¢n Official,/music/original-sound-Cao-Thá»§-LiÃªn-QuÃ¢n-Official-7538423957238860550?lang=eng,21900.0,226.0,1364.0
1754991757.0,Mai Há»“ng Cuá»‘n vÃ  pha chá»‘t sale 1 tá»· ðŸ˜±,[],https://www.tiktok.com/@giavien.furniture/video/7537541865323711765,giavien.furniture,Ná»™i Tháº¥t Sang Trá»ng,nháº¡c ná»n  - Ná»™i Tháº¥t Sang Trá»ng,/music/nháº¡c-ná»n-Ná»™i-Tháº¥t-Sang-Trá»ng-7537541955459926800?lang=eng,67800.0,667.0,7131.0
1754586000.0,Hihi,[],https://www.tiktok.com/@tvbtraam/video/7536052733992766727,tvbtraam,Marthaâœ¨ðŸ¦‹,nháº¡c ná»n  - á»ž ÄÃ¢y CÃ³ Tuá»•i ThÆ¡,/music/nháº¡c-ná»n-á»ž-ÄÃ¢y-CÃ³-Tuá»•i-ThÆ¡-7529797533766339344?lang=eng,100100.0,100.0,3873.0
1754818957.0,Nháº£ vÃ­a thi Ä‘á»— báº±ng lÃ¡i xe mÃ¡y cho cÃ¡c báº¡n sáº¯p thi ðŸ€ðŸ€ðŸ€,"['#anhzaidaylai', '#thibanglaixe', '#vongso8', '#xuhuong', '#viral']",https://www.tiktok.com/@anhzaidaylai/video/7536799609532747015,anhzaidaylai,Anh Zai Dáº¡y LÃ¡i,nháº¡c ná»n - Nqoc Lieen ðŸŒ· - Nqocc Lieen ðŸŒ±,/music/nháº¡c-ná»n-Nqoc-Lieen-ðŸŒ·-7515332608595692305?lang=eng,5005.0,101.0,1821.0
1755164557.0,HoÃ i LÃ¢m ngáº¡i ngÃ¹ng khi chá»¥p hÃ¬nh cÃ¹ng 2 diá»…n viÃªn ná»¯ BÃ­ch Ngá»c - HoÃ ng Yáº¿n táº¡i buá»•i cÃºng khai mÃ¡y phim ThiÃªn ÄÆ°á»ng M.Ã¡.u,"['#Meowentertainment', '#meownetwork', '#Tiktokgiaitri', '#Saptinggg', '#ThienDuongMau', '#ThienDuongMauByMeow']",https://www.tiktok.com/@meowentertainmentvn/video/7538250957159795988,meowentertainmentvn,MEOW ENTERTAINMENT,LÃ¹i Láº¡i Láº¥y ÄÃ  - Thá»‘ng,/music/LÃ¹i-Láº¡i-Láº¥y-ÄÃ -7532756399820015617?lang=eng,42100.0,231.0,1019.0
1755250957.0,Má»i CÃ¡c bÃ¡c dá»± giá» tiáº¿t há»c cá»§a Lido a,"['#quanghai', '#chuthanhhuyen', '#Lido', '#fyp']",https://www.tiktok.com/@chuthanhhuyen.official/video/7538750211615722760,chuthanhhuyen.official,Chu Thanh Huyá»n,nháº¡c ná»n  - Chu Thanh Huyá»n,/music/nháº¡c-ná»n-Chu-Thanh-Huyá»n-7538750235686865681?lang=eng,167300.0,1747.0,7043.0
1754818957.0,Trá»‹u luÃ´ng,"['#xuling', '#thanhbinh', '#nagayme', '#xh']",https://www.tiktok.com/@_qw004/video/7536870708203375890,_qw004,Sa rang he o,nháº¡c ná»n  - _Nguyá»‡t_,/music/nháº¡c-ná»n-Nguyá»‡t-7469770910360046352?lang=eng,67500.0,453.0,3378.0
1754905357.0,Tiáº¿ng nÃ³i uy lá»±c,"['#fyp', '#fypã‚·', '#viral', '#xuhuong', '#trending', '#CapcutTemplate', '#FunnyVideoVN']",https://www.tiktok.com/@eera.hie/video/7537267348571557128,eera.hie,Eera,nháº¡c ná»n  - Share Máº«u Capcut xá»‹n ðŸ«¶ðŸ»,/music/nháº¡c-ná»n-Share-Máº«u-Capcut-xá»‹n-ðŸ«¶ðŸ»-7523476901107092241?lang=eng,32500.0,966.0,68700.0
1754991757.0,"Äáº§u Ä‘inh, Ä‘á»ƒ tÃ³c dÃ i?","['#vivacoffee', '#xuhuongtiktok', '#fyp']",https://www.tiktok.com/@viva.coffee.pnl.l/video/7537667443230035207,viva.coffee.pnl.l,Viva Coffee PNL ÄÃ  Láº¡t,got nothing in my brain - user101010101010*-*,/music/got-nothing-in-my-brain-7043722510554254106?lang=eng,14200.0,169.0,2334.0
1753549200.0,"HÃ²a bÃ¬nh khÃ´ng pháº£i lÃ  Ä‘iá»ƒm dá»«ng cho sá»© má»‡nh cá»§a ngÆ°á»i lÃ­nh mÃ  lÃ  khá»Ÿi Ä‘áº§u cho nhá»¯ng trÃ¡ch nhiá»‡m má»›i, Ã¢m tháº§m nhÆ°ng Ä‘áº§y thá»­ thÃ¡ch. Vá»›i há», hÃ²a bÃ¬nh khÃ´ng pháº£i lÃ  sá»± nghá»‰ ngÆ¡i mÃ  lÃ  lá»i nháº¯c nhá»Ÿ vá» sá»© má»‡nh báº£o vá»‡ Ä‘áº¥t nÆ°á»›c, báº£o vá»‡ tá»«ng nhá»‹p sá»‘ng bÃ¬nh yÃªn. CÃ²n Ä‘á»‘i vá»›i ngÆ°á»i dÃ¢n Viá»‡t Nam thÃ¬ dÃ¹ trong thá»i bÃ¬nh hay thá»i chiáº¿n, con ngÆ°á»i Viá»‡t Nam váº«n luÃ´n Ä‘oÃ n káº¿t, yÃªu thÆ°Æ¡ng, Ä‘Ã¹m bá»c láº«n nhau. ÄÃ³ lÃ  tÃ¬nh Ä‘á»“ng bÃ o, tÃ¬nh quÃ¢n dÃ¢n mÃ£nh liá»‡t. ðŸ‡»ðŸ‡³â¤ï¸","['#vietnam', '#vietnamtoiyeu', '#xh', '#fyp', '#CapCut', '#viral', '#hoabinh', '#thankyou', '#trending', '#tiktokviral', '#bodoi']",https://www.tiktok.com/@joliee.0/video/7531658269601860872,joliee.0,joliee.0,nháº¡c ná»n  - joliee.0,/music/nháº¡c-ná»n-joliee0-7531658309070359313?lang=eng,330700.0,1166.0,18800.0
1754818957.0,NhÃ¬n 2 con láº§n Ä‘áº§u Ä‘c di biá»ƒn .ngÃ¢y thÆ¡ vui váº».ðŸ¥°máº¹ cÅ©ng vuiâ¤ï¸,"['#vungtau', '#bienvungtauðŸŒŠðŸŒŠ']",https://www.tiktok.com/@thanhtuyen010995/video/7536913197262048520,thanhtuyen010995,ð“£ð“¾ð”‚ð“®Ì‚Ì€ð“·1-9-9-5ðŸ–¤,nháº¡c ná»n  - Tour BÃ¬nh HÆ°ng,/music/nháº¡c-ná»n-Tour-BÃ¬nh-HÆ°ng-7536817423434550017?lang=eng,1641.0,87.0,58.0
,,[],https://www.tiktok.com/@trananhthu1812/video/7538260311296560392,,,,,0.0,0.0,0.0
1755164557.0,Láº¡i rÆ¡iiiiiii,[],https://www.tiktok.com/@_thuys.ngaan/video/7538101218598587656,_thuys.ngaan,_thuys.ngaan,nháº¡c ná»n  - ðšœðš˜ ðšœðšŠðš ðšŒðšžÌ›Ì£ðšŒ ðš–ðšŠÌ£ðš—ðš‘,/music/nháº¡c-ná»n-ðšœðš˜-ðšœðšŠðš-ðšŒðšžÌ›Ì£ðšŒ-ðš–ðšŠÌ£ðš—ðš‘-7427841479713753873?lang=eng,120600.0,817.0,30500.0
1754499600.0,thá»‹t boÃ  cháº¥t lÆ°Æ¡ng cao háº¹ háº¹ háº¹,"['#haipechondo', '#tiktokgiaitri', '#love', '#couple']",https://www.tiktok.com/@haipechondo/video/7535806461725707538,haipechondo,HAI PÃ‰ CHÃ’N DO,"Comedy Scenes - Comical, stupid, odd, lovely (Drumless)(1441321) - Ponetto",/music/Comedy-Scenes-Comical-stupid-odd-lovely-Drumless-1441321-7234217459228985345?lang=eng,55800.0,510.0,1636.0
1754672400.0,Má»i cuá»™c nch Ä‘á»u cÃ³ lÃ½ do,"['#yumnetwork', '#yumnet', '#tiktoknews', '#himachan', '#tiktokviral']",https://www.tiktok.com/@himachan.yum/video/7536546777927814418,himachan.yum,HimÃ¡,nháº¡c ná»n  - HimÃ¡,/music/nháº¡c-ná»n-HimÃ¡-7536546836148996881?lang=eng,15300.0,113.0,433.0
1754818957.0,PhÃ¡ Cá»­a gáº·p Cha PhÃ³ Sá»¹  ðŸ¥¹,"['#_anhglv_', '#conggiao', '#xh']",https://www.tiktok.com/@_anhglv_/video/7536762824563952904,_anhglv_,Anh GiÃ¡o LÃ½ DiÃªn ðŸ”«,nháº¡c ná»n  - Anh GiÃ¡o LÃ½ DiÃªn ðŸ”«,/music/nháº¡c-ná»n-Anh-GiÃ¡o-LÃ½-DiÃªn-ðŸ”«-7536762844486912769?lang=eng,74300.0,1227.0,12800.0
1754672400.0,"Mukbang cÆ¡m nhÃ  máº¹ náº¥u, TikToker láº¡i gáº·p kiáº¿p náº¡n bá»‹ nÃ³i â€œÄƒn theoâ€ Pun, CÄM soi tá»« cÃ¡i muá»—ng cho Ä‘áº¿n cÃ¡ch Äƒn","['#yan', '#yanstorytrending', '#storytrending', '#tiktok', '#tolapun']",https://www.tiktok.com/@storytrending.official/video/7536578602255633671,storytrending.official,STory Trending,Fashion Chill - TT,/music/Fashion-Chill-7280207776688982017?lang=eng,111100.0,5184.0,4145.0
1754672400.0,ðŸ˜‚,"['#GiaDinhBanhGeo', '#fypã‚·', '#viral', '#xh', '#trending', '#j4f', '#xuhuong']",https://www.tiktok.com/@giadinhbanhgeo/video/7536424925867904274,giadinhbanhgeo,Gia ÄÃ¬nh BÃ¡nh Gáº¹o,nháº¡c ná»n  - paullummeme,/music/nháº¡c-ná»n-paullummeme-7389223069463612176?lang=eng,7660.0,119.0,175.0
1755078157.0,NgÃ y xÆ°a ngÃ¢y ngÃ´ nhÆ° lÃ  chÃº nai conâ€¦ â€œVá»‹ NhÃ  - HoÃ ng Thuá»³ Linh x Äenâ€,"['#vinha', '#hoangthuylinh', '#den', '#BanNhacSuy', '#xh']",https://www.tiktok.com/@ban_nhac_suy/video/7538070368582487314,ban_nhac_suy,ðŸŽ¶ ð‘©ð’‚Ì‰ð’ ð‘µð’‰ð’‚Ì£ð’„ ð‘ºð’–ð’š ðŸŽ¶,nháº¡c ná»n  - ðŸŽ¶ ð‘©ð’‚Ì‰ð’ ð‘µð’‰ð’‚Ì£ð’„ ð‘ºð’–ð’š ðŸŽ¶,/music/nháº¡c-ná»n-ðŸŽ¶-ð‘©ð’‚Ì‰ð’-ð‘µð’‰ð’‚Ì£ð’„-ð‘ºð’–ð’š-ðŸŽ¶-7538070438539184912?lang=eng,203100.0,551.0,11100.0
1755078157.0,"TÃ´i vÃ  BÆ¡ vá»«a chá»©ng kiáº¿n cáº£nh thao tÃºng hÃ nh vi trong tá»± nhiÃªn. Noc doc cá»§a tÃ² vÃ² k gi*t con má»“i mÃ  â€œláº­p trÃ¬nhâ€ láº¡i nÃ£o, tÆ°á»›c Ä‘i báº£n nÄƒng chá»‘ng cá»±. XÃ£ há»™i cÅ©ng váº­y, chuyá»‡n nÃ y xáº£y ra thÆ°á»ng xuyÃªn hÆ¡n ta nghÄ©, vÃ  káº» thao tÃºng Ä‘Ã´i khi ráº¥t â€œnhá»â€ nhá» vá» vá»‹ tháº¿, nhá» vá» sá»©c máº¡nh, nhÆ°ng láº¡i Ä‘á»§ tinh vi Ä‘á»ƒ Ä‘iá»u khiá»ƒn hÃ nh vi ngÆ°á»i khÃ¡c theo Ã½ mÃ¬nh.","['#thaotungtamly', '#hanhvi', '#tovo', '#gian']",https://www.tiktok.com/@btssoul87/video/7537962678514388231,btssoul87,HoÃ ng SÆ¡n,ã‚ªãƒªã‚¸ãƒŠãƒ«æ¥½æ›²  - KyataðŸŽ»,/music/ã‚ªãƒªã‚¸ãƒŠãƒ«æ¥½æ›²-KyataðŸŽ»-7395523595491265281?lang=eng,22700.0,240.0,3511.0
1754905357.0,Back to schoolâ€¦ Ä‘á»£i vd unbox nhÃ¡,"['#xuhuong', '#backtoschool', '#fyp', '#viral', '#lailachauday08', '#unboxing']",https://www.tiktok.com/@lailachauday08/video/7537344688169159943,lailachauday08,Láº¡iii lÃ  chouuu Ä‘Ã¢y ðŸ˜¶â€ðŸŒ«ï¸,nháº¡c ná»n  - Láº¡iii lÃ  chouuu Ä‘Ã¢y ðŸ˜¶â€ðŸŒ«ï¸,/music/nháº¡c-ná»n-Láº¡iii-lÃ -chouuu-Ä‘Ã¢y-ðŸ˜¶â€ðŸŒ«ï¸-7537344705795099408?lang=eng,26700.0,287.0,1410.0
1754991757.0,Cá»‘ lÃªn tÃ´i Æ¡i cÃ²n 39 ngÃ y,"['#vlog', '#tapgym', '#nvnm', '#tnk5']",https://www.tiktok.com/@thegioibimat.cualam/video/7537716702683860232,thegioibimat.cualam,tháº¿ giá»›i bÃ­ máº­t cá»§a Lam,nháº¡c ná»n - odaymotchut - tháº¿ giá»›i bÃ­ máº­t cá»§a Lam,/music/nháº¡c-ná»n-odaymotchut-7537716756534594321?lang=eng,7724.0,101.0,250.0
1755078157.0,mÃ¬nh pháº£i bÃ¡i thiáº¿n hÆ¡n,['#fyp'],https://www.tiktok.com/@npngan__/video/7537942768736406802,npngan__,Trá»‹nh Tráº§n PhÆ°Æ¡ng NgÃ¢n,nháº¡c ná»n  - Trá»‹nh Tráº§n PhÆ°Æ¡ng NgÃ¢n,/music/nháº¡c-ná»n-Trá»‹nh-Tráº§n-PhÆ°Æ¡ng-NgÃ¢n-7537942796909415185?lang=eng,126100.0,1810.0,55500.0
1755164557.0,BÃ¡o Äá»i BÃ¡o ÄÃ³m ðŸ˜Œ,[],https://www.tiktok.com/@thanhnhavlog12/video/7538300529026272519,thanhnhavlog12,Thanh NhÃ£ Black,Funny - Gold-Tiger,/music/Funny-6927016038370428930?lang=eng,31000.0,172.0,422.0
1752598800.0,HÃ¬nh áº£nh cá»§a Äá»— Thá»‹ HÃ  hiá»‡n táº¡i khiáº¿n cÃ´ng chÃºng pháº£i táº¥m táº¯c khen ngá»£i vÃ¬ quÃ¡ ra dÃ¡ng má»™t nÃ ng dÃ¢u â¤ï¸,"['#lollipop_VNteam', '#BOSSGIRLBEAUTY', '#DoThiHa', '#HoaHauVietNam']",https://www.tiktok.com/@tran.ghuy/video/7527681973091962130,tran.ghuy,ð—•ð—¢ð—¦ð—¦ð—šð—œð—¥ð—Ÿ ð—•ð—˜ð—”ð—¨ð—§ð—¬,nháº¡c ná»n  - ð—•ð—¢ð—¦ð—¦ð—šð—œð—¥ð—Ÿ ð—•ð—˜ð—”ð—¨ð—§ð—¬,/music/nháº¡c-ná»n-ð—•ð—¢ð—¦ð—¦ð—šð—œð—¥ð—Ÿ-ð—•ð—˜ð—”ð—¨ð—§ð—¬-7527682004332727056?lang=eng,51800.0,247.0,1904.0
1754672400.0,XEM MÃ€ HOÃ€I NIá»†M,"['#cauchuyentute', '#theanh28', '#tuoitho', '#quehuong', '#vietnam']",https://www.tiktok.com/@cauchuyentutevn/video/7536526900341427464,cauchuyentutevn,CÃ¢u Chuyá»‡n Tá»­ Táº¿,Take Your Ease Under The Stars - NS Records,/music/Take-Your-Ease-Under-The-Stars-7176165317066885122?lang=eng,202300.0,838.0,7524.0
1754672400.0,khÃ´ng biáº¿t noÃ¡ sá»£ gÃ¬ Ã¡,['#trending'],https://www.tiktok.com/@chikhang0311/video/7536568444435647751,chikhang0311,ChÃ­ Khang,nháº¡c ná»n  - ChÃ­ Khang,/music/nháº¡c-ná»n-ChÃ­-Khang-7536568479214947088?lang=eng,42800.0,458.0,17800.0
1754905357.0,,"['#foreverest', '#xls', '#caukinhrongmay']",https://www.tiktok.com/@sapa_oi/video/7537275489812106497,sapa_oi,Sapa Æ¡i,nháº¡c ná»n  - Sapa Æ¡i,/music/nháº¡c-ná»n-Sapa-Æ¡i-7537275762160700177?lang=eng,5564.0,273.0,73.0
1754586000.0,Náº¿t cá»¡ Ä‘Ã³,"['#Cheeselanhlung', '#kwonjiyong', '#gdragon', '#fyp', '#foryou']",https://www.tiktok.com/@cheese.iu_jiyong/video/7536226527407656199,cheese.iu_jiyong,â‹†à±¨à§ŽËšâŸ¡ð˜¾ð™ð™šð™šð™¨ð™š-ð™Ÿð™žð™£à£ªâ‹†Ëšê©œï½¡,nháº¡c ná»n - cheese.iu_jiyong - â‹†à±¨à§ŽËšâŸ¡ð˜¾ð™ð™šð™šð™¨ð™š-ð™Ÿð™žð™£à£ªâ‹†Ëšê©œï½¡,/music/nháº¡c-ná»n-cheeseiujiyong-7536226553408703233?lang=eng,118900.0,604.0,4712.0
1755250957.0,Tui bá»‹ ngá»©a khÃ´ng biáº¿t do Ä‘Ã¢u ðŸ§,[],https://www.tiktok.com/@imnnouu/video/7538720647468322066,imnnouu,imnnouu,nháº¡c ná»n  - imnnouu,/music/nháº¡c-ná»n-imnnouu-7538720668230126337?lang=eng,28200.0,250.0,6281.0
1754818957.0,Highest mountain,"['#fyp', '#kaspahon']",https://www.tiktok.com/@kaspahonpc/video/7536893612563451154,kaspahonpc,Kaspahon,original sound  - Kaspahon,/music/original-sound-Kaspahon-7536893643530029825?lang=eng,155800.0,681.0,22300.0
1754818957.0,báº£o a báº¯t trend mÃ  trend nÃ y hÆ¡i láº¡ ðŸ˜ðŸ˜,"['#CapCut', '#xuhuong', '#fypã‚·', '#dantauthuyen', '#dantauthuyenmienbac']",https://www.tiktok.com/@thanhloan5346/video/7536912589180177685,thanhloan5346,ðŸŒº  Loan Loan  ðŸŒº,nháº¡c ná»n  - Ãnh Ngá»c,/music/nháº¡c-ná»n-Ãnh-Ngá»c-7505770880765659905?lang=eng,12500.0,426.0,435.0
1754586000.0,,['#nenorp'],https://www.tiktok.com/@nenorpmax/video/7536100293193305366,nenorpmax,nenorpmax,Italian brainrot song - Sheep VlogðŸ‡»ðŸ‡³,/music/Italian-brainrot-song-7513530061108087553?lang=eng,10000.0,317.0,455.0
1753290000.0,cÃ³ gÃ¬ láº¡ láº¡,['#namphuong'],https://www.tiktok.com/@namphuong25.12/video/7530678273261473032,namphuong25.12,NAM PHÆ¯Æ NG ðŸ‡»ðŸ‡³,nháº¡c ná»n  - NAM PHÆ¯Æ NG ðŸ‡»ðŸ‡³,/music/nháº¡c-ná»n-NAM-PHÆ¯Æ NG-ðŸ‡»ðŸ‡³-7530678318518078209?lang=eng,149700.0,2096.0,14600.0
1754818957.0,tá»± hÃ o lÃ  ngÆ°á»i Viá»‡t NamðŸ’›,[],https://www.tiktok.com/@dinhkhanhduy11/video/7536641830952209671,dinhkhanhduy11,Äinh KhÃ¡nh Duy,CÃ²n GÃ¬ Äáº¹p HÆ¡n - MÆ°a Äá» Original Soundtrack - Nguyá»…n HÃ¹ng,/music/CÃ²n-GÃ¬-Äáº¹p-HÆ¡n-MÆ°a-Äá»-Original-Soundtrack-7530599680449185793?lang=eng,243000.0,724.0,9050.0
1754586000.0,?,[],https://www.tiktok.com/@totuctatuctac/video/7536224515903425800,totuctatuctac,Tá»“ TÃ­t,nháº¡c ná»n - Kousei but no classic,/music/nháº¡c-ná»n-7216696889226726145?lang=eng,2659.0,248.0,4480.0
1754240400.0,ðŸ˜™ðŸ˜™,"['#CapCut', '#xh', '#hii', '#xuhuongtiktok', '#fyp']",https://www.tiktok.com/@ngohoangmykimq7/video/7534727648887590152,ngohoangmykimq7,pu pi ðŸŽ€,nháº¡c ná»n - ðŸŽµ TRáº M NHáº C G&G - user03790438438,/music/nháº¡c-ná»n-ðŸŽµ-TRáº M-NHáº C-GG-7435609364151945985?lang=eng,48100.0,6566.0,214300.0
1754672400.0,,"['#fyp', '#xuhuong', '#fpyã‚·', '#foryou', '#fppppppppppppppppppp']",https://www.tiktok.com/@l_5e3r/video/7536452016961260807,l_5e3r,LÆ°u HÃ¹ng (wish),åŽŸè² - YrEA,/music/åŽŸè²-7531951175141722936?lang=eng,81700.0,2107.0,32700.000000000004
1754672400.0,Hihi,[],https://www.tiktok.com/@uz.quankin/video/7536541315870264584,uz.quankin,kin,nháº¡c ná»n  - ð‘¾ð’‚ð’ð’ˆð’ð’†ð’†,/music/nháº¡c-ná»n-ð‘¾ð’‚ð’ð’ˆð’ð’†ð’†-7528307039576001297?lang=eng,117500.0,862.0,10100.0
1755250957.0,Giáº£i cá»©u bÃ© Sol,"['#tintucshowbiz', '#tiktokgiaitri', '#tiktok', '#vbiz', '#jack', '#besol', '#thienan', '#tt']",https://www.tiktok.com/@vbiznews/video/7538697793708248336,vbiznews,Tin Tá»©c Showbiz,VÃ¬ Em Giá»‘ng Máº¹ Anh (instrumental) - Mon HoÃ ng Anh P336 & P336 Band & MCV Music,/music/VÃ¬-Em-Giá»‘ng-Máº¹-Anh-instrumental-7499872689809983489?lang=eng,25600.0,326.0,2143.0
1753203600.0,Khi cÃ³ ngÆ°á»i há»i tui suá»‘t ngÃ y á»Ÿ nhÃ  khÃ´ng tháº¥y buá»“n Ã  ?ðŸ™„ðŸ¤£,"['#couple', '#xuhuongtiktok', '#lananh1602', '#vlog']",https://www.tiktok.com/@ttlananh/video/7530116191088659719,ttlananh,Lan Anh,nháº¡c ná»n  - No1 Vinahouse,/music/nháº¡c-ná»n-No1-Vinahouse-7524504558328892161?lang=eng,183100.0,785.0,13700.0
,,[],https://www.tiktok.com/@nguyn.cng7016/video/7537649887941381384,,,,,0.0,0.0,0.0
1754818957.0,CÃ³ sung sÆ°á»›ng gÃ¬ Ä‘Ã¢u,"['#ðŸ˜‚', '#ðŸ˜‚ðŸ˜‚ðŸ˜‚', '#haihuoc', '#funny', '#funnytiktok', '#funnyvideo', '#funnyvideos', '#cuoimoingay', '#capcut', '#xuhuong', '#tiktok', '#fyp', '#pet', '#cat', '#dog']",https://www.tiktok.com/@phu180495/video/7536830100860423442,phu180495,CÆ°á»i..Má»—i..NgÃ y,the psycho intro gone wrong ã… ã…  - Arielle,/music/the-psycho-intro-gone-wrong-ã… ã… -6991371319392602881?lang=eng,25900.0,959.0,6320.0
1755078157.0,BÃ¡nh donutðŸ©ðŸ©ðŸ©.  CÃ´ng thá»©c Ä‘Ã¢y nha:                        300g bá»™t mÃ¬                                4g mem.                                    45g Ä‘Æ°á»ng                            130ml sá»¯a ko Ä‘g.                    1quáº£ trá»©ng.                               30g bÆ¡ nháº¡t,"['#xuhuong', '#tiktokvn', '#lambanh', '#locket']",https://www.tiktok.com/@thnah.vannie_5/video/7537880609956334856,thnah.vannie_5,Th Vaan,nháº¡c ná»n - ð˜‰á»ð˜µ â™¡ - bá»t tráº§m tÃ­nh nháº¥t tt ðŸ¥°,/music/nháº¡c-ná»n-ð˜‰á»ð˜µ-â™¡-7363524769167543057?lang=eng,40400.0,233.0,4537.0
1754905357.0,My best memories in this ballðŸ˜±ðŸ¤—ðŸ¥¹ðŸ’–,"['#memories', '#love', '#gift', '#couple', '#clingy', '#funny', '#cute']",https://www.tiktok.com/@innovinchi304/video/7537076283256114462,innovinchi304,Innovinchi,original sound - lyrsae,/music/original-sound-7409006893561121542?lang=eng,880400.0,14400.0,189300.0
1755164557.0,láº¡i lÃ  chÃºng tÃ´i khi Ä‘i cÃ´ng tÃ¡c chungðŸ˜‚,[],https://www.tiktok.com/@lamthanhkim/video/7538399663481769223,lamthanhkim,LÃ¢m ThÃ nh Kim,nháº¡c ná»n  - LÃ¢m ThÃ nh Kim,/music/nháº¡c-ná»n-LÃ¢m-ThÃ nh-Kim-7538399699015895825?lang=eng,21200.0,46.0,104.0
1754905357.0,cÃ¡c cÃ´ bÃ© thÃ­ch siÃªu xe,['#kÃªnhgiáº£itrÃ­'],https://www.tiktok.com/@adin.admin/video/7537168799615683848,adin.admin,kÃªnh giáº£i TrÃ­.vn,nháº¡c ná»n  - kÃªnh giáº£i TrÃ­.vn,/music/nháº¡c-ná»n-kÃªnh-giáº£i-TrÃ­vn-7537168827230997249?lang=eng,22800.0,2024.0,549.0
1754991757.0,Sau cÆ¡n mÆ°a,"['#dulich', '#homestay', '#yaourtchuatau', '#dalat', '#thuexemay']",https://www.tiktok.com/@nhatnguyen6894/video/7537665614865878290,nhatnguyen6894,Yaourt PhÃ´ Mai ChÃ¹a TÃ u,nháº¡c ná»n - Ãšt Linh thÃ­nh giáº£ Ä‘Äƒng Ä‘Ã³ - ðŸ¤ªðŸ˜œð¾â„Žð‘– ð‘Ã ð‘œ ð¶Ã³ ð‘ð‘˜ ðŸ™ˆðŸ¤ª,/music/nháº¡c-ná»n-Ãšt-Linh-thÃ­nh-giáº£-Ä‘Äƒng-Ä‘Ã³-7264395113449720578?lang=eng,17300.0,1805.0,15900.0
1754240400.0,MÃºa ÄÃ¡y biá»ƒn nhÆ° kiá»ƒu ná»—i buá»“n cháº¡m Ä‘Ã¡y,[],https://www.tiktok.com/@choiboo94/video/7534576867383381256,choiboo94,choiboo94,nháº¡c ná»n  - Pilinh,/music/nháº¡c-ná»n-Pilinh-7397690395529071361?lang=eng,130400.0,877.0,5717.0
1755078157.0,ThÃ¡i Lan quÃ¢y rÃ o gai sáº¯t quanh Ä‘á»n chiáº¿m dc tá»« campuchia,"['#dongduongintertaiment6', '#tinhangngay', '#tinxahoi24h', '#tintuc24h', '#campuchiathailan']",https://www.tiktok.com/@dongduongintertainment6/video/7538040933191847176,dongduongintertainment6,ÄÃ´ng DÆ°Æ¡ng media Intertainment,nháº¡c ná»n - à½¨à½¼à½¾à¼‹à½˜à¼‹à½“à½²à¼‹à½”à¼‹à½‘à¾¨à½ºà¼‹à½§à½±à½´à¾ƒà¼‹ - ç´«è—¤ðŸ,/music/nháº¡c-ná»n-à½¨à½¼à½¾à¼‹à½˜à¼‹à½“à½²à¼‹à½”à¼‹à½‘à¾¨à½ºà¼‹à½§à½±à½´à¾ƒà¼‹-7274909973187021570?lang=eng,1492.0,46.0,28.0
1754991757.0,KhÃºc cuá»‘i anh nÃ³i gÃ¬ em khÃ´ng hiá»ƒu Ã¡,"['#nguyenmythanh', '#viral', '#comedy']",https://www.tiktok.com/@nguyenmythanh0392/video/7537696712375389453,nguyenmythanh0392,Nguyá»…n Má»¹ Thanh,nháº¡c ná»n  - Nguyá»…n Má»¹ Thanh,/music/nháº¡c-ná»n-Nguyá»…n-Má»¹-Thanh-7537696960686443319?lang=eng,5637.0,179.0,297.0
1753981200.0,Duy Beat dá»… thÆ°Æ¡ng quÃ¡ Ã­.,[],https://www.tiktok.com/@trijennyfer/video/7533466750092938514,trijennyfer,LÃª Thanh TrÃ­,nháº¡c ná»n  - LÃª Thanh TrÃ­,/music/nháº¡c-ná»n-LÃª-Thanh-TrÃ­-7533466778198887184?lang=eng,83000.0,556.0,11400.0
1754240400.0,Kiáº¿p Ngá»±a | TaÌ€i Lanh 44,['#huyseoul'],https://www.tiktok.com/@hkh159357/video/7534400181001915656,hkh159357,KhÃ¡nh HÃ  ðŸ’ ,nháº¡c ná»n  - KhÃ¡nh HÃ  ðŸ’ ,/music/nháº¡c-ná»n-KhÃ¡nh-HÃ -ðŸ’ -7534400253059943184?lang=eng,27400.0,163.0,342.0
1755250957.0,Lá»£i Ãch Cá»§a Viá»‡c CÃ³ Em Trai,[],https://www.tiktok.com/@thubanhmi_1/video/7538630960955411730,thubanhmi_1,ThÆ° BÃ¡nh MÃ¬,nháº¡c ná»n  - ThÆ° BÃ¡nh MÃ¬,/music/nháº¡c-ná»n-ThÆ°-BÃ¡nh-MÃ¬-7538631006346169105?lang=eng,25600.0,143.0,1305.0
1755250957.0,nho thuong em lam ðŸ¤,[],https://www.tiktok.com/@phumynguyennn/video/7538753249885637904,phumynguyennn,PhÃº Má»¹ Nguyá»…n,nháº¡c ná»n  - PhÃº Má»¹ Nguyá»…n,/music/nháº¡c-ná»n-PhÃº-Má»¹-Nguyá»…n-7538753293964364545?lang=eng,50700.0,176.0,809.0
1754240400.0,Biá»ƒu cáº£m báº¥t lá»±c cá»§a Ã´ng tháº§y khi há»c viÃªn vÆ°á»£t Ä‘Ã¨n Ä‘á» ðŸ˜‚,"['#giaothong', '#hoclaixe', '#hoclaixeoto', '#haha', '#plxhvn', '#phapluatxahoi']",https://www.tiktok.com/@plxhvn2/video/7534418553827511607,plxhvn2,Tin NÃ³ng HÃ ng NgÃ y,nháº¡c ná»n  - Tin NÃ³ng HÃ ng NgÃ y,/music/nháº¡c-ná»n-Tin-NÃ³ng-HÃ ng-NgÃ y-7534418607166524215?lang=eng,44800.0,411.0,4656.0
1755250957.0,CÃ´ng nháº­n Bin Kon gim lÃ¢u tháº­t,"['#hÃ nquá»‘c', '#viá»‡tnam']",https://www.tiktok.com/@huongnoi/video/7538782382095125778,huongnoi,Chá»‹ Ná»•i,nháº¡c ná»n  - Chá»‹ Ná»•i,/music/nháº¡c-ná»n-Chá»‹-Ná»•i-7538782405403872001?lang=eng,64700.0,358.0,511.0
1755164557.0,Cho DÃ¹ hÃ²ang cáº£nh cÃ³ ra sau cha váº«n bÃªn cáº¡nh con,"['#fyp', '#xuhuong', '#tiktok']",https://www.tiktok.com/@thai.su.ca.mau.03/video/7538255636723731719,thai.su.ca.mau.03,thai.su.ca.mau.03,nháº¡c ná»n  - Trá»‹nh Nguyá»…n CÃ´ng Chiáº¿n,/music/nháº¡c-ná»n-Trá»‹nh-Nguyá»…n-CÃ´ng-Chiáº¿n-7419539015009536784?lang=eng,41100.0,423.0,1048.0
1752685200.0,Chiáº¿c em bÃ© Äƒn cáº£ tháº¿ giá»›i ðŸ¤£,"['#emberongðŸ‰', '#embeanngoan', '#embehaihuoc']",https://www.tiktok.com/@trantrang2706/video/7528047073262914823,trantrang2706,Tráº§n Trang,"à¹€à¸ªà¸µà¸¢à¸‡à¸•à¹‰à¸™à¸‰à¸šà¸±à¸š - AppleðŸŽðŸŽðŸŽ - ""Ple"" GOT7ðŸŒ´ðŸŠðŸ¢ðŸ‘ðŸ¥’ðŸðŸœðŸ¥ðŸ’š",/music/à¹€à¸ªà¸µà¸¢à¸‡à¸•à¹‰à¸™à¸‰à¸šà¸±à¸š-AppleðŸŽðŸŽðŸŽ-7078483391284284187?lang=eng,21000.0,4837.0,3044.0
1754818957.0,á€á€»á€…á€ºá€…á€›á€¬á€€á€±á€¬á€„á€ºá€¸á€á€šá€º á€á€°á€™á€œá€±á€¸,[],https://www.tiktok.com/@may.zin.hlaing53/video/7536725802759539975,may.zin.hlaing53,May Zin Hlaing,original sound  - May Zin Hlaing,/music/original-sound-May-Zin-Hlaing-7536725842425137936?lang=eng,259200.0,9823.0,301000.0
1754991757.0,"KhÃ³ khÄƒn gÃ¬ cá»© nÃ³i chá»‹, chá»‹ lo cho em Ä‘Æ°á»£c, ThÆ°Æ¡ng Ãšt â¤ï¸â¤ï¸","['#viral', '#tiktok', '#chá»‹2', '#votrinhungvui', '#fyp']",https://www.tiktok.com/@chinhh3005/video/7537569563693600008,chinhh3005,ChinhhChinhh,ThÆ°Æ¡ng Láº¯m Chá»‹ Hai - HÆ°Æ¡ng Lan & DÆ°Æ¡ng ÄÃ¬nh Tiáº¿n,/music/ThÆ°Æ¡ng-Láº¯m-Chá»‹-Hai-7312201613165758465?lang=eng,5377.0,625.0,561.0
1755164557.0,CÃ¡c mom báº§u bÃ© trai hay bÃ© gÃ¡i áº¡,"['#mangthai', '#betrai', '#begai']",https://www.tiktok.com/@review_ngu_coc_me_bau/video/7538389846637792520,review_ngu_coc_me_bau,Máº¸ & BÃ‰,nháº¡c ná»n  - CLOUDPOT ARIYANA NHA TRANG,/music/nháº¡c-ná»n-CLOUDPOT-ARIYANA-NHA-TRANG-7414109852487781121?lang=eng,1801.0,126.0,506.0
1755164557.0,ChÃºc máº¹ iu luÃ´n khá»e máº¡nh bÃ¬nh an â™¥ï¸,"['#chuthanhhuyen', '#quanghai', '#Lido', '#fyp']",https://www.tiktok.com/@chuthanhhuyen.official/video/7538346228501859602,chuthanhhuyen.official,Chu Thanh Huyá»n,nháº¡c ná»n  - Chu Thanh Huyá»n,/music/nháº¡c-ná»n-Chu-Thanh-Huyá»n-7538351425961593616?lang=eng,26300.0,130.0,81.0
1754818957.0,CÆ°á»i nháº¿.c.h lun mÃ ðŸ˜†,['#baby'],https://www.tiktok.com/@baongoc102024/video/7536881093396466961,baongoc102024,Máº¹ vÃ  con gÃ¡i,Ø§Ù„ØµÙˆØª Ø§Ù„Ø£ØµÙ„ÙŠ - Ø¨ÙŠØ¨ÙŠ Ø§Ø·ÙØ§Ù„ Ù„ÙˆÙ„Ùˆ,/music/Ø§Ù„ØµÙˆØª-Ø§Ù„Ø£ØµÙ„ÙŠ-7369891728020589328?lang=eng,4964.0,48.0,663.0
1754818957.0,di bawa jalan ayah,"['#bayi', '#masyaallahtabarakkallah', '#gemoy', '#bayilucu', '#bayigemestiktok', '#bayilucuimutgemoy', '#fyp']",https://www.tiktok.com/@bayilucuimutgemoy/video/7536877000535985416,bayilucuimutgemoy,VIDEO BAYI LUCU,suara asli  - VIDEO BAYI LUCU,/music/suara-asli-VIDEO-BAYI-LUCU-7536877017992645392?lang=eng,24500.0,331.0,6779.0
1755250957.0,"Ã”ng Pa Canh DÃ­ch Dáº­y lÃ  áº³m Liá»n Äá»ƒ quay HÃ¬nh Nha , Pa Pa LuÃ´n TrÃ¢n Trá»ng Tá»«ng PhÃºt BÃªn  DÃ­ch Iu Cá»§a Pa","['#quybinhngoctien', '#phuocle', '#quybinheric', '#contraiquybinh']",https://www.tiktok.com/@cucvangeric/video/7538614172674788625,cucvangeric,Cá»¥c VÃ ng Cá»§a Pa B,nháº¡c ná»n  - Cá»¥c VÃ ng Cá»§a Pa B,/music/nháº¡c-ná»n-Cá»¥c-VÃ ng-Cá»§a-Pa-B-7538614486737029889?lang=eng,11500.0,400.0,179.0
1754818957.0,CÃ´ Huyá»n quÃ¡ xinhðŸ˜šðŸ˜š,"['#embe', '#cute', '#tiktok', '#xuhuong', '#namngohuongngoai', '#huyenbaby']",https://www.tiktok.com/@tranthichnauan2/video/7536865610655894805,tranthichnauan2,Máº¹ Gáº¡o,nháº¡c ná»n  - HANA Cáº¨M TIÃŠN,/music/nháº¡c-ná»n-HANA-Cáº¨M-TIÃŠN-7534344342446983937?lang=eng,28400.0,21.0,382.0
1755078157.0,Cá»© láº§n nÃ o nhá» bÃ  trÃ´ng quÃ¡ 24h lÃ  Ä‘i ngá»§ láº¡i Ä‘Ã²i bÃ  thÃ´i ðŸ¤£ TÃ´i Ä‘áº» ra nÃ³ nhÆ°ng cÅ©ng khÃ´ng báº±ng ngÆ°á»i Ä‘áº» ra tÃ´i cÃ¡c mom áº¡ ðŸ¤£,['#kayceday'],https://www.tiktok.com/@kayce.day/video/7537967157766851847,kayce.day,Kayce Day,original sound  - Kayce Day,/music/original-sound-Kayce-Day-7537967297823116049?lang=eng,112300.0,1971.0,7502.0
1755078157.0,Tráº£ lá»i,[],https://www.tiktok.com/@nhu_thi_thao/video/7538078039591161095,nhu_thi_thao,Nhá»¯ Thá»‹ Tháº£o,nháº¡c ná»n  - Nhá»¯ Thá»‹ Tháº£o,/music/nháº¡c-ná»n-Nhá»¯-Thá»‹-Tháº£o-7538078074940967697?lang=eng,22800.0,569.0,1921.0
1754672400.0,Bá»‘ giÃ  rá»“i Ä‘Ãºng khÃ´ngðŸ˜¥ sao cá»© hay nÃ³i chuyá»‡n linh tinhðŸ¥¹,"['#dad', '#dongluc', '#phattrienbanthan', '#truyencamhung', '#kientri', '#cogang', '#chualanhtamhon', '#book', '#xuhuong2025', '#LearnOnTikTok']",https://www.tiktok.com/@tramhyvong1408/video/7536607068145437959,tramhyvong1408,Tráº¡m Hy Vá»ng,nháº¡c ná»n  - Tráº¡m Hy Vá»ng,/music/nháº¡c-ná»n-Tráº¡m-Hy-Vá»ng-7536607113305393936?lang=eng,160100.0,3819.0,32000.0
1754991757.0,HÃ´m nay bá»‘ng Ä‘Æ°á»£c mua Ã¡o má»›i,"['#bocuabong', '#bongcolen', '#tretuky', '#tredacbiet', '#rlptk']",https://www.tiktok.com/@dinhquyettam/video/7537651344555953426,dinhquyettam,Bá»‘ Cá»§a Bá»‘ng,Very cute melody by marimba tone(39813) - Mitsu Sound,/music/Very-cute-melody-by-marimba-tone-39813-6849968592285337602?lang=eng,14400.0,817.0,3461.0
1754672400.0,Giá» Ná»™i nÃ³i cÃ³ cÃ¡i VÃ²ng rá»“i mÃ  bÃ n tay bá»‹ thiáº¿u thiáº¿u gÃ¬ Ã cÃ´ chÃº Æ¡i ðŸ¥°,"['#anhchangthichcuoi', '#trending', '#following', '#fyp', '#noituoithin55tuoi']",https://www.tiktok.com/@anhchangthichcuoi/video/7536457552129740049,anhchangthichcuoi,Nguyá»…n Há»“ng Thá»§y,Thá»©c khuya lÃ  má»™t dáº¡ng cÃ´ Ä‘Æ¡n - LÃ¢u Phai,/music/Thá»©c-khuya-lÃ -má»™t-dáº¡ng-cÃ´-Ä‘Æ¡n-7513823927622993936?lang=eng,62200.0,2588.0,4994.0
1755164557.0,Ã”â€¦Ãâ€¦ÃŠâ€¦Ãâ€¦A,"['#quanghai', '#chuthanhhuyen', '#Lido', '#fyp']",https://www.tiktok.com/@chuthanhhuyen.official/video/7538391148902239496,chuthanhhuyen.official,Chu Thanh Huyá»n,nháº¡c ná»n - YY,/music/nháº¡c-ná»n-7283017658251905824?lang=eng,71700.0,445.0,1296.0
1754905357.0,bÃ© NaMi dá»… thÆ°Æ¡ng cá»§a ba DÆ°Æ¡ng & mom Lucie xinh Ä‘áº¹p,"['#nami', '#TikTokGiaiTri', '#PhaiDepNgayNay', '#ngayhoitieudung', '#LearnOnTikTok', '#TikTokFashion', '#xuhuong', '#fyp', '#fypã‚·ã‚š']",https://www.tiktok.com/@tuanduong_lucienguyenl/video/7537215602520362260,tuanduong_lucienguyenl,Tuáº¥n DÆ°Æ¡ng & Lucie Nguyá»…n,nháº¡c ná»n  - Tuáº¥n DÆ°Æ¡ng & Lucie Nguyá»…n,/music/nháº¡c-ná»n-Tuáº¥n-DÆ°Æ¡ng-Lucie-Nguyá»…n-7537215674339314433?lang=eng,38200.0,134.0,4013.0
1754672400.0,nhÃ  cÃ³ 2 combo mÃ  Ä‘Ã¢y má»›i chá»‰ 1 thÃ´i Ä‘áº¥y ðŸ¤£ðŸ¤£,"['#mechong', '#xuhuong', '#trending', '#viral', '#fyp']",https://www.tiktok.com/@hahuyen1810/video/7536440847097728274,hahuyen1810,Háº¡ Huyá»n,Scheming Weasel - Tsoulfas Panormitis,/music/Scheming-Weasel-6871631467076799234?lang=eng,8961.0,251.0,752.0
1754818957.0,,"['#CapCut', '#maccaphan']",https://www.tiktok.com/@chan686861/video/7536767170970225938,chan686861,chan686861,nháº¡c ná»n  - ð™‚ð™ƒ,/music/nháº¡c-ná»n-ð™‚ð™ƒ-7522870793744583440?lang=eng,79300.0,248.0,2771.0
1754905357.0,giá» chá»‰ cáº§u mong bá»‘ dc khá»e máº¡nh thÃ´i,[],https://www.tiktok.com/@dy81k0uy3gp7/video/7537283577097030920,dy81k0uy3gp7,thu thÃ¹y 1987,cha vÃ  con gÃ¡i - Mai KunðŸ€ðŸŒ·,/music/cha-vÃ -con-gÃ¡i-7032301221142694683?lang=eng,11600.0,107.0,204.0
1754991757.0,Ká»‡ nháº¯m máº¯t nhÃ©p luÃ´n ðŸ¤£,"['#xuhuong', '#xuhuongtiktok', '#banhbao']",https://www.tiktok.com/@thachthao1910/video/7537703275248864519,thachthao1910,Tháº¡ch Tháº£o,Ká»‡ Nháº¯m Máº¯t YÃªu LuÃ´n - Tráº¡m Giáº£i TrÃ­,/music/Ká»‡-Nháº¯m-Máº¯t-YÃªu-LuÃ´n-7534731067371096849?lang=eng,19000.0,1167.0,1853.0
1755250957.0,Báº¯t CÃ³c 2 | ThÃ¡m tá»­ SÃª Lá»‘c Huy ðŸŽ©,['#huyseoul'],https://www.tiktok.com/@huyseoul_idol/video/7538379074419313928,huyseoul_idol,Oppa Huy IDol,nháº¡c ná»n  - Oppa Huy IDol,/music/nháº¡c-ná»n-Oppa-Huy-IDol-7538379130744654609?lang=eng,25500.0,220.0,295.0
1755164557.0,Share the same goal | Oppa Huy,['#huyseoul'],https://www.tiktok.com/@oppahuyaction/video/7538115647557979399,oppahuyaction,Oppa Huy Action ðŸŽ¬,nháº¡c ná»n  - Oppa Huy Action ðŸŽ¬,/music/nháº¡c-ná»n-Oppa-Huy-Action-ðŸŽ¬-7538115689854995217?lang=eng,66300.0,503.0,4322.0
1755078157.0,Tráº£ lá»i,[],https://www.tiktok.com/@ngovanhoc6868/video/7538045185356254482,ngovanhoc6868,ngovanhoc6868,nháº¡c ná»n - NgÃ´ VÄƒn Há»c 6868 - ngovanhoc6868,/music/nháº¡c-ná»n-NgÃ´-VÄƒn-Há»c-6868-7513730094791052033?lang=eng,12200.0,209.0,166.0
1755250957.0,CON TRAI ÄÃ’I CÃ”NG Báº°NG CHO Máº¸,['#viralvideo'],https://www.tiktok.com/@dobingo.22/video/7538658057178352904,dobingo.22,Big House,nháº¡c ná»n  - Big House,/music/nháº¡c-ná»n-Big-House-7538658173037841153?lang=eng,23400.0,769.0,718.0
1755250957.0,#huyseoul #huyoppa #huyidol #funny #fyp #phimhay,[],https://www.tiktok.com/@1bosei.8263/video/7538374253826133262,1bosei.8263,1bosei.8263,Cute - Aurel Surya Lie,/music/Cute-7136445672676411393?lang=eng,2529.0,34.0,45.0
1754818957.0,ÄÃ¹a nhau Ã  ?,['#gialong'],https://www.tiktok.com/@gialong294/video/7535891270540070162,gialong294,Gia Long,nháº¡c ná»n  - Gia Long,/music/nháº¡c-ná»n-Gia-Long-7535891308502682384?lang=eng,26300.0,2686.0,20200.0
1754818957.0,Set0 | Má»¥c tiÃªu hÃ´m nay lÃ ...,"['#xuhuong', '#hocduong', '#leontiktok', '#fyp']",https://www.tiktok.com/@your.smile.9/video/7536674199360769287,your.smile.9,K Shorts,nháº¡c ná»n  - K Shorts,/music/nháº¡c-ná»n-K-Shorts-7536674278126390032?lang=eng,21600.0,94.0,628.0
1754672400.0,CÃ ng lÃ  báº¡n bÃ¨ thÃ¬ chuyá»‡n t.ien báº¡c cáº§ng pháº£i rÃµ rÃ ng pháº£i khÃ´ng áº¡,"['#giadinh', '#concai', '#hanhphuc']",https://www.tiktok.com/@bimunica.vn/video/7536430664296533255,bimunica.vn,Gia Ä‘Ã¬nh Bimunica,nháº¡c ná»n  - Gia Ä‘Ã¬nh Bimunica,/music/nháº¡c-ná»n-Gia-Ä‘Ã¬nh-Bimunica-7536430739144002321?lang=eng,9200.0,61.0,210.0
1754991757.0,Cho tÃ´i xin vÃ i Ä‘á»“ng | Oppa Huy,['#huyseoul'],https://www.tiktok.com/@hkh159357/video/7537335079295552776,hkh159357,KhÃ¡nh HÃ  ðŸ’ ,nháº¡c ná»n  - KhÃ¡nh HÃ  ðŸ’ ,/music/nháº¡c-ná»n-KhÃ¡nh-HÃ -ðŸ’ -7537335121830234881?lang=eng,4885.0,101.0,45.0
1754672400.0,CÃ³ pháº£i máº¹ chá»“ng nÃ o cÅ©ng thÃ­ch nÃ³i x.áº¥u con dÃ¢u khÃ´ng?,"['#hoangmydung', '#mechongnangdau', '#drama', '#mechong', '#condau', '#mesausinh']",https://www.tiktok.com/@hoangmydung25/video/7536551000253943047,hoangmydung25,HoÃ ng Má»¹ Dung,nháº¡c ná»n  - HoÃ ng Má»¹ Dung,/music/nháº¡c-ná»n-HoÃ ng-Má»¹-Dung-7536551267317844752?lang=eng,4566.0,145.0,142.0
1755078157.0,LÃ€M TRÆ¯á»šC YÃŠU SAU,"['#reviewphim', '#phimhaymoingay', '#xuhuong']",https://www.tiktok.com/@chubodoi28d1/video/7538068210172562706,chubodoi28d1,Xem phim nhÃ© â˜ºï¸,nháº¡c ná»n  - Xem phim nhÃ© â˜ºï¸,/music/nháº¡c-ná»n-Xem-phim-nhÃ©-â˜ºï¸-7538068292620274448?lang=eng,22300.0,90.0,321.0
1754586000.0,Gá»i ai tá»›i giáº£i quyáº¿t ? - Donâ€™t mess with the CEOâ€™s wife part 2 | TrÃ  Äáº·ng,"['#tradang', '#fyp']",https://www.tiktok.com/@tra.dang.904/video/7536145067514301703,tra.dang.904,â˜˜ï¸TrÃ  Äáº·ngâ˜˜ï¸,LUNA BALA (Slowed) - Yb Wasg'ood & Ariis,/music/LUNA-BALA-Slowed-7489283620709795841?lang=eng,66300.0,687.0,2827.0
1755078157.0,,"['#TRÃšC', '#fb_nttruc24']",https://www.tiktok.com/@fb_nttruc24/video/7538084847311506706,duynguyen2021,ð”—.ð”—â„œÃšâ„­!!... ðŸ‘©â€ðŸŒ¾,nháº¡c ná»n  - ð”—.ð”—â„œÃšâ„­!!... ðŸ‘©â€ðŸŒ¾,/music/nháº¡c-ná»n-ð”—ð”—â„œÃšâ„­-ðŸ‘©â€ðŸŒ¾-7538084869990058753?lang=eng,5613.0,0.0,82.0
1754586000.0,The rude girl met her match part 2â€¦..,[],https://www.tiktok.com/@juann247tv/video/7536116025394203935,juann247tv,Juann247tv,original sound - Juann247tv,/music/original-sound-7536115987041635103?lang=eng,36600.0,1302.0,330.0
1755078157.0,Chá»‹ gÃ¡i tá»™i nghiÃªp bá»‹ Tiá»ƒu Tam vu oan láº¥y trá»™m Ä‘á»“ #shorts,[],https://www.tiktok.com/@thubanhmi_1/video/7537948020822854920,thubanhmi_1,ThÆ° BÃ¡nh MÃ¬,nháº¡c ná»n  - ThÆ° BÃ¡nh MÃ¬,/music/nháº¡c-ná»n-ThÆ°-BÃ¡nh-MÃ¬-7537948056210230033?lang=eng,6680.0,262.0,324.0
1755250957.0,Cá»‘ Ã½ hay Cá»‘ tÃ¬nh | Oppa Huy,['#huyseoul'],https://www.tiktok.com/@hkh159357/video/7538483435556457736,hkh159357,KhÃ¡nh HÃ  ðŸ’ ,nháº¡c ná»n  - KhÃ¡nh HÃ  ðŸ’ ,/music/nháº¡c-ná»n-KhÃ¡nh-HÃ -ðŸ’ -7538483487407360785?lang=eng,8394.0,127.0,121.0
1754154000.0,Catch someone cheating | Oppa Huy,['#huyseoul'],https://www.tiktok.com/@oppahuyaction/video/7533283334604999943,oppahuyaction,Oppa Huy Action ðŸŽ¬,nháº¡c ná»n  - Oppa Huy Action ðŸŽ¬,/music/nháº¡c-ná»n-Oppa-Huy-Action-ðŸŽ¬-7533283373079530257?lang=eng,4632.0,56.0,94.0
1754586000.0,Cáº£m Ä‘á»™ng vá» lÃ²ng hiáº¿u tháº£o cá»§a tráº» em #xuhuong #longvideo #longvideos #review #reviewphim #reviewphimhay #mereview #mereviewphim #phimngontinh #khophimngontinh #phimtrungquoc #daophimtrung #fyp #foryou,[],https://www.tiktok.com/@conniethornton19591/video/7536214650606718221,conniethornton19591,BÃ i Há»c NhÃ¢n TÃ¢m,Like No Other - Layto YoYo,/music/Like-No-Other-7366216913595713552?lang=eng,4172.0,86.0,229.0
1752685200.0,nhÃ  tÃ´i Ä‘Ã£ bá»‹ ngÆ°á»i khÃ¡c tháº£ táº¯n vÃ o cá»­a,['#shorts'],https://www.tiktok.com/@dinhdungtrinh52/video/7527892607993695496,dinhdungtrinh52,trá»‹nh Ä‘Ã¬nh dÅ©ng.,nháº¡c ná»n  - trá»‹nh Ä‘Ã¬nh dÅ©ng.,/music/nháº¡c-ná»n-trá»‹nh-Ä‘Ã¬nh-dÅ©ng-7527892665287871249?lang=eng,32800.0,221.0,1531.0
1755078157.0,á»ž nhÃ  vá»›i anh khÃ´ng cÃ³ cáº£ má»³ tÃ´m Äƒn,['#vochongthuoque'],https://www.tiktok.com/@vochong.thuoque/video/7538027435074391304,vochong.thuoque,Vá»£ chá»“ng Thu á»ž QuÃª,nháº¡c ná»n  - Vá»£ chá»“ng Thu á»ž QuÃª,/music/nháº¡c-ná»n-Vá»£-chá»“ng-Thu-á»ž-QuÃª-7538027461993384721?lang=eng,30000.0,1042.0,1536.0
1754818957.0,"Vá»£ lÃªn káº¿ hoáº¡ch du lá»‹ch nhÆ°ng cá»© bá»‹ chá»“ng chÃª bai, phÃ n nÃ n. Tá»›i lÃºc khÃ´ng cÃ³ vá»£ má»›i tháº¥y sai",[],https://www.tiktok.com/@anan_55550/video/7536888118234991888,anan_55550,MÆ°a ðŸ€,nháº¡c ná»n  - MÆ°a ðŸ€,/music/nháº¡c-ná»n-MÆ°a-ðŸ€-7536888188967586576?lang=eng,14600.0,107.0,2177.0
1755078157.0,6 mÃºi cÃ³ khÃ³ Ä‘Ã¢uðŸ¤¡,"['#fyp', '#xh', '#gym']",https://www.tiktok.com/@ntuan.297/video/7537922154835348743,ntuan.297,ntuan.297,ashley - ï¿¶â€â€ï¿¶ï¿¶â€â€ï¿¶ï¿¶ð’œð“ˆð’½ð“ð“®ð”‚ ðŸ§£ðŸ’¤,/music/ashley-7381582055062276869?lang=eng,41900.0,412.0,18500.0
1754672400.0,Tráº£ lá»i,"['#xuhuá»›ngtiktok', '#vuikhoemoingay']",https://www.tiktok.com/@daisybaby2023/video/7536384480160910599,daisybaby2023,Daisybaby2013,nháº¡c ná»n  - Daisybaby2013,/music/nháº¡c-ná»n-Daisybaby2013-7536384520539392784?lang=eng,67400.0,1839.0,3744.0
1755164557.0,"100 ngÃ y Solo Leveling, ngÃ y 4","['#thaydoibanthan', '#fyp']",https://www.tiktok.com/@anhnuoiem_/video/7538289485398740232,anhnuoiem_,Bii Chad,ÄÃY BIá»‚N X Tá»ª Cá»¬U MÃ”N Há»’I á»¨C - NT Media,/music/ÄÃY-BIá»‚N-X-Tá»ª-Cá»¬U-MÃ”N-Há»’I-á»¨C-7388507906075478801?lang=eng,20900.0,593.0,1174.0
1754991757.0,âœ¨Light hand massage to relieve fatigue,"['#ASMRMassage', '#MassageASMR', '#RelaxingASMR', '#HandMassage', '#ASMRRelaxation']",https://www.tiktok.com/@luna_vip_massage/video/7537382485760544008,luna_vip_massage,Luna_VIP_massage,Beautiful - Soft boy,/music/Beautiful-7151313372519073793?lang=eng,12100.0,84.0,677.0
1754413200.0,Tg: uwu_akyla_official,[],https://www.tiktok.com/@jopoliza/video/7535511233210961174,jopoliza,jopoliza,RAINHA DO BRASIL - Seek & SXID,/music/RAINHA-DO-BRASIL-7280488675863398402?lang=eng,180500.0,3960.0,209500.0
1752512400.0,,"['#health', '#armworkout', '#fitnesscheck', '#protein', '#healthylifestyle', '#fullbodyworkout', '#functional', '#highlightreel', '#effects', '#filter']",https://www.tiktok.com/@girl_fitness_share/video/7527254448695971128,girl_fitness_share,GirlFitnessðŸ‘,original sound - GirlFitnessðŸ‘,/music/original-sound-7527254448445344518?lang=eng,138100.0,951.0,12200.0
1754818957.0,Tá»±a nhÆ° giÃ³ mÃ¹a thu bay qua Ã´ cá»­aðŸ‘©â€â¤ï¸â€ðŸ’‹â€ðŸ‘©â¤ï¸,['#nhayvuisongkhoe'],https://www.tiktok.com/@nguyenlien1507/video/7536855147465542920,nguyenlien1507,Nguyá»…n liÃªnðŸŒ¹,nháº¡c ná»n  - Nguyá»…n liÃªnðŸŒ¹,/music/nháº¡c-ná»n-Nguyá»…n-liÃªnðŸŒ¹-7536855186389453584?lang=eng,13100.0,646.0,853.0
1754991757.0,ðŸ’”ðŸ’”ðŸ’”,"['#fyp', '#gaveup']",https://www.tiktok.com/@astronaut.bino/video/7537571820816370958,astronaut.bino,Albino Khalifa,Skyfall - Adele,/music/Skyfall-6745888151580968962?lang=eng,218800.0,3970.0,30400.0
1754586000.0,o que acharam dessa pegada bruta,"['#forca', '#vencerelpasado', '#capeao', '#foco', '#bitelo']",https://www.tiktok.com/@tilzinho55/video/7536246010767592709,tilzinho55,tilzinho,som original - tilzinho,/music/som-original-7536246004316801798?lang=eng,556500.0,5205.0,13000.0
,,[],https://www.tiktok.com/@gii.tr592/video/7536926573610683655,,,,,0.0,0.0,0.0
1754586000.0,"CÃ¢y nghá»ƒ rÄƒm khÃ´, 30g Ä‘un nÆ°á»›c uá»‘ng 2 cá»‘c má»—i ngÃ y. Ä‘áº·c trá»‹ sÃ¡n chÃ³ mÃ¨o, kÃ½ sinh trÃ¹ng","['#sancho', '#sanchomeo', '#kysinhtrung', '#manngua', '#cayngheram']",https://www.tiktok.com/@thuocnam.quanhta/video/7536033326344310034,thuocnam.quanhta,Thuá»‘c nam trá»‹ sÃ¡n ðŸŒ¿,nháº¡c ná»n  - DÆ°á»£c sÄ© NgÃ´ Kim phÆ°á»£ng,/music/nháº¡c-ná»n-DÆ°á»£c-sÄ©-NgÃ´-Kim-phÆ°á»£ng-7486466974411754241?lang=eng,2590.0,145.0,509.0
1754326800.0,Biáº¿n chá»©ng nguy hiá»ƒm cá»§a sá»‘t xuáº¥t huyáº¿t gia Ä‘Ã¬nh nÃ o cÅ©ng cáº§n náº¯m rÃµ ðŸ¥²,"['#bobbyantimos', '#tÃ£quáº§nxuamuá»—i']",https://www.tiktok.com/@bobbyvietnam.official/video/7534911815315098898,bobbyvietnam.official,Bobby Viá»‡t Nam,original sound  - Bobby Viá»‡t Nam,/music/original-sound-Bobby-Viá»‡t-Nam-7534912082690099969?lang=eng,8973.0,73.0,475.0
,,[],https://www.tiktok.com/@nemnotname231203/video/7537882326064286994,,,,,0.0,0.0,0.0
1754905357.0,Bá»‹ sá»©a Ä‘á»‘t thÃ¬ nÃªn xá»­ lÃ½ tháº¿ nÃ o?,"['#learnontiktok', '#kienthucthuvi', '#kienthuc', '#khampha', '#xh', '#khoahoc']",https://www.tiktok.com/@kienchamchi69/video/7536988764485307670,kienchamchi69,Kiáº¿n ChÄƒm Chá»‰,nháº¡c ná»n  - Kiáº¿n ChÄƒm Chá»‰,/music/nháº¡c-ná»n-Kiáº¿n-ChÄƒm-Chá»‰-7536988780251712278?lang=eng,3481.0,77.0,703.0
1754586000.0,,"['#ashtonhall', '#corestrength', '#corechallenge', '#coreexercises', '#coreworkout', '#running', '#fitness', '#fyp']",https://www.tiktok.com/@fitnessboy071/video/7536018365123398942,fitnessboy071,Ashton HallsðŸ’«,Zombie - Extended Mix - Ran-D,/music/Zombie-Extended-Mix-6741656848987850754?lang=eng,283800.0,3915.0,5925.0
1755164557.0,10 mÃ³n Äƒn nguy hiá»ƒm tÃ n phÃ¡ cÆ¡ thá»ƒ hÆ¡n ung thÆ°,"['#ungthu', '#monan']",https://www.tiktok.com/@suckhoegiadinh66/video/7538231420746091784,suckhoegiadinh66,Sá»©c Khoáº» Gia ÄÃ¬nh,nháº¡c ná»n  - Sá»©c Khoáº» Gia ÄÃ¬nh,/music/nháº¡c-ná»n-Sá»©c-Khoáº»-Gia-ÄÃ¬nh-7538231481357994753?lang=eng,1975.0,70.0,5464.0
1754586000.0,Ai kÃªu bÃ  táº­p bÃ  dÃ£y Ä‘Ã nh Ä‘áº¡ch cho tui:)),"['#fyp', '#gym', '#Fitness', '#gymotivation']",https://www.tiktok.com/@nhithichtapta/video/7536220252963720456,nhithichtapta,Gen Z thÃ­ch táº­p Gym,original sound - â˜† Theo â˜†,/music/original-sound-7514759819258120976?lang=eng,13500.0,248.0,826.0
1755078157.0,Tráº£ lá»i,[],https://www.tiktok.com/@dj.trang.cuba/video/7538092558874971399,dj.trang.cuba,chÃ¢n nhÃ  lÃ¡ trá»“ng,nháº¡c ná»n - â˜˜ï¸Nhi Nguyá»…nâ˜˜ï¸ - à¼„à¼‚ Háµ˜Ì›Ìƒáµ˜ðŸ’žNÊ°â±à¼‚à¿,/music/nháº¡c-ná»n-â˜˜ï¸Nhi-Nguyá»…nâ˜˜ï¸-7417278918958304016?lang=eng,10900.0,599.0,545.0
1754818957.0,"RAU Dá»€N GAI & Äáº¬U XANH â€“ â€œTHáº¦N DÆ¯á»¢C MÃ™A HÃˆâ€ THANH NHIá»†T, Bá»’I Bá»” CÆ  THá»‚","['#raudengai', '#chuadaulung', '#baithuocdangian', '#giaidocgan', '#baithuocdangian', '#trimun', '#lamtrangda', '#caythuocquanhta', '#tricamcum']",https://www.tiktok.com/@doantai.official/video/7536973502323100935,doantai.official,TÃ¢m An Chay,nháº¡c ná»n - LÃª DoÃ£n TÃ i - TÃ¢m An Chay,/music/nháº¡c-ná»n-LÃª-DoÃ£n-TÃ i-7536973538977188624?lang=eng,13700.0,169.0,1258.0
1754991757.0,Má»™t ká»¹ sÆ° thiÃªn tÃ i tá»«ng náº¯m giá»¯ bÃ­ máº­t tá»‘i thÆ°á»£ng cá»§a mÃ¡y bay nÃ©m bom B-2â€¦ chá»‰ vÃ¬ 110.000 USD mÃ  Ä‘Ã¡nh Ä‘á»•i cáº£ cuá»™c Ä‘á»i. Báº¡n cÃ³ dÃ¡m biáº¿t chi tiáº¿t?,"['#Sá»±Tháº­tBáº¥tNgá»', '#CÃ´ngNghá»‡QuÃ¢nSá»±', '#KhoaHá»cQuÃ¢nSá»±', '#VÅ©KhÃ­Hiá»‡nÄáº¡i', '#kiáº¿nthá»©cquÃ¢nsá»±']",https://www.tiktok.com/@techfusion5.0/video/7537686445885000977,techfusion5.0,CÃ´ng nghá»‡ há»£p nháº¥t,nháº¡c ná»n  - CÃ´ng nghá»‡ há»£p nháº¥t,/music/nháº¡c-ná»n-CÃ´ng-nghá»‡-há»£p-nháº¥t-7537686630161812241?lang=eng,6885.0,65.0,36.0
1755078157.0,CÃ´ bÃ© lÃ m bÃ i táº­p Ä‘o lÆ°á»£ng muá»‘i trong 1 lÃ­t nÆ°á»›c biá»ƒn ðŸ˜²,"['#xemgihayday', '#trends', '#foryou', '#fyp', '#tredding']",https://www.tiktok.com/@xemgihayday/video/7538041028377414933,xemgihayday,Xem gÃ¬ hay Ä‘áº¥y,nháº¡c ná»n  - Xem gÃ¬ hay Ä‘áº¥y,/music/nháº¡c-ná»n-Xem-gÃ¬-hay-Ä‘áº¥y-7538041106915789584?lang=eng,2372.0,61.0,104.0
1753030800.0,Cá»© tÆ°á»Ÿng ra mÃ u xÃ¡m xÃ¡m gÃ¬,"['#learnontiktok', '#hoccungtiktok', '#beatnetwork', '#kienkhongngu']",https://www.tiktok.com/@kienkhongngu_official/video/7529440952054795528,kienkhongngu_official,KIáº¾N KHÃ”NG NGá»¦,nháº¡c ná»n  - KIáº¾N KHÃ”NG NGá»¦,/music/nháº¡c-ná»n-KIáº¾N-KHÃ”NG-NGá»¦-7529441007793769232?lang=eng,148900.0,964.0,6707.0
1754818957.0,Tá»‰ sá»‘ pháº§n trÄƒm lÃ m khÃ³ ráº¥t nhiá»u báº¡n lá»›p 5,"['#cotienvuive', '#toan', '#math', '#gioitoan', '#hocgioitoan']",https://www.tiktok.com/@cotienvuive79/video/7536805781040057608,cotienvuive79,CÃ´ TiÃªn Vui Váº»,Viá»‡t Nam Æ i tothanhthuan - TÃ´ Thanh Thuáº­nâœ…,/music/Viá»‡t-Nam-Æ i-tothanhthuan-6972557951517117185?lang=eng,5060.0,116.0,523.0
1754991757.0,Thá»­ nghiá»‡m háº¡t nhÃ¢n cÃ³ tháº­t trÃªn lÃ­nh MÄ© | Pháº§n 2,"['#nuclear', '#army', '#bom', '#thunghiem']",https://www.tiktok.com/@lichsuquansu22/video/7537385886607084831,lichsuquansu22,BÍ™IÍ™NÍ™88 Lá»‹ch Sá»­ QuÃ¢n Sá»±,nháº¡c ná»n  - BÍ™IÍ™NÍ™88 Lá»‹ch Sá»­ QuÃ¢n Sá»±,/music/nháº¡c-ná»n-BÍ™IÍ™NÍ™88-Lá»‹ch-Sá»­-QuÃ¢n-Sá»±-7537385899169041183?lang=eng,10300.0,155.0,118.0
1754991757.0,Sá»± tá»‰nh tÃ¡o lá»›n nháº¥t cá»§a má»™t ngÆ°á»i trÆ°á»Ÿng thÃ nh,"['#masteranhduc', '#tuduythanhcong', '#masterlife', '#learnontiktok', '#caunoinguoithanhcong', '#phattrienbanthan', '#biquyetthanhcong', '#nguoithanhcong', '#kynanggiaotiep']",https://www.tiktok.com/@masteranhduc/video/7537628180543311111,masteranhduc,Master Anh Äá»©c,nháº¡c ná»n  - Master Anh Äá»©c,/music/nháº¡c-ná»n-Master-Anh-Äá»©c-7537628221186067201?lang=eng,33100.0,467.0,4307.0
1755078157.0,TiÃªn Tri Vanga vÃ  sá»± dá»± Ä‘oÃ¡n rÃ¹ng mÃ¬nh vá» Chá»§ tá»‹ch Há»“ ChÃ­ Minh,"['#okwinkyuckhongquen', '#lá»‹chsá»­', '#viral', '#xuhuong', '#lá»‹chsá»­viá»‡tnam', '#vanga', '#hochiminh']",https://www.tiktok.com/@okwinkyuckhongquen/video/7538048689093414152,okwinkyuckhongquen,OÍ™KÍ™WÍ™IÍ™NÍ™ KÃ á»¨C KHÃ”NG QUÃŠN,nháº¡c ná»n  - OÍ™KÍ™WÍ™IÍ™NÍ™ KÃ á»¨C KHÃ”NG QUÃŠN,/music/nháº¡c-ná»n-OÍ™KÍ™WÍ™IÍ™NÍ™-KÃ-á»¨C-KHÃ”NG-QUÃŠN-7538048743040518929?lang=eng,17400.0,159.0,725.0
1753549200.0,Ä‘á»¥ng bÃ o cÆ¡m cá»§a Ã´ng thÃ¬ cook,"['#suviethay', '#bodoicuho', '#quandoinhandanvietnam', '#lichsuvietnam', '#dantocvietnam', '#xuhuonggg']",https://www.tiktok.com/@8k_vietsuhay/video/7531559077651025170,8k_vietsuhay,8Í™KÍ™BÍ™EÍ™TÍ™ Sá»¬ VIá»†T HAY,nháº¡c ná»n  - 8Í™KÍ™BÍ™EÍ™TÍ™ Sá»¬ VIá»†T HAY,/music/nháº¡c-ná»n-8Í™KÍ™BÍ™EÍ™TÍ™-Sá»¬-VIá»†T-HAY-7531559136547359489?lang=eng,203100.0,2449.0,16700.0
1754154000.0,Ãp dá»¥ng cho native or fluent speakers,"['#LearnOnTikTok', '#easywithhanhien', '#hanielaygocenglish', '#tienganhgiaotiep', '#tuhoctienganh', '#tienganhchonguoimatgoc', '#tienganhchonguoimoibatdau', '#vulaci', '#hoctienganh']",https://www.tiktok.com/@easywithhanhien/video/7534206061541166344,easywithhanhien,Easy With Háº¡ NhiÃªn ðŸ‘,original sound  - Easy With Háº¡ NhiÃªn ðŸ‘,/music/original-sound-Easy-With-Háº¡-NhiÃªn-ðŸ‘-7534206084328868609?lang=eng,51000.0,307.0,2773.0
1755078157.0,ÄÃ¢u lÃ  biá»ƒn bÃ¡o  P6??  â¤ï¸ANH CHá»Š EM VÃ€O TIá»‚U Sá»¬ KÃŠNH Láº¤Y L.INK CHUáº¨N NHÃ‰ !#,"['#xuhuong', '#dethibanglaixemay2025', '#gplx', '#thibanglaixemay2025', '#bienbaogiaothong']",https://www.tiktok.com/@dethibanglaixemay2025/video/7537922997739719944,dethibanglaixemay2025,Äá»€ THI Báº°NG LÃI XE MÃY 2025,nháº¡c ná»n  - Äá»€ THI Báº°NG LÃI XE MÃY 2025,/music/nháº¡c-ná»n-Äá»€-THI-Báº°NG-LÃI-XE-MÃY-2025-7537923042568096529?lang=eng,3826.0,27.0,96.0
1754586000.0,Lá»±u Ä‘:áº¡n nhiá»‡t nhÃ´m hoáº¡t Ä‘á»™ng nhÆ° tháº¿ nÃ o?,"['#khamphathegioi', '#kienthuc', '#fyp', '#viral']",https://www.tiktok.com/@okwinkhampha/video/7536247194068815122,okwinkhampha,OÍ™KÍ™WÍ™IÍ™NÍ™ KHÃM PHÃ,nháº¡c ná»n  - OÍ™KÍ™WÍ™IÍ™NÍ™ KHÃM PHÃ,/music/nháº¡c-ná»n-OÍ™KÍ™WÍ™IÍ™NÍ™-KHÃM-PHÃ-7536247239858227985?lang=eng,3063.0,55.0,109.0
1753462800.0,Sáº½ ra sao náº¿u nhÆ° chÃºng ta xoay Ä‘áº§u Ä‘Æ°á»£c 360 Ä‘á»™,"['#thegioikybi', '#foryou', '#learnontiktok', '#khamphathegioi', '#girl']",https://www.tiktok.com/@ww88thegioikybi/video/7531303593375304967,ww88thegioikybi,WÍ™WÍ™8Í™8 Tháº¿ Giá»›i Ká»³ BÃ­,nháº¡c ná»n  - WÍ™WÍ™8Í™8 Tháº¿ Giá»›i Ká»³ BÃ­,/music/nháº¡c-ná»n-WÍ™WÍ™8Í™8-Tháº¿-Giá»›i-Ká»³-BÃ­-7531303617723583249?lang=eng,24300.0,278.0,2316.0
1755078157.0,GiÃ¡o viÃªn chÃºng tÃ´i gá»i Ä‘Ã¢y lÃ  authentic material,"['#ThayGiao9x', '#TiengAnhThucTien', '#IELTS', '#IVLTS', '#moingaymotchut', '#dehieu']",https://www.tiktok.com/@thaygiao9x_thaiduong/video/7537921943295642881,thaygiao9x_thaiduong,Tháº§y DÆ°Æ¡ng 9x â€“ Há»c Tiáº¿ng Anh,nháº¡c ná»n  - Ngoa,/music/nháº¡c-ná»n-Ngoa-7535326843814021904?lang=eng,15200.0,280.0,35000.0
1754991757.0,KhÃ´ng Ä‘Æ°á»£c báº¡o hÃ nh phá»¥ ná»¯!,['#luatsuquangsang'],https://www.tiktok.com/@luatquangsang/video/7537611696475622664,luatquangsang,Luáº­t Quang SÃ¡ng,nháº¡c ná»n  - Luáº­t Quang SÃ¡ng,/music/nháº¡c-ná»n-Luáº­t-Quang-SÃ¡ng-7537616876260657921?lang=eng,14800.0,1368.0,356.0
1754326800.0,"HÆ°á»›ng dáº«n phÃ¡t Ã¢m ""q"" kiá»ƒu lÃ¡o toÃ©t","['#LearnOnTikTok', '#vulaci', '#vulaci3k', '#tiengtrungkhoaitay', '#hoctiengtrung']",https://www.tiktok.com/@khoaitay.official/video/7534936964676603143,khoaitay.official,Khoai TÃ¢y yÃªu tiáº¿ng Trung,nháº¡c ná»n  - Khoai TÃ¢y yÃªu tiáº¿ng Trung,/music/nháº¡c-ná»n-Khoai-TÃ¢y-yÃªu-tiáº¿ng-Trung-7534937009362570001?lang=eng,26000.0,131.0,626.0
1754413200.0,Táº¡i sao 1 ngÃ y láº¡i cÃ³ 24 tiáº¿ng?,"['#itsmevinh', '#vtmgr', '#LearnOnTikTok']",https://www.tiktok.com/@itsmevinh/video/7535446190536641799,itsmevinh,itsmevinh,original sound  - itsmevinh,/music/original-sound-itsmevinh-7535446256694135569?lang=eng,48400.0,295.0,3075.0
1754413200.0,DÃ¢n Ä‘ua xe á»Ÿ Viá»‡t Nam tá»«ng Ä‘Æ°á»£c tuyá»ƒn vÃ o cÃ´ng an?,"['#huyende', '#chinhtri', '#vietnam', '#kienthuc', '#banbietchua', '#congan', '#congannhandanvietnamðŸ‘®\u200dâ™€ï¸']",https://www.tiktok.com/@ho.y65/video/7535344734911450375,ho.y65,Huyá»n Äá»,nháº¡c ná»n  - ND MusicðŸŽ§,/music/nháº¡c-ná»n-ND-MusicðŸŽ§-7528264942807649025?lang=eng,40200.0,763.0,9436.0
1755164557.0,Tin tá»©c thÃ¡i quÃ¡ nhÆ° tháº¿ nÃ y Ä‘Ã£ Ä‘á»§ chÆ°a?,[],https://www.tiktok.com/@luocsuvanvat_official/video/7538369553202449695,luocsuvanvat_official,LÆ°á»£c Sá»­ Váº¡n Váº­t_Official,nháº¡c ná»n  - LÆ°á»£c Sá»­ Váº¡n Váº­t_Official,/music/nháº¡c-ná»n-LÆ°á»£c-Sá»­-Váº¡n-Váº­tOfficial-7538374670819543838?lang=eng,30800.0,283.0,3430.0
1754991757.0,TÃ­nh nhanh khi sá»‘ cáº·p nhÃ¢n vá»›i má»™t sá»‘ trong toÃ¡n tÆ° duy,"['#cotienvuive', '#toan', '#math', '#gioitoan', '#toantuduy']",https://www.tiktok.com/@cotienvuive79/video/7537485714640997639,cotienvuive79,CÃ´ TiÃªn Vui Váº»,Viá»‡t Nam Æ i tothanhthuan - TÃ´ Thanh Thuáº­nâœ…,/music/Viá»‡t-Nam-Æ i-tothanhthuan-6972557951517117185?lang=eng,3579.0,39.0,842.0
1754905357.0,DÃ¢y Ä‘á»‰nh thá»±c sá»±,"['#learnontiktok', '#hoccungtiktok', '#beatnetwork', '#kienkhongngu']",https://www.tiktok.com/@kienkhongngu_official/video/7537276929368476936,kienkhongngu_official,KIáº¾N KHÃ”NG NGá»¦,nháº¡c ná»n  - KIáº¾N KHÃ”NG NGá»¦,/music/nháº¡c-ná»n-KIáº¾N-KHÃ”NG-NGá»¦-7537276983043050256?lang=eng,22700.0,256.0,540.0
1754499600.0,Liá»‡u vÅ© khÃ­ bÃ­ máº­t cá»§a Ä‘áº·c vá»¥ Ä‘Ã¡ng sá»£ Ä‘áº¿n má»©c nÃ o?,"['#learnontiktok', '#khampha', '#kienthucthuvi', '#kienthuc', '#khoahoc', '#giaitri', '#xh']",https://www.tiktok.com/@moingaymotkienthuc2/video/7535474102950186262,moingaymotkienthuc2,Má»—i NgÃ y Má»™t Kiáº¿n Thá»©c,nháº¡c ná»n  - Má»—i NgÃ y Má»™t Kiáº¿n Thá»©c,/music/nháº¡c-ná»n-Má»—i-NgÃ y-Má»™t-Kiáº¿n-Thá»©c-7535474092465818390?lang=eng,11400.0,49.0,135.0
1754672400.0,Con Ä‘á»‰a sinh váº­t khÃ¡c mau Ä‘Ã¡ng sá»£ nÃ y mÃ  cx Äƒn Ä‘c sao ?,"['#xh', '#kienthuc', '#fyp']",https://www.tiktok.com/@wsxlime_1/video/7536457676885167368,wsxlime_1,ï¸ŽLÃƒNG KHÃCH,nháº¡c ná»n  - ï¸ŽLÃƒNG KHÃCH,/music/nháº¡c-ná»n-ï¸ŽLÃƒNG-KHÃCH-7536457708229217040?lang=eng,26500.0,275.0,3734.0
1754326800.0,Liá»‡u lá»›p cÆ¡ báº¯p cÃ³ thá»ƒ cháº·n Ä‘Æ°á»£c Ä‘áº¡n khÃ´ng?,"['#learnontiktok', '#kienthucthuvi', '#kienthuc', '#khampha', '#xh', '#khoahoc']",https://www.tiktok.com/@kienchamchi69/video/7534827095491464470,kienchamchi69,Kiáº¿n ChÄƒm Chá»‰,nháº¡c ná»n  - Kiáº¿n ChÄƒm Chá»‰,/music/nháº¡c-ná»n-Kiáº¿n-ChÄƒm-Chá»‰-7534827120660138774?lang=eng,36000.0,1611.0,19700.0
1754240400.0,Todayâ€™s Accent Class: Colors,"['#english', '#british', '#englishchallenge', '#color', '#ì˜ì–´ë°œìŒ', '#ì±Œë¦°ì§€', '#ì˜ì–´', '#professormcgonagall']",https://www.tiktok.com/@orangerangeone/video/7534621973305953557,orangerangeone,Rachel Monde,ì˜¤ë¦¬ì§€ë„ ì‚¬ìš´ë“œ  - Rachel Monde,/music/ì˜¤ë¦¬ì§€ë„-ì‚¬ìš´ë“œ-Rachel-Monde-7534622286200982273?lang=eng,57700.0,800.0,2741.0
1754905357.0,Nhá»¯ng máº¹o hay dá»… dÃ¹ng,"['#nguyenduy', '#cachkiemtien', '#cachlamgiau', '#biquyetthanhcong']",https://www.tiktok.com/@nguyen.duy79/video/7537159316084722952,nguyen.duy79,NguyenDuy,nháº¡c ná»n  - NguyenDuy,/music/nháº¡c-ná»n-NguyenDuy-7537159360942803728?lang=eng,38300.0,7919.0,5387.0
1754326800.0,Mua mÃ¡y tÃ­nh báº£ng cho bÃ© khÃ´ng â€œxá»‹nâ€ nhÆ° Iphone cá»§a bá»‘?,"['#maytinhbanghongque', '#tongkhohongque', '#maytinhbangwinny', '#winny', '#winnyk15', '#maytinhbangk15', '#maytinhbangtreem', '#fos', '#hongqueruby', '#maytinhbang']",https://www.tiktok.com/@winnyvietnam/video/7535071681501580562,winnyvietnam,winnyvietnam,Cute - Aurel Surya Lie,/music/Cute-7136445672676411393?lang=eng,60900.0,696.0,1477.0
1754672400.0,anh sá»£ con ng em Ä‘Ã³,"['#new', '#pov', '#content']",https://www.tiktok.com/@nhuhqt/video/7536584123813596434,nhuhqt,queenhu,nháº¡c ná»n - QuÃ½ Huá»³nh,/music/nháº¡c-ná»n-7468210790358518544?lang=eng,6767.0,124.0,1162.0
1754905357.0,Kiá»ƒm tra chá»“ng mÃ¬nh nháº¯n tin vá»›i ai nhiá»u nháº¥t trÃªn Zalo,"['#learnontiktok', '#thanhcongnghe', '#meohay']",https://www.tiktok.com/@dosang.glc/video/7537262052016934151,dosang.glc,Em Sang MÃ³m,nháº¡c ná»n  - Em Sang MÃ³m,/music/nháº¡c-ná»n-Em-Sang-MÃ³m-7537262089249901313?lang=eng,5916.0,227.0,76100.0
1754586000.0,SiÃªu pháº©m mÃ¡y bÆ¡m 48v 2025 ra máº¯t new,"['#baobaosieubom', '#xuhuongtiktok', '#bomcaoap', '#bldc', '#bomapcao']",https://www.tiktok.com/@sieubom12v24v/video/7536174306301119752,sieubom12v24v,Báº£o Báº£o SiÃªu bÆ¡mâ˜Žï¸O928.566.655,nháº¡c ná»n - ð‚láŽ· - ð—–ð—¹ð— ,/music/nháº¡c-ná»n-ð‚láŽ·-7449041053302999814?lang=eng,28300.0,1317.0,2521.0
1754672400.0,hug me ai filter effect tutorial,"['#capcutforus', '#capcut', '#capcutpioneer']",https://www.tiktok.com/@user2143866968434/video/7536526791297469710,user2143866968434,penelope,suara asli  - antoayya,/music/suara-asli-antoayya-7383553866345777925?lang=eng,36700.0,192.0,28000.0
1754586000.0,"A six-axis welding robot priced at $4,000, with a 1.85m arm span and a 20kg payload.","['#welding', '#six', '#industrial']",https://www.tiktok.com/@industrialrobotsjacob/video/7536083909423942925,industrialrobotsjacob,industrialrobotsjacob,åŽŸè² - industrialrobotsjacob,/music/åŽŸè²-7536084016887581453?lang=eng,14600.0,296.0,356.0
1754991757.0,hug me ai filter effect tutorial,"['#capcutforus', '#capcut', '#capcutpioneer']",https://www.tiktok.com/@user6634881967298/video/7537381612401511711,user6634881967298,Louise,suara asli  - antoayya,/music/suara-asli-antoayya-7383553866345777925?lang=eng,41200.0,689.0,22000.0
1754991757.0,CÃ¡ch xoÃ¡ bá» máº­y kháº©u má»Ÿ khoÃ¡ trÃªn Ä‘iá»‡n thoáº¡i,"['#android', '#samsung', '#quenmatkhau', '#androidtricks']",https://www.tiktok.com/@emtung.mobilecity/video/7537691262149840136,emtung.mobilecity,em TÃ¹ng MobileCity,nháº¡c ná»n  - em TÃ¹ng MobileCity,/music/nháº¡c-ná»n-em-TÃ¹ng-MobileCity-7537691293159050001?lang=eng,14600.0,275.0,2549.0
1754499600.0,BÃ i nháº¡c chuÃ´ng má»›i cho iPhone,"['#learnontiktok', '#thanhcongnghe', '#ringtone', '#ringtoneiphone']",https://www.tiktok.com/@mei.mei.oi/video/7535884636833287432,mei.mei.oi,Mei Mei,orijinal ses - â˜€ ï¿¶Flexix,/music/orijinal-ses-7502358028630362902?lang=eng,31300.0,160.0,4757.0
1755164557.0,Ai má»›i láº§n Ä‘áº§u nhÃ¬n tháº¥y thÃ¬ comment!!! ðŸ˜¦,"['#fyp', '#xuhuong', '#apple', '#tramapple', '#iphone']",https://www.tiktok.com/@tramapple/video/7538399436125342994,tramapple,Tráº¡m Apple,nháº¡c ná»n  - Tráº¡m Apple,/music/nháº¡c-ná»n-Tráº¡m-Apple-7538399453540076304?lang=eng,13400.0,2609.0,1517.0
1754672400.0,CÃ¡ch xem láº¡i táº¥t cáº£ máº­t kháº©u Ä‘Ã£ tá»«ng quÃªn,"['#learnontiktok', '#hoccungtiktok', '#thanhcongnghe', '#xuhuong']",https://www.tiktok.com/@hoang.anh690/video/7536507299897101589,hoang.anh690,Há»¯u HoÃ ng Anh,nháº¡c ná»n  - Há»¯u HoÃ ng Anh,/music/nháº¡c-ná»n-Há»¯u-HoÃ ng-Anh-7536507351843556113?lang=eng,4786.0,157.0,4140.0
1755250957.0,clip vui váº» thÃ´i nÃ o bÆ¡m cáº¡n mÃ¬nh quay clip tiáº¿p,"['#xuhuongtiktok', '#huycokhi14425', '#maybomnuoc']",https://www.tiktok.com/@huycokhi14425/video/7538689661468806418,huycokhi14425,Huycokhi-rc,nháº¡c ná»n - ï¼´ï¼·ï¼¥ï¼® - TWEN MUSIC,/music/nháº¡c-ná»n-ï¼´ï¼·ï¼¥ï¼®-7347666191819066114?lang=eng,4569.0,145.0,110.0
1754586000.0,,"['#s25ultra_vs_iphone16promxs', '#iphone16promax', '#s25ultra', '#fyp', '#foryou', '#otm_2003']",https://www.tiktok.com/@s25ultraa/video/7536213079894281494,s25ultraa,ð—¦ð—”ð— ð—¦ð—¨ð—¡ð—š ð—¦25ð—¨ð—œð—§ð—¥ð—”,som original - aveerplayer-ÄÆ,/music/som-original-7301058551236020998?lang=eng,348800.0,5680.0,42400.0
1754905357.0,Ä‘Ã¢y nhÃ¡,['#xhuongtiktok'],https://www.tiktok.com/@bao.khanh140/video/7537087217689218311,bao.khanh140,ð™‰ð™œð™­ð™–ð™ª,nháº¡c ná»n  - ð™‰ð™œð™­ð™–ð™ª,/music/nháº¡c-ná»n-ð™‰ð™œð™­ð™–ð™ª-7537087250128571152?lang=eng,14900.0,477.0,554.0
,,[],https://www.tiktok.com/@gu_tu00/video/7534313515310402823,,,,,0.0,0.0,0.0
1753635600.0,"Galaxy Z Flip7 vá»›i FlexCam 50MP chuáº©n Pro cho báº¡n tráº£i nghiá»‡m selfie ráº£nh tay, áº£nh váº«n sáº¯c nÃ©t má»i khoáº£nh kháº¯c. 3, 2, 1â€¦ nÃ³i â€œZ!â€ nÃ o ðŸ“¸ Trá»£ lÃ½ AI vá»«a tay, gá»n tÃºi.","['#GalaxyZFlip7', '#GalaxyAI', '#FlexWindow', '#UltraGapMo']",https://www.tiktok.com/@samsungvietnam/video/7532131500951702789,samsungvietnam,Samsung Vietnam Store,nháº¡c ná»n - Samsung Vietnam Store,/music/nháº¡c-ná»n-7532131529478671160?lang=eng,4123.0,45.0,255.0
1755250957.0,LÃªn quáº£ hÃ¬nh ná»n cho iPhone tá»‘i Ä‘i xem Thanh GÆ°Æ¡m Diá»‡t Quá»· cho ðŸ”¥ðŸ”¥ðŸ”¥,"['#schannel', '#learnontiktok']",https://www.tiktok.com/@duyyy.real.channel/video/7538761054369762568,duyyy.real.channel,NgÃ´ Äá»©c Duy,nháº¡c ná»n  - NgÃ´ Äá»©c Duy,/music/nháº¡c-ná»n-NgÃ´-Äá»©c-Duy-7538761094425414417?lang=eng,85200.0,1160.0,6554.0
1754586000.0,,"['#creatorsearchinsights', '#tiktoknepalðŸ‡³ðŸ‡µ', '#foryoupage', '#flypã‚·', '#goviral', '#views', '#keepsupporting', '#nepalgunjmuser']",https://www.tiktok.com/@adhikariithub100/video/7536141553048227080,adhikariithub100,Adhikari It Hub,original sound - U_N_A ( THW DOPE ),/music/original-sound-7398461147244645137?lang=eng,144200.0,3435.0,79200.0
1755078157.0,What would you do?,['#robot'],https://www.tiktok.com/@rizzbot_official/video/7537791082239773965,rizzbot_official,Rizzbot,original sound - Rizzbot,/music/original-sound-7537791269569907511?lang=eng,1800000.0,15800.0,401100.0
,,[],https://www.tiktok.com/@trhieu276/video/7529739377912679688,,,,,0.0,0.0,0.0
1755164557.0,"Thiáº¿t bá»‹ quay phim cá»±c khá»§ng há»©a háº¹n sáº½ giÃºp VÃª TÃª Váº¿ mang Ä‘áº¿n nhá»¯ng gÃ³c mÃ¡y láº¡, Ä‘áº¹p máº¯t trong dá»‹p lá»… diá»…u binh, diá»…u hÃ nh 2/9","['#dieubinhdieuhanh', '#vtvquayphim', '#A80', '#dieubinh2thang9', '#mayquay']",https://www.tiktok.com/@vivulambao/video/7538279597134122248,vivulambao,Vi vu lÃ m BÃ¡o,nháº¡c ná»n  - â“¢â“¤â“œâ“¥â“˜â“Ÿ MEDIA Sá» 1,/music/nháº¡c-ná»n-â“¢â“¤â“œâ“¥â“˜â“Ÿ-MEDIA-Sá»-1-7536502410731129616?lang=eng,14500.0,566.0,420.0
1754818957.0,MÃ¡y cháº¡y xuá»“ng áº¯c quy tá»‘c Ä‘á»™ cao,"['#master2024bytiktok', '#xuhuong', '#xuhuongtiktok', '#maybommini', '#maybomnuoc']",https://www.tiktok.com/@may.bom.cao.ap/video/7536837219936505106,may.bom.cao.ap,MÃ¡y BÆ¡m Cao Ãp,nháº¡c ná»n  - MÃ¡y BÆ¡m Cao Ãp,/music/nháº¡c-ná»n-MÃ¡y-BÆ¡m-Cao-Ãp-7536837535411014416?lang=eng,5176.0,324.0,249.0
1754326800.0,Äiá»‡n Thoáº¡i gÃ¬ mÃ  má»ng váº­y áº¡?!!????,"['#myphone', '#myoutfit', '#484tramtroi', '#hoanghamobile', '#iphone', '#s25edge']",https://www.tiktok.com/@hoanghamobile484tramtroi/video/7535084342637317383,hoanghamobile484tramtroi,HoÃ ng HÃ  Mobile HoÃ i Äá»©c,nháº¡c ná»n  - Vi KhÃ¡nh ToÃ n ðŸ’«,/music/nháº¡c-ná»n-Vi-KhÃ¡nh-ToÃ n-ðŸ’«-7531741705603697409?lang=eng,17000.0,308.0,1063.0
