11-07-2025,BÃ¹n váº­y,"['#kemchekhuyetdiem', '#chekhuyetdiemxuatsac', '#kemtrangda', '#xuhuongtiktok', '#chekhuyetdiem', '#kemchexam', '#nangtone']",https://www.tiktok.com/@huongstore.06/video/7525692408676224272,huongstore.06,Kem che khuyáº¿t Ä‘iá»ƒm ğŸ°,Hoa Sa ÄÃ©c - ğ“‘ğ“¸Ì‚ğ“·ğ“°  ğŸŒ»,/music/Hoa-Sa-ÄÃ©c-6998407967250975514,753900,8582,29000,2025-07-18
11-07-2025,tráº£i nghiá»‡m cáº£m giÃ¡c Ä‘au Ä‘áº» táº¡i chá»£ Ä‘Ãªm sapa,[],https://www.tiktok.com/@luky889889/video/7525659423247846663,luky889889,HoÃ ng Tá»­ Äau Ä‘áº»,nháº¡c ná»n - ğ“ğ“’ğ“±ğ“² ğŸ€ - KhÃ©o tay hay lÃ m ğŸ¿,/music/nháº¡c-ná»n-ğ“ğ“’ğ“±ğ“²-ğŸ€-7275724550921718529,460900,11600,223600,2025-07-18
14-07-2025,má»™t sá»± nhá»‹n chÃ­nh sá»± lÃ nh ok ngÆ°á»i ae,"['#tuanhung', '#tienbry', '#tiengbipbibat', '#huanhoahongbibat', '#huanhoahong', '#tungmit', '#chauvietcuong', '#duymanh', '#dungtroc', '#hiepden', '#thohatduymanh', '#kinggroup', '#nguyenphuonghang', '#duthien', '#casiduthien', '#giangho', '#chuyengiangho', '#tuanthanden', '#khabanh', '#gianghomang', '#gianghomang247']",https://www.tiktok.com/@gianghomang247/video/7526530375674268936,gianghomang247,GIANG Há»’ Máº NG,nháº¡c ná»n  - GIANG Há»’ Máº NG,/music/nháº¡c-ná»n-GIANG-Há»’-Máº NG-7526530419588958993,287600,6107,17300,2025-07-18
11-07-2025,QuÃ¡ kinh khá»§ng chÆ°a Ä‘áº§y 15 dÃ¢y,['#giÃ´ngbÃ£o'],https://www.tiktok.com/@haisanthanhvan/video/7525425296992963847,haisanthanhvan,haisanthanhvan,æœ€æ–°äº‹ä»¶ç´§æ€¥æ’­æŠ¥æ–°é—»ç´§å¼ æ°”æ°›æˆ˜äº‰ - ä¼´å¥ - å¤§äº‹ä»¶çŸ­è§†é¢‘æ–°é—» èƒŒæ™¯éŸ³ä¹,/music/æœ€æ–°äº‹ä»¶ç´§æ€¥æ’­æŠ¥æ–°é—»ç´§å¼ æ°”æ°›æˆ˜äº‰-ä¼´å¥-7361704778831169552,270700,5793,25100,2025-07-18
09-07-2025,Thá»£ lÃ m cá»­a áº©u quÃ¡ ğŸ˜¨,"['#tainan', '#mayman', '#tintuc', '#plxhvn', '#phapluatxahoi']",https://www.tiktok.com/@plxhvn2/video/7524805462311636238,plxhvn2,Tin NÃ³ng HÃ ng NgÃ y,nháº¡c ná»n  - Tin NÃ³ng HÃ ng NgÃ y,/music/nháº¡c-ná»n-Tin-NÃ³ng-HÃ ng-NgÃ y-7524805609854700343,49400,1103,2268,2025-07-18
15-07-2025,KhÃ´ng niáº¿t thÃ nh pháº©m nhÆ° nÃ o chá»© tháº¥y chuyÃªn nghiá»‡p pháº¿t,"['#mongoland', '#Ä‘Ã láº¡t']",https://www.tiktok.com/@vuhoangphuongnam/video/7527106795391765767,vuhoangphuongnam,VÅ© HoÃ ng PhÆ°Æ¡ng Nam,nháº¡c ná»n  - paullummeme,/music/nháº¡c-ná»n-paullummeme-7389223069463612176,1100000,3371,47300,2025-07-18
11-07-2025,BÃ¡o thá»§ máº§m non ğŸ˜‚,"['#giadinh', '#treem', '#vuive', '#funny', '#haihuoc', '#haha', '#plxhvn', '#phapluatxahoi', '#giaitri']",https://www.tiktok.com/@plxhvn2/video/7525476265239891255,plxhvn2,Tin NÃ³ng HÃ ng NgÃ y,nháº¡c ná»n  - Tin NÃ³ng HÃ ng NgÃ y,/music/nháº¡c-ná»n-Tin-NÃ³ng-HÃ ng-NgÃ y-7525476297275886350,57500,484,9204,2025-07-18
09-07-2025,MÅ©i khoan tÃ¬nh yÃªu,"['#dangvuong', '#couple', '#xuhuong', '#fyp']",https://www.tiktok.com/@dangvuongne/video/7524945396729138440,dangvuongne,ÄÄƒng VÆ°Æ¡ng.,nháº¡c ná»n  - ÄÄƒng VÆ°Æ¡ng.,/music/nháº¡c-ná»n-ÄÄƒng-VÆ°Æ¡ng-7524945423748975361,393500,4589,154700,2025-07-18
08-07-2025,NÃ© cÃ¡i tay gáº·p ngay cÃ¡i cá»™t,['#couple'],https://www.tiktok.com/@dipquanne/video/7524545567163256082,dipquanne,Dá»‹p QuÃ¢n,nháº¡c ná»n  - Dá»‹p QuÃ¢n,/music/nháº¡c-ná»n-Dá»‹p-QuÃ¢n-7524545593814469392,502300,8408,150500,2025-07-18
11-07-2025,Váº«n chÆ°a hÃ¬nh dung Ä‘Æ°á»£c máº·c kiá»ƒu gÃ¬,[],https://www.tiktok.com/@cobedotdiem/video/7525628277034126610,cobedotdiem,ChÃºa tá»ƒ Ä‘á»“,nháº¡c ná»n  - Minh HuyğŸ­,/music/nháº¡c-ná»n-Minh-HuyğŸ­-7519792108790663937,115100,2122,76400,2025-07-18
12-07-2025,Ráº¥t lÃ  váº¥n vá»Ÿ nhÃ© =)) ngÆ°á»i HÃ  Lá»™i lÃ  ko cÃ³ vÃ o Ä‘Ã¢y bao giá»,"['#minhanhvuong', '#xuhÆ°á»›ng', '#ancungtiktok']",https://www.tiktok.com/@manxuatgia/video/7526055974730222856,manxuatgia,Minh Anh VÆ°Æ¡ng,nháº¡c ná»n  - Minh Anh VÆ°Æ¡ng,/music/nháº¡c-ná»n-Minh-Anh-VÆ°Æ¡ng-7526056044771855120,369900,4489,27400,2025-07-18
07-07-2025,Xe 04 Ä‘áº³ng cáº¥p tháº­t ğŸ˜‚,"['#giaothong', '#thibanglaixemay', '#phunu', '#haihuoc', '#vuive', '#vuinhon', '#haha', '#plxhvn', '#phapluatxahoi']",https://www.tiktok.com/@plxhvn2/video/7524219031616900366,plxhvn2,Tin NÃ³ng HÃ ng NgÃ y,nháº¡c ná»n  - Tin NÃ³ng HÃ ng NgÃ y,/music/nháº¡c-ná»n-Tin-NÃ³ng-HÃ ng-NgÃ y-7524219161837407031,138300,2014,19400,2025-07-18
12-07-2025,NuÃ´i mÃ£i k lá»›n,"['#changhiu', '#couple', '#fyp', '#xuhuong']",https://www.tiktok.com/@tranghieu0211/video/7526051115180264712,tranghieu0211,Chang HÃ­u,original sound - Cadel and Mia,/music/original-sound-7498388102705056528,413800,1434,25000,2025-07-18
13-07-2025,quÃ¡n dá»«a pháº£i thÃ´i nha,['#cáº­ubáº£yquáº­n3'],https://www.tiktok.com/@namanhvt11/video/7526117151846059272,namanhvt11,Cáº­u Báº£y Quáº­n 3 ğŸ¦ˆ,nháº¡c ná»n  - Cáº­u Báº£y Quáº­n 3 ğŸ¦ˆ,/music/nháº¡c-ná»n-Cáº­u-Báº£y-Quáº­n-3-ğŸ¦ˆ-7526117190903335681,471400,3626,97100,2025-07-18
24-06-2025,dáº¡ khÃ³ quÃ¡ chá»‹,"['#blockblast', '#hungrystudio', '#blockblastlove']",https://www.tiktok.com/@pth_.69/video/7519361838459391239,pth_.69,Fuong Thah,nháº¡c ná»n - TÃ³c dÃ i niá»n rÄƒn - Tuáº¥n nuÃ´i tÃ³c dÃ i láº¡i,/music/nháº¡c-ná»n-TÃ³c-dÃ i-niá»n-rÄƒn-7491221944923147025,437600,1909,80500,2025-07-18
13-07-2025,"Máº¹ chÃ¡u báº£o chÃ¡u nÃ³ Ä‘i há»c cáº£ ngÃ y, tá»‘i Ä‘i há»c thÃªm, Ä‘i Ä‘Ã¢u bá»‘ máº¹ Ä‘Ã³n. Há»i ra má»›i ngá»¡ ngÃ ng...","['#bacsytuanduong', '#thammytuanduong', '#trendingtiktok', '#xuhuongtiktok', '#thammy', '#lamdep']",https://www.tiktok.com/@bstuanduong.official.vn/video/7526379474393304338,bstuanduong.official.vn,BÃ¡c Sá»¹ Tuáº¥n DÆ°Æ¡ng,nháº¡c ná»n  - BÃ¡c Sá»¹ Tuáº¥n DÆ°Æ¡ng,/music/nháº¡c-ná»n-BÃ¡c-Sá»¹-Tuáº¥n-DÆ°Æ¡ng-7526379513538677521,130400,5223,88700,2025-07-18
12-07-2025,Khá»‘i nghá»‰ hÃ¨ chÃ­nh thá»©c xuáº¥t quÃ¢n,"['#nghihe', '#choi', '#xuhuong']",https://www.tiktok.com/@xuanhoansev/video/7526007395714206983,xuanhoansev,XuÃ¢n HoÃ n,nháº¡c ná»n  - XuÃ¢n HoÃ n,/music/nháº¡c-ná»n-XuÃ¢n-HoÃ n-7526007462973967105,104900,6718,61100,2025-07-18
29-06-2025,May lÃ  cÅ©ng háº¿t bÃ i=))),['#khanhlinhff'],https://www.tiktok.com/@khanhlinhtran02/video/7521324342399995143,khanhlinhtran02,KhÃ¡nh Linh FF ğŸ€,nháº¡c ná»n  - ğŸ”®Tiá»ƒu VyyğŸ”®,/music/nháº¡c-ná»n-ğŸ”®Tiá»ƒu-VyyğŸ”®-7513934317828016913,388600,6470,16100,2025-07-18
05-07-2025,Nháº£y tÃ­ lm gÃ¬ mÃ  cÄƒng,"['#xuhuong', '#hot']",https://www.tiktok.com/@lehoa1297/video/7523433742342294802,lehoa1297,lehoa01021997,åŸå£° - å¼ â•æ…§ - å¼ å˜‰æ…§,/music/åŸå£°-å¼ â•æ…§-7499076205027592961,168000,3923,7013,2025-07-18
11-07-2025,Sáº¯p xáº¿p thá»i gian nha má»i ngÆ°á»i ... phim Ä‘ang quay ... sáº¯p chiáº¿u,[],https://www.tiktok.com/@uyenan.h/video/7525416242115644679,uyenan.h,Huá»³nh Uyá»ƒn Ã‚n,nháº¡c ná»n  - Bin Yet quÃ£i Ä‘áº¡n ğŸ“¸,/music/nháº¡c-ná»n-Bin-Yet-quÃ£i-Ä‘áº¡n-ğŸ“¸-7518000305552804625,112400,354,2245,2025-07-18
13-07-2025,Giao diá»‡n hÆ¡i Ä‘á»‘i láº­p mÃ  giá»ng hÃ¡t tÃ´i thÃ­ch ğŸ¤­ğŸ¤­,"['#f', '#fyp']",https://www.tiktok.com/@xoaikhongchua_99/video/7526203667272191287,xoaikhongchua_99,XoÃ i khÃ´ng chua ğŸ¥­,nháº¡c ná»n  - XoÃ i khÃ´ng chua ğŸ¥­,/music/nháº¡c-ná»n-XoÃ i-khÃ´ng-chua-ğŸ¥­-7526203784222640951,280600,4015,184000,2025-07-18
11-07-2025,Suá»µttt! Tá»‘i nay! Tá»¥i mÃ¬nh! Háº¹ háº¹ háº¹,"['#phuongmychi', '#SingAsia']",https://www.tiktok.com/@phuongmychiofficial/video/7525669692564983061,phuongmychiofficial,PhÆ°Æ¡ng Má»¹ Chi,nháº¡c ná»n  - PhÆ°Æ¡ng Má»¹ Chi,/music/nháº¡c-ná»n-PhÆ°Æ¡ng-Má»¹-Chi-7525669742779697921,391900,3467,6694,2025-07-18
07-07-2025,3 á»™p paaa =))),"['#kanhdau', '#xuhuong']",https://www.tiktok.com/@kimanhne_36/video/7524219645830712583,kimanhne_36,ğŠğšğ§ğ¡ ğƒğšÌ‚ğ®ğ® ğŸ“,nháº¡c ná»n - maryy  ğ–¤ - ğ’ğ¡ğğ«ğ²ğ² âœ®,/music/nháº¡c-ná»n-maryy-ğ–¤-7486051269593942800,189900,891,4319,2025-07-18
08-07-2025,"M cÃ³ nÃªn vÃ o tuyá»ƒn QG dancesport láº¡i tiáº¿p tá»¥c cá»‘ng hiáº¿n cho Äáº¥t NÆ°á»›c k mng nhá»‰ğŸ¥° Tháº§y tui muá»‘n Ä‘Æ°a tui Ä‘i thi Ä‘áº¥u vÃ¬ tháº§y báº£o, tui mÃ  k Ä‘i thÃ¬ phÃ­ quÃ¡ máº·c dÃ¹ bh lÃ  22t rÃ¹i hÆ¡i muá»™n. NhÆ°ng biáº¿t Ä‘Ã¢u khi táº­p tháº§y khai phÃ¡ Ä‘Æ°á»£c tui thÃ¬ sáº½ chinh chiáº¿n trÃªn cÃ¡c Ä‘áº¥u trÆ°á»ng quá»‘c táº¿ thÃ¬ sao nhá»‰â˜ºï¸â˜ºï¸",['#louispham203'],https://www.tiktok.com/@louispham_203/video/7524685127276858631,louispham_203,Louispnp203,nháº¡c ná»n  - Louispnp203,/music/nháº¡c-ná»n-Louispnp203-7524685148839791376,225900,702,4431,2025-07-18
13-07-2025,Khi cÃ³ ngÆ°á»i máº¹ cÃ²n thÃ­ch nháº£y hÆ¡n con,"['#xuhuong', '#svm']",https://www.tiktok.com/@lehoa1297/video/7526404772065332487,lehoa1297,lehoa01021997,original sound - Htet Wai Yanâ˜ï¸,/music/original-sound-7505979878391417616,57200,1190,1652,2025-07-18
12-07-2025,2 ngÃ y ná»¯a Ä‘Ã¡nh giáº£i:,[],https://www.tiktok.com/@_hamykk/video/7525791049030110484,_hamykk,_trapgirl giáº£i nghá»‡,nháº¡c ná»n  - Bin Yet quÃ£i Ä‘áº¡n ğŸ“¸,/music/nháº¡c-ná»n-Bin-Yet-quÃ£i-Ä‘áº¡n-ğŸ“¸-7518000305552804625,150100,708,5260,2025-07-18
11-07-2025,Ta Ta Ta sahur - Tippi Tv,['#tippitv'],https://www.tiktok.com/@tippitivi/video/7525409031616335112,tippitivi,Tippi TV,nháº¡c ná»n  - Tippi TV,/music/nháº¡c-ná»n-Tippi-TV-7525409104895003409,29200,923,2312,2025-07-18
03-07-2025,muá»‘n Ä‘Æ°á»£c top 1 trend,[],https://www.tiktok.com/@_halinhtran_/video/7522839109811932423,_halinhtran_,Tráº§n HÃ  Linh ğŸ°,nháº¡c ná»n  - ğŸ”®Tiá»ƒu VyyğŸ”®,/music/nháº¡c-ná»n-ğŸ”®Tiá»ƒu-VyyğŸ”®-7513934317828016913,544400,3295,29400,2025-07-18
11-07-2025,Láº¡i chung má»™t khung hÃ¬nh ná»¯a rÃ¹i ğŸ¤­,"['#xuhuong', '#kanhdau']",https://www.tiktok.com/@kimanhne_36/video/7525671270936022290,kimanhne_36,ğŠğšğ§ğ¡ ğƒğšÌ‚ğ®ğ® ğŸ“,nháº¡c ná»n  - ğšƒğš‘Ã¹ğš¢ ğ™ºğš’á»ğš,/music/nháº¡c-ná»n-ğšƒğš‘Ã¹ğš¢-ğ™ºğš’á»ğš-7519864134256249616,160300,826,2655,2025-07-18
01-07-2025,HÃ´m qua anh Ä‘i Ä‘Ã¢u mÃ  sao anh ko Ä‘Ã³n em,"['#alithucphuong', '#alichannel', '#cogaigucci', '#homquaanhdidau', '#taisaoanhkhongdonem']",https://www.tiktok.com/@alithucphuong/video/7522042887664602376,alithucphuong,Ali Thá»¥c PhÆ°Æ¡ng,nháº¡c ná»n  - Ali Thá»¥c PhÆ°Æ¡ng,/music/nháº¡c-ná»n-Ali-Thá»¥c-PhÆ°Æ¡ng-7522042929293740817,637300,16900,22400,2025-07-18
11-07-2025,BÃ¡nh vá»«a ra lÃ² cÃ¡c chÃ¡u Äƒn ngay cho nÃ³ng ğŸ˜‚,"['#haihuoc', '#haha', '#plxhvn', '#phapluatxahoi']",https://www.tiktok.com/@plxhvn2/video/7525409510911937847,plxhvn2,Tin NÃ³ng HÃ ng NgÃ y,nháº¡c ná»n  - Tin NÃ³ng HÃ ng NgÃ y,/music/nháº¡c-ná»n-Tin-NÃ³ng-HÃ ng-NgÃ y-7525409542478236429,25800,206,5437,2025-07-18
16-07-2025,Táº­p cuá»‘i.,"['#letuankhang', '#Cellphones']",https://www.tiktok.com/@letuankhang2002/video/7527258883841101073,letuankhang2002,LÃª Tuáº¥n Khang,nháº¡c ná»n  - LÃª Tuáº¥n Khang,/music/nháº¡c-ná»n-LÃª-Tuáº¥n-Khang-7527259240907115281,2800000,38200,308200,2025-07-18
09-07-2025,Máº¥y con gÃ  thÃ¬ biáº¿t gÃ¬ em ğŸ“,['#sonlaicuocdoi'],https://www.tiktok.com/@color.life.1978/video/7524933293804915986,color.life.1978,SÆ¡n láº¡i cuá»™c Ä‘á»i,nháº¡c ná»n  - SÆ¡n láº¡i cuá»™c Ä‘á»i,/music/nháº¡c-ná»n-SÆ¡n-láº¡i-cuá»™c-Ä‘á»i-7524933449371978512,443400,7278,66200,2025-07-18
13-07-2025,Dá»‹u dÃ ng ná»¯ tÃ­nh tháº¿ cÃ²n gÃ¬,"['#dongthuydung', '#codongnat', '#phamvinh', '#trungthaomai']",https://www.tiktok.com/@dong.thuydung/video/7526152907763272967,dong.thuydung,Äá»“ng Thuá»³ Dung,nháº¡c ná»n  - Äá»“ng Thuá»³ Dung,/music/nháº¡c-ná»n-Äá»“ng-Thuá»³-Dung-7526152940555504400,245500,3502,11300,2025-07-18
08-07-2025,tá»‰nh chÆ°a,[],https://www.tiktok.com/@haha_412/video/7524686434909932818,haha_412,HAHA,nháº¡c ná»n - Vy kittyğŸ¤¡ - Nguyá»…n VyğŸ˜”,/music/nháº¡c-ná»n-Vy-kittyğŸ¤¡-7497872345080662785,360600,3345,6264,2025-07-18
14-07-2025,bao nhiÃªu quÃ¡n sao ghÃ© quÃ¡n anh quÃ i váº­y em?,['#cáº­ubáº£yquáº­n3'],https://www.tiktok.com/@namanhvt11/video/7526508458573614343,namanhvt11,Cáº­u Báº£y Quáº­n 3 ğŸ¦ˆ,nháº¡c ná»n  - Cáº­u Báº£y Quáº­n 3 ğŸ¦ˆ,/music/nháº¡c-ná»n-Cáº­u-Báº£y-Quáº­n-3-ğŸ¦ˆ-7526508507173161729,258800,1398,22500,2025-07-18
15-07-2025,"Kiáº¿p náº¡n ""khÃ³ nÃ³i"" cá»§a shipper ğŸ˜‚","['#shipper', '#xahoi', '#plxhvn', '#phapluatxahoi']",https://www.tiktok.com/@plxhvn2/video/7527004954737822990,plxhvn2,Tin NÃ³ng HÃ ng NgÃ y,nháº¡c ná»n  - Tin NÃ³ng HÃ ng NgÃ y,/music/nháº¡c-ná»n-Tin-NÃ³ng-HÃ ng-NgÃ y-7527005046417017614,52200,2017,86300,2025-07-18
13-07-2025,Bá»—ng nhiÃªn bá»‹ báº¡n gÃ¡i check var nhÆ°ng khÃ´ng biáº¿t =)))) - Stephen VÅ© Saigon Táº¿u,[],https://www.tiktok.com/@saigonteu/video/7526121871910243602,saigonteu,Saigon Táº¿u,original sound  - Saigon Táº¿u,/music/original-sound-Saigon-Táº¿u-7526122617125079809,765900,5758,157100,2025-07-18
08-07-2025,Äá»«ng bao giá» pháº£n bá»™i thá»£ cáº¯t tÃ³c cá»§a báº¡n . LÃª Báº£o remix,[],https://www.tiktok.com/@lebaoofficial/video/7524695513304747272,lebaoofficial,LÃª Báº£o,nháº¡c ná»n  - LÃª Báº£o,/music/nháº¡c-ná»n-LÃª-Báº£o-7524695551200627457,427400,3027,39100,2025-07-18
11-07-2025,Sá»‘c,[],https://www.tiktok.com/@bongtim96/video/7525450454621244679,bongtim96,BÃ´ng TÃ­m,nháº¡c ná»n  - BÃ´ng TÃ­m,/music/nháº¡c-ná»n-BÃ´ng-TÃ­m-7525450479514422033,584400,8451,400700,2025-07-18
11-07-2025,CÃ¡i nÃ y cÃ¡c Ã´ng papa nhin cÃ³ tháº¥y quen quen ko? Há»i táº¡i sao quáº§n Ã¡o cÃ ng ngÃ y cÃ ng cháº­t ğŸ˜‚,[],https://www.tiktok.com/@huy.trn/video/7525438568932723975,huy.trn,Huy Tran,original sound  - Huy Tran,/music/original-sound-Huy-Tran-7525438594794818305,69300,841,3900,2025-07-18
14-07-2025,Ä‘Ã³ váº­y ko Ä‘Ã³,['#trending'],https://www.tiktok.com/@chikhang0311/video/7526464253503524104,chikhang0311,ChÃ­ Khang,nháº¡c ná»n - NhÃ¬n Má»™t Ra MÆ°á»i,/music/nháº¡c-ná»n-7289403842511604482,119200,1270,21700,2025-07-18
02-07-2025,Dáº¡ kem hÃº anh áº¡,"['#phucbinhyenoffical', '#phucbinhyen', '#teamphucsyno']",https://www.tiktok.com/@phucbinhyenofficial/video/7522339330677902600,phucbinhyenofficial,PhÃºc BÃ¬nh YÃªn,nháº¡c ná»n  - PhÃºc BÃ¬nh YÃªn,/music/nháº¡c-ná»n-PhÃºc-BÃ¬nh-YÃªn-7522339358611901201,505500,9514,149100,2025-07-18
13-07-2025,Sá»± tÃ­ch mÃ¡i tÃ³c,"['#Hobebar', '#suaruamat']",https://www.tiktok.com/@nam.perdz/video/7526160652906384648,nam.perdz,Nam Per fect,nháº¡c ná»n  - Nam Per fect,/music/nháº¡c-ná»n-Nam-Per-fect-7526160680568113937,176100,1195,25800,2025-07-18
07-07-2025,ChuyÃªn gia Ä‘á»• thá»«a..,[],https://www.tiktok.com/@itsdunggee/video/7524318083503230226,itsdunggee,DÅ©ng GeeğŸ’‹,nháº¡c ná»n  - DÅ©ng GeeğŸ’‹,/music/nháº¡c-ná»n-DÅ©ng-GeeğŸ’‹-7524318118836603665,203500,1024,3809,2025-07-18
13-07-2025,Ã”ng chÃ¡u Yamal hÃº há»“n luÃ´n mÃ ,"['#24hmedia', '#24hsports', '#thethaomoingay', '#football', '#bongda', '#lamineyamal']",https://www.tiktok.com/@24h.sports/video/7526141433024105735,24h.sports,24h.Sports,Chill Melody - DJ ChiuChiu,/music/Chill-Melody-7385161226214770704,110900,436,3369,2025-07-18
11-07-2025,Cáº­u thá»­ nÃ o cÃ³ thá»ƒ kiáº¿m soÃ¡t bÃ³ng báº±ng trÃ¡n?,"['#football', '#fyp', '#vietnam']",https://www.tiktok.com/@deryynok2sf68x/video/7525360370186210567,deryynok2sf68x,Blv FIFAğŸ‡»ğŸ‡³,åŸå£°  - Blv FIFAğŸ‡»ğŸ‡³,/music/åŸå£°-Blv-FIFAğŸ‡»ğŸ‡³-7525360397667339025,68600,1009,1492,2025-07-18
14-07-2025,PSG cÃ³ muá»‘n Ä‘Ã¡ Ä‘Ã¢u,"['#chelsea', '#fifaclubworldcup']",https://www.tiktok.com/@sut.8.8.cusut/video/7526707237725768968,sut.8.8.cusut,ğŸ…‚ğŸ…„ğŸ…ƒğŸªğŸª CÃº SÃºt Tá»« Sao Há»a,nháº¡c ná»n - ğ‘†ğ‘ˆğ‘‡ğŸªğŸª CÃº SÃºt Tá»« Sao Há»a - ğŸ…‚ğŸ…„ğŸ…ƒğŸªğŸª CÃº SÃºt Tá»« Sao Há»a,/music/nháº¡c-ná»n-ğ‘†ğ‘ˆğ‘‡ğŸªğŸª-CÃº-SÃºt-Tá»«-Sao-Há»a-7526707279630994193,103800,5306,10500,2025-07-18
23-06-2025,DÄƒm ba cÃ¡i ká»¹ thuáº­t nÃ y nháº±m nhÃ² gÃ¬,[],https://www.tiktok.com/@phamquynhhoaa/video/7519074933436058898,phamquynhhoaa,Quá»³nh Hoa,å¤§å±•é´»åœ–(Blueprint Supreme) - æ”¬ä½¬SKAI ISYOURGOD & ARåŠ‰å¤«é™½,/music/å¤§å±•é´»åœ–-Blueprint-Supreme-7404667312807151617,1000000,4646,26300,2025-07-18
07-07-2025,"ThÃ¡ch Ä‘áº¥u tuyá»ƒn thá»§ Viá»‡t Nam tÆ°Æ¡ng lai, anh","['#minhnhatgk', '#hendrio', '#dkpteam']",https://www.tiktok.com/@minhnhatgk/video/7524251168164384018,minhnhatgk,Minh Nháº­t GKğŸ¥‡,nháº¡c ná»n  - Minh Nháº­t GKğŸ¥‡,/music/nháº¡c-ná»n-Minh-Nháº­t-GKğŸ¥‡-7524251194336742160,93600,298,1170,2025-07-18
07-07-2025,No panic. Just a legend changing shoes mid-race like itâ€™s nothing. ğŸ˜,"['#UCIWWT', '#GirodItaliaWomen']",https://www.tiktok.com/@uci_cycling/video/7524367359042161942,uci_cycling,UCI,YEE! - LXGAR & OZKXN & INXN,/music/YEE-7397739530105210881,643700,1299,7970,2025-07-18
12-07-2025,10/10 experience,"['#halfmooncay', '#bahamas', '#cruise', '#horsebackriding', '#beachvibes', '#shittok']",https://www.tiktok.com/@mikaylaallisonn/video/7525995255351594271,mikaylaallisonn,Mikayla Reno,Jet2 Advert - âœˆï¸A7-BBH | MAN ğŸ‡¬ğŸ‡§,/music/Jet2-Advert-7398162320411429664,4900000,35600,1900000,2025-07-18
12-07-2025,falling head over wheels for this ğŸ« ,"['#redbull', '#givesyouwiiings', '#energydrink', '#redbullstalenros', '#redbullsattelfest', '#bike']",https://www.tiktok.com/@redbull/video/7525781895959891222,redbull,Red Bull,original sound  - Red Bull,/music/original-sound-Red-Bull-7525781927145802518,2400000,13800,205600,2025-07-18
11-07-2025,MMA DUO: Sá»¨C NÃ“NG Äá»ˆNH ÄIá»‚M TRÆ¯á»šC NGÃ€Y LÃŠN ÄÃ€I ğŸ”¥,"['#lionchampionship2025', '#LIONChampionship', '#lc24', '#lionchampionship24', '#NationalPride', '#mma']",https://www.tiktok.com/@lionchampionshipvietnam/video/7525661566574906642,lionchampionshipvietnam,LION Championship,original sound  - LION Championship,/music/original-sound-LION-Championship-7525661602097089296,40300,902,1245,2025-07-18
11-07-2025,Trá»ng Háº£i sáº£n mÃ y Ä‘Ã£ run chÆ°a???,['#xu'],https://www.tiktok.com/@thandogo8/video/7525651698325425415,thandogo8,Shop Tháº£n Äá»“ Gá»—,nháº¡c ná»n  - Shop Tháº£n Äá»“ Gá»—,/music/nháº¡c-ná»n-Shop-Tháº£n-Äá»“-Gá»—-7525651727396113153,61600,3409,1408,2025-07-18
12-07-2025,TroÌ£ng taÌ€i laÌ£i xÆ°Ì‰ eÌp ViÃªÌ£t Nam rÃ´Ì€i.,[],https://www.tiktok.com/@nextmediaofficial/video/7525611866886851848,nextmediaofficial,Next Media,nháº¡c ná»n  - Next Media,/music/nháº¡c-ná»n-Next-Media-7525611909002136336,23000,122,252,2025-07-18
11-07-2025,háº¡ng K Ä‘i cháº¥m,"['#tonyrosabilliards', '#khaitony', '#xh', '#xuhuong', '#fyp']",https://www.tiktok.com/@tonyrosatournaments/video/7525391795316935944,tonyrosatournaments,SÆ N ROSA BI LÃT,nháº¡c ná»n - TONY ROSA TOUR - SÆ N ROSA BI LÃT,/music/nháº¡c-ná»n-TONY-ROSA-TOUR-7525391829370424080,20100,203,2565,2025-07-18
13-07-2025,BÃ³ng rá»• tháº¿ giá»›i pháº£i chao Ä‘áº£o vá»›i VÄV Zhang Ziyu sinh nÄƒm 2007 cá»§a Trung Quá»‘c,"['#OnSports', '#VTVcab', '#SportsOnTiktok', '#ASEANU23Championship']",https://www.tiktok.com/@onsportsplus/video/7526152299983506689,onsportsplus,On Sports Plus,Michi'S Travel Song (Instumental) - Michi & Cheeky Band & Auralis,/music/Michi'S-Travel-Song-Instumental-7491708801181468689,79000,1768,23300,2025-07-18
08-07-2025,What the meaning of aura farming ? I still counfused ğŸ™‚,[],https://www.tiktok.com/@paparazikuansing/video/7524612779672734982,paparazikuansing,Paparazi Kuansing ğŸ‰,original sound - ğ–ğ–†ğ–‘ğ–‘ğ–”ğ–œ,/music/original-sound-7458831105029147397,933100,1192,24100,2025-07-18
14-07-2025,"DÆ°á»ng nhÆ° Ä‘Ã¢y lÃ  gÃ³c lag cá»§a Cole Palmer, cá»© Ä‘áº·t lÃ²ng lÃ  lÆ°á»›i PSG pháº£i rung lÃªn","['#FPTPlay', '#FIFACWC', '#SamsungAITV', '#SamsungVisionAI', '#NeoQLED', '#fptbongda', '#chelsea', '#psg']",https://www.tiktok.com/@fptbongda/video/7526658859855891728,fptbongda,FPT BÃ³ng ÄÃ¡,nháº¡c ná»n  - FPT BÃ³ng ÄÃ¡,/music/nháº¡c-ná»n-FPT-BÃ³ng-ÄÃ¡-7526659160788699921,134700,8451,4547,2025-07-18
11-07-2025,sá»©c báº­t táº¡i chá»— 3m05 á»•n hok ta,"['#kimthiencotich', '#bongchuyenvietnam', '#xhuong']",https://www.tiktok.com/@kimthiencotichh/video/7525674039893888263,kimthiencotichh,ğ™ğ™ğ™á»‡ğ™£Äğ™ªÃ´ğ™ğ™Ã¹ğ™–ğŸ,nháº¡c ná»n  - PiLong Producer,/music/nháº¡c-ná»n-PiLong-Producer-7507184937435515664,7109,425,211,2025-07-18
12-07-2025,MÃ¹a sau mÃ  Ä‘Ã¡ nhÆ° bay thÃ¬ Ä‘á»«ng há»i vÃ¬ sao nhÃ©ğŸ˜†,"['#lamineyamal', '#fcbarcelona', '#thethao247']",https://www.tiktok.com/@thethao247.vn/video/7525800770298694920,thethao247.vn,Thá»ƒ Thao 247,AURA (Super Slowed) - Ogryzek,/music/AURA-Super-Slowed-7400722563739224065,21700,190,481,2025-07-18
12-07-2025,0 to 100 real quick â€¦ real quick â€¦.,"['#viral', '#tiktok', '#worldwide', '#viralvideo', '#goviral', '#viraltiktok', '#viralvideos', '#gotiktok', '#moments', '#fun', '#funny', '#funnyvideos', '#funnyvideo', '#funnymoments', '#music', '#sport', '#shower', '#fyp']",https://www.tiktok.com/@cosmonapolitan/video/7525842323725503766,cosmonapolitan,cosmoPOLitan,NEXT! - NCTS,/music/NEXT-7375355776225282064,721300,4296,422100,2025-07-18
08-07-2025,TÃ´i Chá»n LÃ m SÃ¡t NhÃ¢n Trong Äáº¡i Dá»‹ch Zombie | G5 | Review Truyá»‡n | Truyá»‡n Hhn,"['#truyenhhn', '#fullchapmoi', '#reviewtruyen', '#vairal', '#reviewtruyenmoi', '#manhua', '#review', '#reviewmanhua', '#xuhuong', '#truyenmoi']",https://www.tiktok.com/@hhn405/video/7524684041166114069,hhn405,Truyá»‡nâ€‚HHN,nháº¡c ná»n  - Truyá»‡nâ€‚HHN,/music/nháº¡c-ná»n-Truyá»‡n-HHN-7474211709465824001,124300,743,2165,2025-07-18
11-07-2025,"CÆ°Æ¡ng thi muá»‘n Ä‘áº§u thai, nÃªn Ä‘Ã£ dÃ¹ng Ä‘á»“ng xu cuá»‘i cÃ¹ng mua canh cá»§a Máº¡nh BÃ  Ä‘á»ƒ uá»‘ng","['#cartoon', '#hoathinh']",https://www.tiktok.com/@tangca/video/7525688405934607638,tangca,Tang Ca,nháº¡c ná»n  - Tang Ca,/music/nháº¡c-ná»n-Tang-Ca-7525688438599748354,21000,42,467,2025-07-18
11-07-2025,#xuhuong #1 #phimtrungquoc #longvideos #review #reviewphim #reviewphimhay #mereviewphim #phimngontinh #khophimngontinh #daophimtrung #fyp,[],https://www.tiktok.com/@rudolfiogk/video/7525387205569744158,rudolfiogk,RUDOLFIO,He Went That Way - Dj Alera,/music/He-Went-That-Way-7472662210184136720,32600,134,520,2025-07-18
08-07-2025,CÃ¡i Ä‘Ã¡m nÃ y áº©n mÃ¬nh trong Ä‘Ã n bÃ² sá»¯a thÃ¬ há»£p,"['#Tiktokgiaitri', '#tiktoksoiphim', '#tiktokxemphim', '#troncine', '#howtotrainyourdragon']",https://www.tiktok.com/@troncinearb/video/7524583554408369415,troncinearb,TrÃ²n Cine,nháº¡c ná»n  - TrÃ²n Cine,/music/nháº¡c-ná»n-TrÃ²n-Cine-7524583611190807313,125000,929,11100,2025-07-18
08-07-2025,âš«ï¸,"['#onepiece', '#robin', '#nicorobin', '#onepieceedit', '#anime']",https://www.tiktok.com/@kidzuna._/video/7524736201455193365,kidzuna._,çµ¶æœ›,Ğ¾Ñ€Ğ¸Ğ³Ğ¸Ğ½Ğ°Ğ»ÑŒĞ½Ñ‹Ğ¹ Ğ·Ğ²ÑƒĞº  - çµ¶æœ›,/music/Ğ¾Ñ€Ğ¸Ğ³Ğ¸Ğ½Ğ°Ğ»ÑŒĞ½Ñ‹Ğ¹-Ğ·Ğ²ÑƒĞº-çµ¶æœ›-7524736254223944449,795800,2892,17300,2025-07-18
07-07-2025,Tung tung tung Sahur just made the biggest mistake of his life! ğŸ˜¡,"['#tungtungtungsahur', '#ballerinacappucinna', '#brainrot']",https://www.tiktok.com/@memekingdomtv/video/7524159460756049160,memekingdomtv,MemeKingdom,original sound  - MemeKingdom,/music/original-sound-MemeKingdom-7524159636094700289,2000000,38500,762400,2025-07-18
04-07-2025,M muá»‘n thÃ¬ t lÃ m,[],https://www.tiktok.com/@qn._kanie/video/7523179482342198536,qn._kanie,QN KÃ¡ğŸŸ,get out! - auxmitâ˜†,/music/get-out-7403007276187322384,254900,3752,5130,2025-07-18
12-07-2025,Asian Bieber! ğŸ˜€,"['#fyp', '#funnyvideos', '#memes', '#viral', '#viral', '#anime']",https://www.tiktok.com/@ricoanimations0/video/7525829306556108040,ricoanimations0,Rico Animations,original sound - Rico Animations,/music/original-sound-7525829323442375441,1500000,9783,286500,2025-07-18
08-07-2025,should i make a second part with another character?,"['#demonslayer', '#tanjiro', '#kimetsunoyaiba', '#anime', '#animeedit']",https://www.tiktok.com/@maderezs/video/7524788882534108434,maderezs,maderezs,Ğ¾Ñ€Ğ¸Ğ³Ğ¸Ğ½Ğ°Ğ»ÑŒĞ½Ñ‹Ğ¹ Ğ·Ğ²ÑƒĞº  - maderezs,/music/Ğ¾Ñ€Ğ¸Ğ³Ğ¸Ğ½Ğ°Ğ»ÑŒĞ½Ñ‹Ğ¹-Ğ·Ğ²ÑƒĞº-maderezs-7524788919829826321,545300,1799,15100,2025-07-18
12-07-2025,á»c sÃªn tham lam muá»‘n lÃ m vua cá»§a táº¥t cáº£,"['#hoathinh', '#cartoon']",https://www.tiktok.com/@tangca/video/7526025735430081814,tangca,Tang Ca,nháº¡c ná»n  - Tang Ca,/music/nháº¡c-ná»n-Tang-Ca-7526025698369227542,7405,26,144,2025-07-18
12-07-2025,Con nhá» nÃ y bá»‹ Ã©p Ä‘i láº¥y chá»“ng,[],https://www.tiktok.com/@wibubymike.y2o/video/7525998970972196104,wibubymike.y2o,Wibu bymike,nháº¡c ná»n  - Wibu bymike,/music/nháº¡c-ná»n-Wibu-bymike-7525999012479011585,39900,123,804,2025-07-18
12-07-2025,Eraser dust Bugcat grows up,"['#ã‚«ãƒ—ãƒ¼', '#capoo', '#å’–æ³¢']",https://www.tiktok.com/@bugcat_capoo_official/video/7525796290240711942,bugcat_capoo_official,BugCat Capoo,åŸè²  - BugCat Capoo,/music/åŸè²-BugCat-Capoo-7525796311287876358,1200000,1640,150400,2025-07-18
14-07-2025,Cáº¢ Lá»šP ÄI DÃƒ NGOáº I Bá»Š ÄUá»I NÆ¯á»šC  ÄÃŠM THá»¨ 7 Vá»€ CHá»¤P áº¢NH Tá»T NGHIá»†P! PHáº¦N 2,"['#kyan', '#learnontiktok', '#bian']",https://www.tiktok.com/@kyanbian.88/video/7526586593273072909,kyanbian.88,Ká»² ÃN BÃ áº¨N,nháº¡c ná»n  - Ká»² ÃN BÃ áº¨N,/music/nháº¡c-ná»n-Ká»²-ÃN-BÃ-áº¨N-7526586757563829047,10400,212,629,2025-07-18
08-07-2025,Part 3,"['#zoro', '#anime', '#edit']",https://www.tiktok.com/@kewbi_/video/7524632206044695816,kewbi_,kewbi,Ğ¾Ñ€Ğ¸Ğ³Ğ¸Ğ½Ğ°Ğ»ÑŒĞ½Ñ‹Ğ¹ Ğ·Ğ²ÑƒĞº - kewbi,/music/Ğ¾Ñ€Ğ¸Ğ³Ğ¸Ğ½Ğ°Ğ»ÑŒĞ½Ñ‹Ğ¹-Ğ·Ğ²ÑƒĞº-7524632242929355521,563600,2913,18200,2025-07-18
13-07-2025,Tháº¥t Äáº¡i ThÃ¡nh trong tiá»ƒu thuyáº¿t TÃ¢y Du KÃ½,"['#fypage', '#AI', '#aigenerated', '#taydukyclip', '#tonngokhong', '#duongtang', '#tonngokhong1986', '#tayduky1986', '#trubatgioi1986', '#xh']",https://www.tiktok.com/@truyenxuatrietlynay/video/7526236927100587272,truyenxuatrietlynay,Truyá»‡n xÆ°a - Triáº¿t lÃ½ nay,nháº¡c ná»n  - Truyá»‡n xÆ°a - Triáº¿t lÃ½ nay,/music/nháº¡c-ná»n-Truyá»‡n-xÆ°a-Triáº¿t-lÃ½-nay-7526236975248214785,20500,219,365,2025-07-18
13-07-2025,"Äá»ªNG XEM THÆ¯á»œNG BUGGY â€“ Háº®N KHÃ”NG Cáº¦N MAY Máº®N, Háº®N","['#onepiece', '#anime', '#fanonepice_', '#meanine', '#learnontiktok']",https://www.tiktok.com/@meanime1017/video/7526190158257851670,meanime1017,FÍ™OÍ™88 MÃª Anime,nháº¡c ná»n  - FÍ™OÍ™88 MÃª Anime,/music/nháº¡c-ná»n-FÍ™OÍ™88-MÃª-Anime-7526190187727129366,94400,1297,1640,2025-07-18
11-07-2025,"B RAY CHÆ I Lá»šN : Gá»ŒI TÃŠN LOáº T NYC TRONG TRACK NHáº C ""THE ONE""","['#vbiznews', '#tintucshowbiz', '#tintucgiaitri', '#tngocha', '#onlive', '#bray']",https://www.tiktok.com/@vbiznews/video/7525352701639609618,vbiznews,Tin Tá»©c Showbiz,Energy boost - Instrumental - Winner P336,/music/Energy-boost-Instrumental-7401165328607381520,348600,4430,52800,2025-07-18
14-07-2025,Máº¹ cá»§a Ngá»c Thanh TÃ¢m Ä‘áº¿n chÃºc má»«ng vá»£ chá»“ng Äáº¡t G rá»“i vá»™i vÃ£ ra vá» â¤ï¸â¤ï¸,"['#NgocThanhTam', '#DatG', '#CindyLu', '#damcuoidatgcindylu', '#showbiznhatbao', '#nhatbaotv', '#xuhuongtiktok', '#TikTokGiaiTri']",https://www.tiktok.com/@showbiznhatbao/video/7526554367042784528,showbiznhatbao,SHOWBIZ NHáº¬T BÃO,Rá»“i Xong LÃªn Xe BÃ´ng - QuÃ¡ch Tuáº¥n Du,/music/Rá»“i-Xong-LÃªn-Xe-BÃ´ng-7098594942397728769,193200,790,1523,2025-07-18
16-07-2025,NgÆ°á»i Ä‘áº¹p nÃ y vá»«a dá»± chung sá»± kiá»‡n vá»›i Lee Min Ho. CÃ´ Ä‘ang Ä‘Æ°á»£c xem lÃ  fan girl háº¡nh phÃºc nháº¥t hiá»‡n táº¡i,"['#huyenbaby', '#tiktokgiaitri', '#news', '#amm']",https://www.tiktok.com/@kenh14official/video/7527214087445449985,kenh14official,Kenh14.vn,CÃ¹ng Thá»•i Bay CÃ´ Vy (Instrumental) - P336 Band & O2O GirlBand & MCV Music & K14,/music/CÃ¹ng-Thá»•i-Bay-CÃ´-Vy-Instrumental-7494259432605485072,473100,1889,8197,2025-07-18
13-07-2025,Vá»«a vÃ o Ä‘Ã¡m cÆ°á»›i HÃ¹ng Thuáº­n - CÆ°á»ng ÄÃ´la vá»™i vÃ£ ra vá» cÃ²n bo thÃªm cho anh báº£o vá»‡,"['#MeowEntertainment', '#Meownetwork', '#Saptinggg', '#Saptinshowbiz', '#Kindnmeow', '#Tiktokgiaitri']",https://www.tiktok.com/@meowentertainmentvn/video/7526168967916932372,meowentertainmentvn,MEOW ENTERTAINMENT,Báº­t ÄÃ¨n Xanh - VÃ¢n Anh Pinky,/music/Báº­t-ÄÃ¨n-Xanh-7441126118013192193,120400,1408,2119,2025-07-18
15-07-2025,Hot: Chá»‰ vÃ i cÃ¢u bÃ¢ng quÆ¡ Báº¯p Kimochi khiáº¿n netizen rÃ©o tÃªn TrÃ  BÃ´ng liÃªn tá»¥c,"['#17network', '#17showbiz', '#17trending', '#17news', '#bapkimochi', '#trabong']",https://www.tiktok.com/@17showbiz.official/video/7527046332033305878,17showbiz.official,17 Showbiz,nháº¡c ná»n  - 17 Showbiz,/music/nháº¡c-ná»n-17-Showbiz-7527046315482663702,148300,748,11300,2025-07-18
15-07-2025,Há»™i Ä‘á»“ng gia tiÃªn ngáº§u Ä‘Ã©t ğŸ˜,"['#NhaGiaTien', '#Huynhlap', '#phuongmychi', '#phimvietnam', '#filmtok', '#movietok', '#galaxyplay']",https://www.tiktok.com/@suyphimhay/video/7526590218288352530,suyphimhay,Suy Phim Há»™i,nháº¡c ná»n  - NhÃ  Gia TiÃªn Movie,/music/nháº¡c-ná»n-NhÃ -Gia-TiÃªn-Movie-7464946549144619777,225000,1266,18100,2025-07-18
14-07-2025,Báº¯t gáº·p B Ray xuáº¥t hiá»‡n cá»±c sá»›m cÃ¹ng â€œcÃ´ gÃ¡i láº¡â€ táº¡i Ä‘Ã¡m cÆ°á»›i Äáº¡t G - Cindy LÆ°,"['#MeowEntertainment', '#meownetwork', '#Tiktokgiaitri', '#Saptinggg', '#Saptinshowbiz', '#Kindnmeow']",https://www.tiktok.com/@meowentertainmentvn/video/7526508949764328711,meowentertainmentvn,MEOW ENTERTAINMENT,Báº­t ÄÃ¨n Xanh - VÃ¢n Anh Pinky,/music/Báº­t-ÄÃ¨n-Xanh-7441126118013192193,153700,479,4019,2025-07-18
14-07-2025,cÃ³ há» hÃ ng tháº¿ nÃ y sÄ© háº¿t Ä‘á»i ğŸ¤£,"['#datg', '#cindylu', '#sangmatchua', '#tiktokxemphim', '#tiktoktrending']",https://www.tiktok.com/@sangmatchuaa/video/7526801755192053000,sangmatchuaa,SÃ¡ng Máº¯t ChÆ°a,Em Muá»‘n Tá»± Do - Du UyÃªn & ThÆ°á»Ÿng,/music/Em-Muá»‘n-Tá»±-Do-7482805269850195969,124500,1166,4324,2025-07-18
14-07-2025,Cháº¥n Ä‘á»™ng: HoÃ ng Tá»­ Drill bá»‹ má»™t nam thanh niÃªn láº¡ máº·t gá»¡ máº·t náº¡ ngay trÃªn sÃ¢n kháº¥u.,"['#Hoangtudrill', '#windshowbiz', '#windmusic', '#xuhuong', '#emxinh', '#emxinhsayhi', '#tiktok']",https://www.tiktok.com/@windmusic221/video/7526520966592220423,windmusic221,Wind Showbiz,nháº¡c ná»n  - hoangtudrill,/music/nháº¡c-ná»n-hoangtudrill-7495731425572834049,111300,2626,4885,2025-07-18
15-07-2025,Ai rÃ²i cÅ©ng pháº£i xÃ i kem trá»™n mÃ  thÃ´i,"['#EmXinh', '#EmXinhSayHi', '#QuynhAnhShyn', '#VieON', '#VieChannel', '#BICHPHUONG', '#loithatlongkhisay']",https://www.tiktok.com/@quynhanhshyn_/video/7526866382546341141,quynhanhshyn_,Quynh Anh Shyn,"Lá»œI THáº¬T LÃ’NG KHI SAY - EM XINH ""SAY HI"" & Miu LÃª & BÃ­ch PhÆ°Æ¡ng & Juky San & Quá»³nh Anh Shyn",/music/Lá»œI-THáº¬T-LÃ’NG-KHI-SAY-7525661652215367697,257899,699,9752,2025-07-18
11-07-2025,Ca sÄ© NguyÃªn VÅ© vÃ o tháº¥p hÆ°Æ¡ng tiá»…n biá»‡t siÃªu máº«u Nam Phong,"['#cameravietnam', '#nguoimaunamphong', '#casidantruong', '#showbiz', '#casinguyenvu', '#tanglenguoimaunamphong']",https://www.tiktok.com/@cameravietnam1988/video/7525511899937623313,cameravietnam1988,Camera Viá»‡t Nam,Nháº¡c Ä‘á»“ng quÃª yÃªn bÃ¬nh - Má»™c Gtar,/music/Nháº¡c-Ä‘á»“ng-quÃª-yÃªn-bÃ¬nh-7513825496535746561,91000,1827,686,2025-07-18
08-07-2025,"Tháº¥y Háº£i Triá»u lÃ  tháº¥y cÆ¡ cá»±c, lam lÅ© tá»›i ná»—i Ã¡o rÃ¡ch luÃ´n","['#HaiTrieu', '#DiSoiSaoDi', '#Kenh14', '#amm', '#TikTokgiaitri']",https://www.tiktok.com/@kenh14disoisaodi/video/7524732846154583313,kenh14disoisaodi,Äi Soi Sao Äi,CÃ¹ng Thá»•i Bay CÃ´ Vy (Instrumental) - P336 Band & O2O GirlBand & MCV Music & K14,/music/CÃ¹ng-Thá»•i-Bay-CÃ´-Vy-Instrumental-7494259432605485072,44500,435,553,2025-07-18
12-07-2025,LÃºc nÃ y lÃºc kia =)),"['#tiktokgiaitri', '#vbiznews', '#tintucshowbiz', '#xoainon', '#xemesis', '#gille', '#vy']",https://www.tiktok.com/@vbiznews/video/7525822330644303105,vbiznews,Tin Tá»©c Showbiz,Energy boost - Instrumental - Winner P336,/music/Energy-boost-Instrumental-7401165328607381520,48400,1356,4057,2025-07-18
14-07-2025,Thiá»u Báº£o TrÃ¢m diá»‡n nguyÃªn cÃ¢y Ä‘en xuáº¥t hiá»‡n táº¡i Ä‘Ã¡m cÆ°á»›i Äáº¡t G - Cindy LÆ°,"['#MeowEntertainment', '#Meownetwork', '#Saptinggg', '#Saptinshowbiz', '#Kindnmeow', '#Tiktokgiaitri']",https://www.tiktok.com/@meowentertainmentvn/video/7526512136948894996,meowentertainmentvn,MEOW ENTERTAINMENT,Báº­t ÄÃ¨n Xanh - VÃ¢n Anh Pinky,/music/Báº­t-ÄÃ¨n-Xanh-7441126118013192193,67400,564,756,2025-07-18
08-07-2025,Jenroseeeeeeee DAY2ğŸ˜­ğŸ˜­ğŸ˜­,"['#jenrose', '#jennie', '#jenniekim', '#jennierubyjane', '#rose', '#Rose', '#roses_are_rosie', '#BLACKPINK', '#blackpinkday2', '#blackpink', '#blink', '#concert', '#concertblackpink', '#concertblackpink2025', '#fye', '#fyeã‚·', '#fyeeeeeeeeeepppppp', '#fyee', '#fyp', '#fypã‚·', '#fypã‚·ã‚šviral', '#fypage', '#fyppppppppppppppppppppppp', '#froyou']",https://www.tiktok.com/@4jennie80/video/7524677374626286855,4jennie80,KIMJENNIE,ì˜¤ë¦¬ì§€ë„ ì‚¬ìš´ë“œ  - ì†¡ë¡œìš°_Songlou,/music/ì˜¤ë¦¬ì§€ë„-ì‚¬ìš´ë“œ-ì†¡ë¡œìš°Songlou-7234884333121669889,866300,666,17200,2025-07-18
14-07-2025,Pháº¡m truy nÃ£ ğŸ˜± police vs robbers,"['#phimhongkong', '#phimhanhdong', '#phimhongkongxua', '#phimhay', '#police', '#CapCut', '#phim']",https://www.tiktok.com/@7longdeptrai/video/7526584284056980737,7longdeptrai,7 Long Ä‘áº¹p trai,sonido original - Raimond_Figuera,/music/sonido-original-7506550858882386744,20000,568,526,2025-07-18
09-07-2025,Cáº­n cáº£nh nhan sáº¯c Ä‘Ã´i báº¡n thÃ¢n cÅ© ngÆ°á»i lÃªn hÆ°Æ¡ng ngÆ°á»i láº¡i xuá»‘ng,"['#vutruxine', '#huynhmy', '#miale', '#viral', '#tiktok']",https://www.tiktok.com/@vutrunews1/video/7524951258961038600,vutrunews1,VÅ© Trá»¥ News,nháº¡c ná»n - VÅ© trá»¥ xi nÃª - VÅ© Trá»¥ News,/music/nháº¡c-ná»n-VÅ©-trá»¥-xi-nÃª-7524951292087765761,48600,159,5584,2025-07-18
14-07-2025,ÄÃ¢y lÃ  lÃ­ do mÃ£i mÃ  anh TrÆ°á»ng chÆ°a cÃ³ báº¡n gÃ¡i Ä‘Æ°á»£c lun Ã³ â€¦.. ğŸ¤­,"['#titi', '#hkt', '#DvQuá»‘cTrÆ°á»ng', '#Ä‘Ã¡mcÆ°á»›i', '#Äáº¡tG', '#CindylÆ°']",https://www.tiktok.com/@titi.nhungbabie/video/7526620611628551441,titi.nhungbabie,TiTi NhungBabie,nháº¡c ná»n - Bigbabol ğŸ­ - LÃ THá»Š KHáº¢ THI ğŸ£,/music/nháº¡c-ná»n-Bigbabol-ğŸ­-7501317808496904976,58400,1089,1599,2025-07-18
11-07-2025,ThoÃ¡ng nghe cÃ¢u giáº£ dá»‘i...,"['#xuhuong', '#há»c', '#hÃ¨2025']",https://www.tiktok.com/@mucnuong.09/video/7525619785632107794,mucnuong.09,Má»±c nÆ°á»›ngg,nháº¡c ná»n  - Quang BÃ¡n CÃ  PhÃª,/music/nháº¡c-ná»n-Quang-BÃ¡n-CÃ -PhÃª-7523468261599169296,293500,1845,33200,2025-07-18
09-07-2025,ThÃ´i rá»“i Ä‘oáº¡n tuyá»‡t tá»« Ä‘Ã¢y âœŠğŸ‘Š,['#lucevisu'],https://www.tiktok.com/@luc.evisu/video/7524924823844211976,luc.evisu,Lá»±c Evisu,nháº¡c ná»n - Duy Tuáº¥nn - duytuan2k4,/music/nháº¡c-ná»n-Duy-Tuáº¥nn-7515825380675095312,155800,2162,24700,2025-07-18
12-07-2025,ÄÆ°a tay ....,[],https://www.tiktok.com/@khoadibao/video/7526046795118513416,khoadibao,Khoa BÃ¡o ğŸ†,nháº¡c ná»n  - Huá»³nh Háº£i SÆ¡n,/music/nháº¡c-ná»n-Huá»³nh-Háº£i-SÆ¡n-7369914403531082513,56900,851,39000,2025-07-18
13-07-2025,khi nÃ o háº£ a,[],https://www.tiktok.com/@hoanglananh31/video/7526411445794393352,hoanglananh31,HoÃ ng Lan Anh,nháº¡c ná»n  - Duy HÆ°ng ğŸˆâ€â¬›,/music/nháº¡c-ná»n-Duy-HÆ°ng-ğŸˆâ€â¬›-7522685185025280785,215400,718,11900,2025-07-18
08-07-2025,HÆ¡i Ä‘en nhÆ°ng mÃ  Ä‘áº¹pğŸ¤­,"['#fyp', '#tiktokgiaitri']",https://www.tiktok.com/@huongcoc92/video/7524687797253360914,huongcoc92,ğŸ€Tháº¯m VÃ­pğŸ€,nháº¡c ná»n  - BÃ¹i Nháº­t Linh,/music/nháº¡c-ná»n-BÃ¹i-Nháº­t-Linh-7522731159203023617,39800,3018,17700,2025-07-18
28-06-2025,Trend chá»n tui:),['#louispham203'],https://www.tiktok.com/@louispham_203/video/7520982249580399880,louispham_203,Louispnp203,à¹€à¸ªà¸µà¸¢à¸‡à¸•à¹‰à¸™à¸‰à¸šà¸±à¸š  - à¸šà¸¹à¸¡à¸¡à¸µà¹ˆà¸¢à¸´à¸¡,/music/à¹€à¸ªà¸µà¸¢à¸‡à¸•à¹‰à¸™à¸‰à¸šà¸±à¸š-à¸šà¸¹à¸¡à¸¡à¸µà¹ˆà¸¢à¸´à¸¡-7515797987860155152,904500,2188,41800,2025-07-18
07-07-2025,Ã“i luÃ´nğŸ¤£,"['#nguyenthingochuyen', '#makeup']",https://www.tiktok.com/@nguyenthingochuyen0225/video/7524216728793009415,nguyenthingochuyen0225,Nguyá»…n Thá»‹ Ngá»c Huyá»n,nháº¡c ná»n - Vy kittyğŸ¤¡ - Nguyá»…n VyğŸ˜”,/music/nháº¡c-ná»n-Vy-kittyğŸ¤¡-7497872345080662785,191600,2701,6492,2025-07-18
12-07-2025,View nÃ y cÃ³ quen khÃ´ng há»c viÃªn cá»§a,"['#tinnguyen', '#lightontv']",https://www.tiktok.com/@tin_nguyen_9/video/7525767432036683016,tin_nguyen_9,TÃ­n Nguyá»…n,nháº¡c ná»n - Vy kittyğŸ¤¡ - Nguyá»…n VyğŸ˜”,/music/nháº¡c-ná»n-Vy-kittyğŸ¤¡-7497872345080662785,265500,2725,5257,2025-07-18
11-07-2025,Ráº¥t bá»©c xÃºc,['#j4f'],https://www.tiktok.com/@hincamdiec/video/7525644268472487176,hincamdiec,ğ“—ğ“²ğ“·ğŸ¥,HÃ ng XÃ³m LÃ  ThÃ¡nh Soi - 6 nháº¥t tiktok,/music/HÃ ng-XÃ³m-LÃ -ThÃ¡nh-Soi-6639911376514976514,144500,483,8879,2025-07-18
12-07-2025,Má»‡nh ai náº¥y nhÃ©p ??,"['#kanhdau', '#xuhuong']",https://www.tiktok.com/@kimanhne_36/video/7526090688073567496,kimanhne_36,ğŠğšğ§ğ¡ ğƒğšÌ‚ğ®ğ® ğŸ“,Bá»‘ tiÃªn sÆ° m áº¹ mÃ y lÃ  thg máº·t l - ÄÃ o Nguyá»…n Ãnh ğŸ­,/music/Bá»‘-tiÃªn-sÆ°-m-áº¹-mÃ y-lÃ -thg-máº·t-l-7254032502710536965,112600,541,2390,2025-07-18
13-07-2025,â€œTá»± tin Ä‘iá»‡u Ä‘Ã â€ cÃ¹ng Mocha ğŸ™‚â€â†”ï¸,[],https://www.tiktok.com/@hungpham_18/video/7526457632639536404,hungpham_18,HÃ¹ng Pháº¡m,nháº¡c ná»n  - HÃ¹ng Pháº¡m,/music/nháº¡c-ná»n-HÃ¹ng-Pháº¡m-7526457689137646337,86700,791,2106,2025-07-18
12-07-2025,QuÃªn bÃ i ğŸ¤­,['#uyenan'],https://www.tiktok.com/@uyenan.h/video/7526006180234136839,uyenan.h,Huá»³nh Uyá»ƒn Ã‚n,Táº§n sá»‘ chung MiiNa - ctri,/music/Táº§n-sá»‘-chung-MiiNa-7506491962544605969,152400,1075,3516,2025-07-18
09-07-2025,lÃªn tiáº¿p con nháº¡c cho ae drip drill,"['#fyp', '#viral', '#quockang', '#quockangmaidinh']",https://www.tiktok.com/@lgni.anil_19/video/7524934570886712594,lgni.anil_19,ğ”«ğ”,Last night in hood - Talktoemâ€™pAi,/music/Last-night-in-hood-7522715818791127821,225400,5459,26500,2025-07-18
08-07-2025,RÃ¡ng lÃªn em,[],https://www.tiktok.com/@maitrithuc2020/video/7524719306983165202,maitrithuc2020,Mai TrÃ­ Thá»©c,"nháº¡c ná»n  - 3,14",/music/nháº¡c-ná»n-314-7195772490504342298,139700,5842,157100,2025-07-18
11-07-2025,Gan dá»¯ rá»“i!,[],https://www.tiktok.com/@ltvi/video/7525393792698944775,ltvi,LÃª TÃº Vi,nháº¡c ná»n  - Ã”ng Bá»‘ 3 Vá»‹t Giá»i,/music/nháº¡c-ná»n-Ã”ng-Bá»‘-3-Vá»‹t-Giá»i-7493895529760328465,32500,379,403,2025-07-18
13-07-2025,"Cho phÃ©p anh gá»i em ""bÃ  xÃ£"" =)))))","['#kanhdau', '#xuhuong']",https://www.tiktok.com/@kimanhne_36/video/7526407974278008072,kimanhne_36,ğŠğšğ§ğ¡ ğƒğšÌ‚ğ®ğ® ğŸ“,nháº¡c ná»n - nhi - 9h máº¹ thu Ä‘t,/music/nháº¡c-ná»n-nhi-7503148992881216257,129500,1050,2969,2025-07-18
13-07-2025,CÃ³ thá»ƒ lÃ  Ä‘áº¿n chiá»u tháº­t Ä‘áº¥y :)))),"['#rcworldvietnam', '#remotecontrol', '#game', '#q10', '#hcm']",https://www.tiktok.com/@rc.world.vn/video/7526438735915896082,rc.world.vn,RC World Viá»‡t Nam,AI Sá»¢ THÃŒ ÄI Vá»€ - Guxxi,/music/AI-Sá»¢-THÃŒ-ÄI-Vá»€-7408571512674256912,228800,4560,71200,2025-07-18
08-07-2025,NgÃ y nÃ y cÅ©ng Ä‘Ã£ tá»›i ğŸ‘©ğŸ»â€ğŸ“ğŸ¥³â™¥ï¸,"['#xuhuong', '#fyp', '#viral', '#graduation', '#hutech']",https://www.tiktok.com/@huongsyu/video/7524674016330845447,huongsyu,HÆ°Æ¡ng SiculağŸ«ğŸ«ğŸ«,nháº¡c ná»n  - HÆ°Æ¡ng SiculağŸ«ğŸ«ğŸ«,/music/nháº¡c-ná»n-HÆ°Æ¡ng-SiculağŸ«ğŸ«ğŸ«-7524674046089317121,413600,3176,5398,2025-07-18
13-07-2025,Ğ—Ğ²ÑƒĞº Ñ‚Ğ¾Ğ¿ ğŸ¤£ğŸ™ğŸ»,[],https://www.tiktok.com/@gulkhanabukhan/video/7526142718343433478,gulkhanabukhan,Gulkhan Abukhan,Ğ¾Ñ€Ğ¸Ğ³Ğ¸Ğ½Ğ°Ğ»ÑŒĞ½Ñ‹Ğ¹ Ğ·Ğ²ÑƒĞº - Zangar,/music/Ğ¾Ñ€Ğ¸Ğ³Ğ¸Ğ½Ğ°Ğ»ÑŒĞ½Ñ‹Ğ¹-Ğ·Ğ²ÑƒĞº-7523961563876920120,5500000,8154,173800,2025-07-18
06-07-2025,TrÃ² chÆ¡i ghÃª vÃ  la Ä‘Ã£ nhá»©t á»Ÿ VinWonders Nam Há»™i An gá»i tÃªn trÃ² nÃ y nha....,"['#vinwondersnamhoian', '#namhoian', '#hoian', '#conlocsamac', '#fypã‚·', '#trending', '#vietnam', '#travel', '#fypã‚·ã‚šviral', '#funny', '#funnyvideos', '#tiktoktravel', '#xuhuongtiktok']",https://www.tiktok.com/@klook_vietnam/video/7523970105886149906,klook_vietnam,Klook Vietnam,original sound  - Klook Vietnam,/music/original-sound-Klook-Vietnam-7523970134327757584,161100,2624,46000,2025-07-18
12-07-2025,LÃ¢u khÃ´ng vÃ o báº¿p,"['#kitchen', '#hack', '#life', '#xuhuong', '#fyp']",https://www.tiktok.com/@mechunchinoii/video/7526089417442774290,mechunchinoii,Máº¹ ChunChin,suara asli - H 7 7 7 Y - MAMUD,/music/suara-asli-H-7-7-7-Y-7213025211377027867,15200,117,1281,2025-07-18
13-07-2025,"Gáº§n má»±c thÃ¬ Ä‘en, gáº§n thiÃªn nhiÃªn thÃ¬ bá»‹ Ä‘en, CÃ´ng ViÃªn NÆ°á»›c VinWonders Nha Trang cÃ³ ráº¯n Ä‘enâ€¦","['#congviennuoc', '#dulich', '#greencreator', '#vinwonders', '#vinpearl', '#wondersummer2025', '#vinpearlgolf']",https://www.tiktok.com/@congviennuocvwnt/video/7526427775238950162,congviennuocvwnt,CÃ´ng ViÃªn NÆ°á»›cğŸŒŠVWNT,Gáº§n Má»±c ThÃ¬ Äen - Di Di,/music/Gáº§n-Má»±c-ThÃ¬-Äen-7503530513060842257,72200,545,8730,2025-07-18
28-06-2025,Triá»‡u lá»™ tÆ° phiÃªn báº£n tá»‘t nghiá»‡p cáº£ há»™i trÆ°á»ng cÆ°á»i bÃ² :)) ğŸ¤£ğŸ¤£ ( cÃ³ háº­u trÆ°á»ng ),"['#graduation', '#dtu', '#duytanuniversity', '#daihocduytan', '#xuhuong', '#fyp', '#viral']",https://www.tiktok.com/@quanganhsurprise/video/7520880920870522130,quanganhsurprise,âœ¨ Quang Anh Surprise âœ¨,nháº¡c ná»n  - Quáº¥t Tá»­ æ©˜å­,/music/nháº¡c-ná»n-Quáº¥t-Tá»­-æ©˜å­-7512842351078542096,149700,2507,4124,2025-07-18
07-07-2025,Viá»‡t Nam rÃ¢y sin boiâ€¦,"['#caonguyenhoadalat', '#dalat', '#khusinhthai', '#truotxedalat', '#reviewdalat']",https://www.tiktok.com/@hieuhihi8805/video/7524182546012261639,hieuhihi8805,HÃ­uhihi,nháº¡c ná»n  - HÃ­uhihi,/music/nháº¡c-ná»n-HÃ­uhihi-7524182583853288193,336300,3033,40200,2025-07-18
14-07-2025,GiÃºp Quá»³nh vá»›i aaağŸ˜—,"['#bequynhff', '#nhasangtaofreefire', '#8NamFreeFire']",https://www.tiktok.com/@bequynhff21.2/video/7526529299067849991,bequynhff21.2,BÃ© Quá»³nh FFğŸ°,nháº¡c ná»n  - BÃ© Quá»³nh FFğŸ°,/music/nháº¡c-ná»n-BÃ©-Quá»³nh-FFğŸ°-7526529323881990913,259500,8358,1985,2025-07-18
15-07-2025,Láº¡i lÃ  vlog bÃ¬nh thÆ°á»ng cá»§a ngÆ°á»i bÃ¬nh thÆ°á»ng,"['#hapas', '#tote', '#totegether', '#giundayyyy']",https://www.tiktok.com/@giun1008/video/7527156193836420372,giun1008,Giun sau giá» lÃ m,nháº¡c ná»n  - Giun sau giá» lÃ m,/music/nháº¡c-ná»n-Giun-sau-giá»-lÃ m-7527156363760290576,92100,1994,1964,2025-07-18
07-07-2025,TrÆ°á»£t phao chill quÃ¡ cáº£ nhÃ  Æ¡i,"['#mongoland', '#dalat', '#trochoi', '#truotphao', '#trochoidalat', '#dulichdalat']",https://www.tiktok.com/@trochoimongoland/video/7524294249655864594,trochoimongoland,TrÃ² ChÆ¡i Mongo Land ÄÃ  Láº¡t,Love Story - Indila - Penguin Piano,/music/Love-Story-Indila-7340829413377312770,84600,838,4602,2025-07-18
04-07-2025,Äi lÃ m cÃ³ nÃªn Báº¬T tá»• trÆ°á»Ÿng hay khÃ´ng ?,"['#tuyendung', '#kcnvantrungbacgiang', '#vieclamchinhthucthoivu', '#congnhan', '#xuhuong']",https://www.tiktok.com/@vieclamnhanh90/video/7523183800403152136,vieclamnhanh90,NhÃ¢n Sá»± Bk Global- Tháº£o NgÃ¢n,nháº¡c ná»n  - NhÃ¢n Sá»± Bk Global- Tháº£o NgÃ¢n,/music/nháº¡c-ná»n-NhÃ¢n-Sá»±-Bk-Global-Tháº£o-NgÃ¢n-7523183845538253584,44900,1444,2016,2025-07-18
15-07-2025,PhÃ²ng cÃ´ dÃ¢u ğŸ¥¹,"['#makeup', '#viral']",https://www.tiktok.com/@xuan_o0/video/7526887121362177288,xuan_o0,IG: huynhlexuan (makeup),nháº¡c ná»n  - IG: huynhlexuan (makeup),/music/nháº¡c-ná»n-IG-huynhlexuan-makeup-7526887140777560848,34700,530,5009,2025-07-18
13-07-2025,ThÃ nh viÃªn quan trá»ng nháº¥t chuyáº¿n Ä‘i láº§n nÃ y...,"['#haiichieu', '#schannel']",https://www.tiktok.com/@haiichieu/video/7526166472352222472,haiichieu,Äáº·ng Nam Háº£i Triá»uâœ…,nháº¡c ná»n  - Äáº·ng Nam Háº£i Triá»uâœ…,/music/nháº¡c-ná»n-Äáº·ng-Nam-Háº£i-Triá»uâœ…-7526166636262673168,110600,526,1876,2025-07-18
06-07-2025,CÃ¡i káº¿t Ä‘Ã³n cÃ´ bÃ© Ä‘i concert,"['#uymoi', '#uyphuctap', '#xeomcongnghe', '#xeomvlog', '#vacaiket', '#grab']",https://www.tiktok.com/@uymoi97/video/7523937505012419847,uymoi97,UÃ½ Phá»©c Táº¡p,nháº¡c ná»n  - UÃ½ Phá»©c Táº¡p,/music/nháº¡c-ná»n-UÃ½-Phá»©c-Táº¡p-7523937557286013713,486400,4695,10600,2025-07-18
13-07-2025,Cuá»‘i cÃ¹ng ngÃ y nÃ y cÅ©ng Ä‘Ã£ Ä‘áº¿n,"['#cheducanh', '#xuhuong']",https://www.tiktok.com/@cheducanh04/video/7526156422602624264,cheducanh04,Cháº¿ Äá»©c Anh,nháº¡c ná»n  - Cháº¿ Äá»©c Anh,/music/nháº¡c-ná»n-Cháº¿-Äá»©c-Anh-7526156543810095888,221900,1293,5325,2025-07-18
13-07-2025,ghÃ©t tháº­c,"['#xh', '#giaoviencap3', '#giaoviengiadinh']",https://www.tiktok.com/@giaovienc3/video/7526426152697711890,giaovienc3,GiÃ¡o ViÃªn Gia ÄÃ¬nh,nháº¡c ná»n  - GiÃ¡o ViÃªn Gia ÄÃ¬nh,/music/nháº¡c-ná»n-GiÃ¡o-ViÃªn-Gia-ÄÃ¬nh-7526426191520074497,57700,241,3076,2025-07-18
11-07-2025,Cháº¯c táº¡i quÃªn bÆ°á»›c káº» máº¯t nÃªn chÆ°a giá»‘ng thÃ´i =)))),"['#dangthuha', '#dangthuhaf', '#schannel']",https://www.tiktok.com/@dangthuhaf/video/7525449973115178248,dangthuhaf,Äáº·ng Thu HÃ ,nháº¡c ná»n  - Äáº·ng Thu HÃ ,/music/nháº¡c-ná»n-Äáº·ng-Thu-HÃ -7525450014315809553,170300,347,1246,2025-07-18
08-07-2025,CÃ³ chÆ¡i cÃ³ chá»‹u:)),"['#tdk2barbershop', '#barbershop', '#tocnamdep', '#xuhuong']",https://www.tiktok.com/@tdk2barbershop/video/7524508689080782081,tdk2barbershop,TDK2 Barber Shop,nháº¡c ná»n - CAPCUT ğŸ‡»ğŸ‡³ - Percent?,/music/nháº¡c-ná»n-CAPCUT-ğŸ‡»ğŸ‡³-7274893868951227138,458800,2013,11000,2025-07-18
12-07-2025,1 buá»•i tá»‘i chill chill trong phÃ²ng ğŸ¤©ğŸ¤©ğŸ¥¹ğŸ˜‚ğŸ˜¬ğŸ«§ğŸ›ğŸ§¼,"['#lamdep', '#rinabeauty', '#skincare', '#trending', '#trend', '#xuhuong', '#xuhuongtiktok', '#viral', '#skincareroutine', '#skincaretips', '#viralvideo']",https://www.tiktok.com/@rinabeauty859/video/7525787943995280658,rinabeauty859,rinabeautyğŸ’„,chess - Slowed - joyful,/music/chess-Slowed-7459918520761632784,72700,308,1570,2025-07-18
11-07-2025,"Lá»… rá»­a Ä‘áº§u sau lá»… xuá»‘ng tÃ³c hihi. Má»™t thÃ¡ng mÃ¬nh thÆ°á»ng xuá»‘ng tÃ³c 2-3 láº§n, má»—i láº§n mÃ¬nh láº¡i á»§ng há»™ má»™t Ã´ng thá»£ tÃ³c khÃ¡c nhau,vÃ  má»™t ngÆ°á»i gá»™i Ä‘áº§u khÃ¡c nhau. MÃ¬nh cÃ³ thá»ƒ mua tÄƒng Ä‘Æ¡ vá» tá»± cáº¡o trá»c nhÆ°ng mÃ¬nh khÃ´ng mua, vÃ¬ mÃ¬nh thÃ­ch Ä‘Æ°á»£c á»§ng há»™ nháº±m táº¡o cÃ´ng Äƒn viá»‡c lÃ m cho nhá»¯ng ngÆ°á»i cáº¯t tÃ³c ven Ä‘Æ°á»ng...! Cáº£m Æ¡n báº¡n Ä‘Ã£ Ä‘Ã³n xem, Ä‘á»™ng viÃªn, khÃ­ch lá»‡ vÃ  á»§ng há»™ mÃ¬nh. Biáº¿t Æ¡n báº¡n nhiá»u láº¯m!",[],https://www.tiktok.com/@giohanhphuc9/video/7525452296201784577,giohanhphuc9,Giá» Háº¡nh PhÃºc,original sound  - Giá» Háº¡nh PhÃºc,/music/original-sound-Giá»-Háº¡nh-PhÃºc-7525452396814699281,73700,645,19800,2025-07-18
04-07-2025,your sign to get,"['#microbangs', '#fyp']",https://www.tiktok.com/@dailywithbong/video/7523162526582836488,dailywithbong,Daily with BÃ´ng ğŸŒ¸,original sound - Pro Mitch Music,/music/original-sound-6890277581002738438,248800,1441,42700,2025-07-18
02-07-2025,Báº­t mood â€˜em xinhâ€™ cÃ¹ng,['#goclamdep'],https://www.tiktok.com/@tiktokcreators_vn/video/7522480608015092999,tiktokcreators_vn,TikTok Creators Vietnam,original sound  - TikTok Creators Vietnam,/music/original-sound-TikTok-Creators-Vietnam-7522480660376767233,20500,1032,2678,2025-07-18
13-07-2025,Chiáº¿n nÃ y tá»›i cÃ´ng chiá»‡n vá»›i Panh,"['#vtcosmeticsxskvn', '#vtmaskcollagen']",https://www.tiktok.com/@panh15.10/video/7526156261176495378,panh15.10,Cháº¿HoÃ ng PhÆ°Æ¡ngAnh,nháº¡c ná»n  - Cháº¿HoÃ ng PhÆ°Æ¡ngAnh,/music/nháº¡c-ná»n-Cháº¿HoÃ ng-PhÆ°Æ¡ngAnh-7526156297310325521,89000,347,632,2025-07-18
07-07-2025,Coi video má»›i Ä‘á»ƒ biáº¿t káº¿t quáº£ sau gáº§n 1 tuáº§n á»§ bá»™t nha,"['#botthaomoc', '#trangda', '#trangdatainha']",https://www.tiktok.com/@meymeyxink28/video/7524250330641550599,meymeyxink28,TeaMey,nháº¡c ná»n  - sáº§u ka,/music/nháº¡c-ná»n-sáº§u-ka-7489597801056963334,44200,866,12800,2025-07-18
14-07-2025,Giáº£i Ä‘Ã¡p tháº¯c máº¯c cho mÃ­ báº¡n chÆ°a biáº¿t nha kkk,"['#solai', '#solaimakeup', '#xh']",https://www.tiktok.com/@solai.05/video/7526509868203789575,solai.05,mat phan cua solai,nháº¡c ná»n  - mat phan cua solai,/music/nháº¡c-ná»n-mat-phan-cua-solai-7526509883928791809,63600,629,1568,2025-07-18
07-07-2025,"HÃ m rÄƒng mÃ¡i tÃ³c. LÃ  gÃ³c con ngÆ°á»i.      Ná»¥ cÆ°á»i cá»§a Con ráº¥t xinh Ä‘áº¹p, má»™t mÃ¡i tÃ³c má»›i sáº½ Ä‘em láº¡i nhiá»u niá»m vui cho Con","['#1900hairsalon', '#hientoc', '#theanh28']",https://www.tiktok.com/@1900hairsalon.official/video/7524148638478519559,1900hairsalon.official,1900 Hair Salon,Future - Official Sound Studio,/music/Future-6693354155173481218,161800,5448,9222,2025-07-18
07-07-2025,Ã lÃ  cÅ©ng cÅ©ng=)),"['#togahimiko', '#toga', '#himiko', '#flopcutdi', '#xuhuong', '#viral']",https://www.tiktok.com/@oanhtieudong_td/video/7524237260389240071,oanhtieudong_td,â‹†Ëšà¿” Shotoğœ—ğœšËšâ‹†,Teen SÃ¡i Cá»• (Machimix) (Cut 1) - Machiot & tlinh,/music/Teen-SÃ¡i-Cá»•-Machimix-Cut-1-7508772901329209345,181100,1843,7581,2025-07-18
02-07-2025,Con mÃ u chÆ¡i mÃ¹a hÃ¨ cáº£m tháº¥y mÃ¡t láº¡nh háº¿t cáº£ ngÆ°á»i,"['#tÃ³cnamÄ‘áº¹p89hÆ°ngyÃªn', '#tÃ³cÄ‘áº¹p', '#biáº¿n_hÃ¬nh', '#mÃ unhuá»™mÄ‘áº¹p', '#uá»‘ntoc', '#layerbung', '#tÃ³cnam', '#uá»‘ntocnam', '#mÃ u_tÃ³c_Ä‘áº¹p']",https://www.tiktok.com/@truongbarber89hy/video/7522459442684775698,truongbarber89hy,ğŸ¥°TÃ³c nam Ä‘áº¹p 89 HÆ°ng yÃªn,nháº¡c ná»n - TÃ³c nam Ä‘áº¹p 89 HÆ°ng yÃªn - ğŸ¥°TÃ³c nam Ä‘áº¹p 89 HÆ°ng yÃªn,/music/nháº¡c-ná»n-TÃ³c-nam-Ä‘áº¹p-89-HÆ°ng-yÃªn-7522459468715264769,64000,1642,2328,2025-07-18
04-07-2025,Tráº£ lá»i,"['#lamdep', '#skincare', '#eimichan', '#NVNM', '#TNK5', '#bdpun']",https://www.tiktok.com/@eimichann/video/7523234147070971144,eimichann,EimiChan,nháº¡c ná»n  - EimiChan,/music/nháº¡c-ná»n-EimiChan-7523234183259425553,44400,962,3213,2025-07-18
25-06-2025,CÃ´ dÃ¢u oder tÃ³c mÃ¢yğŸ¤§,"['#diemthiklamtoc', '#makeuptainhavinhlong']",https://www.tiktok.com/@dim.thik.lam.toc/video/7519739703759817991,dim.thik.lam.toc,Diá»…m thÃ­ch lÃ m tÃ³c,nháº¡c ná»n - [N]hÆ° â™¡ [TT] HÃ  - [N]hÆ°â€¢[N]guyá»…nâ€¢[ST],/music/nháº¡c-ná»n-NhÆ°-â™¡-TT-HÃ -7429884052989971217,134800,867,2197,2025-07-18
11-07-2025,Ai mÃ  hÃ£y dá»—i váº­y nhá»‰ ğŸ˜‰,"['#bequynhff', '#nhasangtaofreefire', '#8NamFreeFire']",https://www.tiktok.com/@bequynhff21.2/video/7525722706474536210,bequynhff21.2,BÃ© Quá»³nh FFğŸ°,nháº¡c ná»n  - BÃ© Quá»³nh FFğŸ°,/music/nháº¡c-ná»n-BÃ©-Quá»³nh-FFğŸ°-7525722728494582544,137700,2687,5473,2025-07-18
12-07-2025,TÃ´i khÃ´ng nÃªn Ä‘áº·t niá»m tin vÃ o cáº­u taaa,"['#8namfreefire', '#meosoyeu', '#gÄ‘meosoyeu', '#gdkhameo', '#gÄ‘khameo', '#nhasangtaofreefire', '#gamingontiktok', '#ugc8t']",https://www.tiktok.com/@thaodangyeuuu04/video/7525777550413565202,thaodangyeuuu04,NTãƒ½MÃ¨oSá»£YÃªuâ€,nháº¡c ná»n  - NTãƒ½MÃ¨oSá»£YÃªuâ€,/music/nháº¡c-ná»n-NTãƒ½MÃ¨oSá»£YÃªuâ€-7525777574711085825,128699,1166,1838,2025-07-18
11-07-2025,ai nÃ³i tui khÃ´ng dÃ¡m du trend nÃ y ğŸ˜†.,"['#freefire', '#loccachep', '#8NamFreeFire', '#nhasangtaofreefire', '#gamingontiktok', '#BeLenDoUGC']",https://www.tiktok.com/@phanlocdz69/video/7525623429735779591,phanlocdz69,Lá»™c CÃ¡ ChÃ©p ğŸŸ,nháº¡c ná»n  - Lá»™c CÃ¡ ChÃ©p ğŸŸ,/music/nháº¡c-ná»n-Lá»™c-CÃ¡-ChÃ©p-ğŸŸ-7525623624926087953,279900,8486,10500,2025-07-18
11-07-2025,NhÃ¬n styler ngá»©a cáº£ con máº¯tğŸ¤®,"['#chá»‹dai', '#máº¥yconnguağŸ¥°', '#Ä‘ihoc', '#fyp', '#content', '#xh', '#xuhuong']",https://www.tiktok.com/@peo151012_25/video/7525640734586752263,peo151012_25,PÃˆO PEL - TPğŸ§,nháº¡c ná»n  - PÃˆO PEL - TPğŸ§,/music/nháº¡c-ná»n-PÃˆO-PEL-TPğŸ§-7525640760922770177,186800,7109,41100,2025-07-18
11-07-2025,CÃ¡i gÃ¬ mÃ ...!,"['#nhasangtaofreefire', '#cem', '#garenafreefire', '#xhfreefire', '#8NamFreeFire', '#cemdqb']",https://www.tiktok.com/@boboo7720/video/7525405357661834503,boboo7720,ğ“’ğ“®ğ“¶...!,nháº¡c ná»n  - ğ“’ğ“®ğ“¶...!,/music/nháº¡c-ná»n-ğ“’ğ“®ğ“¶-7525405424809118465,208700,3309,6185,2025-07-18
14-07-2025,TÃ´i yÃªu LiÃªn QuÃ¢n ğŸ«¶,"['#lienquanmobile', '#valheinthunguyenvethan']",https://www.tiktok.com/@vu_dayyy/video/7526819525682171144,vu_dayyy,Tuáº¥n VÅ©,ylang ylang - ğ¤ğ¢ğ§ğğğ« ğŸ«,/music/ylang-ylang-7087168391228443398,40100,1357,5541,2025-07-18
08-07-2025,Tráº£ lá»i,"['#WhatToPlay', '#Jeeker', '#GamingOnTikTok', '#8namfreefire', '#freefire']",https://www.tiktok.com/@jeeker97/video/7524654995124374805,jeeker97,Jeeker,nháº¡c ná»n  - Jeeker,/music/nháº¡c-ná»n-Jeeker-7524655091295456016,237700,12600,22600,2025-07-18
25-06-2025,Em xin lá»—i ...,[],https://www.tiktok.com/@hanissey.baohan/video/7519737030625070343,hanissey.baohan,Hanisseynichi ğŸ”ğŸ•µğŸ¼,erm - chuá»™t xÃ oğŸ¹,/music/erm-7430350513599712016,95500,2397,11800,2025-07-18
12-07-2025,Phim ngáº¯n : Em gÃ¡i cá»§a tÃ´i táº­p 6,"['#freefire', '#garenafreefire', '#8namfreefire']",https://www.tiktok.com/@garancg/video/7525796288667946261,garancg,GÃ  RÃ¡n ChiÃªn GiÃ²n,nháº¡c ná»n  - GÃ  RÃ¡n ChiÃªn GiÃ²n,/music/nháº¡c-ná»n-GÃ -RÃ¡n-ChiÃªn-GiÃ²n-7525796334394280721,46200,834,1202,2025-07-18
11-07-2025,cÃ³ cÃ¡ch háº¿tğŸ±ğŸ‘,"['#xuhuong', '#handmade', '#pov', '#liÃªnquÃ¢nmobile']",https://www.tiktok.com/@dautay196_/video/7525498100991937812,dautay196_,ğŸ‡©Ã¢ğŸ‡ºğŸ“ğŸ“ğŸ“,nháº¡c ná»n  - ğŸ‡©Ã¢ğŸ‡ºğŸ“ğŸ“ğŸ“,/music/nháº¡c-ná»n-ğŸ‡©Ã¢ğŸ‡ºğŸ“ğŸ“ğŸ“-7525498132839418625,150700,3976,118900,2025-07-18
08-07-2025,Chá»‰ áº»m chÆ¡i trÃªn pc,"['#taitc', '#8NamFreeFire']",https://www.tiktok.com/@taitc2000/video/7524632233605451016,taitc2000,TÃ€I TC ğŸ‡»ğŸ‡³,nháº¡c ná»n  - TÃ€I TC ğŸ‡»ğŸ‡³,/music/nháº¡c-ná»n-TÃ€I-TC-ğŸ‡»ğŸ‡³-7524632282972818177,186000,1662,2211,2025-07-18
14-07-2025,Game kinh dá»‹ Viá»‡t Nam,"['#kehuydietgamekinhdi', '#gamekinhdi', '#gamehorror', '#jumpscare']",https://www.tiktok.com/@hiepxike_gaming/video/7526488165176085778,hiepxike_gaming,Hiá»‡p xike,nháº¡c ná»n  - Hiá»‡p xike,/music/nháº¡c-ná»n-Hiá»‡p-xike-7526488218016566017,120100,4683,61300,2025-07-18
07-07-2025,"Chá»‹uuu , chÆ¡i game mÃ  nhá»c ğŸ˜‚","['#giaitri', '#game', '#viral', '#giaitritiktok']",https://www.tiktok.com/@hongle9911/video/7524219215927266567,hongle9911,Há»“ng LÃª Táº¡p HoÃ¡ ğŸ,nháº¡c ná»n  - Há»“ng LÃª Táº¡p HoÃ¡ ğŸ,/music/nháº¡c-ná»n-Há»“ng-LÃª-Táº¡p-HoÃ¡-ğŸ-7524219246449150736,40300,230,964,2025-07-18
12-07-2025,Nay Ä‘Æ°á»£c gÃ¡nh vui quÃ¡ğŸ˜—,"['#bequynhff', '#nhasangtaofreefire', '#8NamFreeFire']",https://www.tiktok.com/@bequynhff21.2/video/7526014256748301575,bequynhff21.2,BÃ© Quá»³nh FFğŸ°,nháº¡c ná»n  - BÃ© Quá»³nh FFğŸ°,/music/nháº¡c-ná»n-BÃ©-Quá»³nh-FFğŸ°-7526014296495000321,84200,2344,1979,2025-07-18
13-07-2025,Hidding vÃ  Trick Lá» Bay SiÃªu Cao Grow A Garden,"['#growagarden', '#hidding']",https://www.tiktok.com/@hidding0911/video/7526381339042532615,hidding0911,hidding0911,original sound  - hidding0911,/music/original-sound-hidding0911-7526381387503422225,19200,755,1025,2025-07-18
11-07-2025,á»¦a gÃ¬ dá» ?,[],https://www.tiktok.com/@2roakatrung/video/7525387356157824264,2roakatrung,2 RÃ´ â™¦ï¸,nháº¡c ná»n  - 2 RÃ´ â™¦ï¸,/music/nháº¡c-ná»n-2-RÃ´-â™¦ï¸-7525387377934682881,66500,562,19500,2025-07-18
15-07-2025,LÃ  ai lÃ  ai,"['#cotienffğŸ‘‘', '#sibichitv', '#gamingontiktok', '#freefire', '#sibichiğŸ‘‘bichi', '#8namfreefire']",https://www.tiktok.com/@sibichitv0209/video/7527202829165972754,sibichitv0209,CÃ´ TiÃªnğŸ‘‘BÃ¨o(Máº¹ Kem&Káº¹o),123æˆ‘çˆ±ä½  (è¯´å”±ç‰ˆä¼´å¥) - LZè½®å­,/music/123æˆ‘çˆ±ä½ -è¯´å”±ç‰ˆä¼´å¥-7306846888077838337,96400,847,582,2025-07-18
09-07-2025,LÃ  sao ná»¯a váº­y ğŸ˜¤,"['#cothitv20', '#GamingOnTikTok', '#8namfreefire', '#sinhnhatffkol']",https://www.tiktok.com/@cothitv18/video/7524945852046019848,cothitv18,CÃ´ Thi TV,Scheming Weasel - Tsoulfas Panormitis,/music/Scheming-Weasel-6871631467076799234,79000,813,1039,2025-07-18
12-07-2025,Tui tÆ°á»Ÿng Linh vÃ  Nhi lÃ  cÃ¹ng má»™t ngÆ°á»i... sao em láº¡i dá»—i nhá»‰ ??,"['#8namfreefire', '#meosoyeu', '#gÄ‘meosoyeu', '#gdkhameo', '#gÄ‘khameo', '#nhasangtaofreefire', '#gamingontiktok', '#ugc8t']",https://www.tiktok.com/@thaodangyeuuu04/video/7525762541436374290,thaodangyeuuu04,NTãƒ½MÃ¨oSá»£YÃªuâ€,nháº¡c ná»n  - NTãƒ½MÃ¨oSá»£YÃªuâ€,/music/nháº¡c-ná»n-NTãƒ½MÃ¨oSá»£YÃªuâ€-7525762629248371473,57700,728,1014,2025-07-18
09-07-2025,BÆ¡ dá»«a cÃ  hÃª ğŸ«°ğŸ½ğŸ«°ğŸ½,"['#xuhuong', '#dilamcogivui', '#viral', '#nhanvien', '#congcaphe', '#quan1angi', '#caphe', '#2025', '#fyp']",https://www.tiktok.com/@nottuman/video/7524969271366077704,nottuman,Tháº­p cáº©m,nháº¡c ná»n - CÃ²n thá»Ÿ lÃ  content - RÃ¬ Viu Cho Vui,/music/nháº¡c-ná»n-CÃ²n-thá»Ÿ-lÃ -content-7484853097924201232,583400,6065,438100,2025-07-18
