ngcuong379,B·ªë B√© M·ª°,https://p16-sign-sg.tiktokcdn.com/tos-alisg-avt-0068/ba486e3faa5ece959575ced93a47213c~tplv-tiktokx-cropcenter:1080:1080.jpeg?dr=14579&refresh_token=78bb7a31&x-expires=1752944400&x-signature=2wP2683b1mNzPoOGv4oVVLEVoOI%3D&t=4d5b0474&ps=13740610&shp=a5d48078&shcp=81f88b70&idc=my,No bio yet.,ngcuong379,498,17700.0,1200000.0,,
gianghomang247,GIANG H·ªí M·∫†NG,https://p16-sign-sg.tiktokcdn.com/tos-alisg-avt-0068/f6489c9c9d9d98d22740d5c04343e697~tplv-tiktokx-cropcenter:1080:1080.jpeg?dr=14579&refresh_token=b7577052&x-expires=1752944400&x-signature=lzZfiRdOQ6LnqXIhT%2B%2BWPC0%2BAEk%3D&t=4d5b0474&ps=13740610&shp=a5d48078&shcp=81f88b70&idc=my,No bio yet.,gianghomang247,0,76900.0,2500000.0,,
phuonganhle305,Phanh n√®üå∏,https://p16-sign-sg.tiktokcdn.com/tos-alisg-avt-0068/bc4e26c63bcd87b682bc461c8abfbc5a~tplv-tiktokx-cropcenter:1080:1080.jpeg?dr=14579&refresh_token=bba5fb79&x-expires=1752944400&x-signature=72sGSrffjVwO%2BcuGC8%2BzTYRPBZw%3D&t=4d5b0474&ps=13740610&shp=a5d48078&shcp=81f88b70&idc=my,"Dr for work üì®
IG: phuonganh8677

acc ph·ª•: @phanhday06",phuonganhle305,44,685600.0,37200000.0,https://www.tiktok.com/link/v2?aid=1988&lang=en&scene=bio_url&target=https%3A%2F%2Fphuonganh23502.passio.eco,phuonganh23502.passio.eco
luky889889,Ho√†ng T·ª≠ ƒêau ƒë·∫ª,https://p16-sign-sg.tiktokcdn.com/tos-alisg-avt-0068/a0d5422851aa238d217b68b6f0423855~tplv-tiktokx-cropcenter:1080:1080.jpeg?dr=14579&refresh_token=e653fcee&x-expires=1752944400&x-signature=4uovRRWPp6KZLT9EcX54FVpDioM%3D&t=4d5b0474&ps=13740610&shp=a5d48078&shcp=81f88b70&idc=my,Mu·ªën Kh·ªüi nghi·ªáp v·ªõi m√°y ƒëau ƒë·∫ª :08694ch√≠n ko t√°m 8Ô∏è‚É£ hai,luky889889,16,15600.0,908600.0,,
vuhoangphuongnam,V≈© Ho√†ng Ph∆∞∆°ng Nam,https://p16-sign-sg.tiktokcdn.com/tos-alisg-avt-0068/b49bf49e0f6cbd84fd522d7c28aa7bc5~tplv-tiktokx-cropcenter:1080:1080.jpeg?dr=14579&refresh_token=f60ec920&x-expires=1752944400&x-signature=8DW%2B29ZTLutUpXxWOapuI6%2FPQU0%3D&t=4d5b0474&ps=13740610&shp=a5d48078&shcp=81f88b70&idc=my,S√°ng sky chi·ªÅu ƒë√≥m t·ªëi c·∫ßu l√¥ng üè∏üè∏üè∏,vuhoangphuongnam,10,13000.0,1600000.0,,
haisanthanhvan,haisanthanhvan,https://p16-sign-sg.tiktokcdn.com/tos-alisg-avt-0068/1121a34111a295f61e8bf80a75804acb~tplv-tiktokx-cropcenter:1080:1080.jpeg?dr=14579&refresh_token=7030b024&x-expires=1752944400&x-signature=IMM332jRXVnv6gY6qTdu9TexPJ8%3D&t=4d5b0474&ps=13740610&shp=a5d48078&shcp=81f88b70&idc=my,https://www.facebook.com/share/1AbWitnhGA/?mibextid=wwXIfr,haisanthanhvan,747,4018.0,326200.0,,
plxhvn2,Tin N√≥ng H√†ng Ng√†y,https://p16-sign-va.tiktokcdn.com/tos-maliva-avt-0068/dac88c1ce9d059dcc70d7144dfde9553~tplv-tiktokx-cropcenter:1080:1080.jpeg?dr=14579&refresh_token=a0438089&x-expires=1752944400&x-signature=LpqWbFsracN70923O9emxUnsbh8%3D&t=4d5b0474&ps=13740610&shp=a5d48078&shcp=81f88b70&idc=my,"C·∫≠p nh·∫≠t tin t·ª©c ph√°p lu·∫≠t x√£ h·ªôi m·ªõi nh·∫•t, tin n√≥ng th·ªùi s·ª± h√†ng ng√†y #plxhvn",plxhvn2,0,260500.0,14100000.0,,
dangvuongne,ƒêƒÉng V∆∞∆°ng.,https://p16-sign-sg.tiktokcdn.com/tos-alisg-avt-0068/62896939f5b5730b61ce0b8f9441ffb4~tplv-tiktokx-cropcenter:1080:1080.jpeg?dr=14579&refresh_token=db4a086c&x-expires=1752944400&x-signature=sJ84wL6T2xjy8tZqHPMqsdFrkXE%3D&t=4d5b0474&ps=13740610&shp=a5d48078&shcp=81f88b70&idc=my,"Contact For Work: 0967.088.950‚òéÔ∏è‚òéÔ∏è‚òéÔ∏è
ƒê·ªì m√¨nh d√πng ·ªü d∆∞·ªõi üëá",dangvuongne,5,9166.0,1000000.0,https://www.tiktok.com/link/v2?aid=1988&lang=en&scene=bio_url&target=https%3A%2F%2Fbeacons.ai%2Fdangvuong12,beacons.ai/dangvuong12
cobedotdiem,Ch√∫a t·ªÉ ƒë·ªì,https://p16-sign-useast2a.tiktokcdn.com/tos-useast2a-avt-0068-giso/6ccf86250f92de46176d7ef343a951f8~tplv-tiktokx-cropcenter:1080:1080.jpeg?dr=14579&refresh_token=2acfc15e&x-expires=1752944400&x-signature=fbKzXjTTSljTOvt6UYIYxe80tnk%3D&t=4d5b0474&ps=13740610&shp=a5d48078&shcp=81f88b70&idc=my,M·∫•y m√≥n ƒë·ªì trong trang m√¨nh ƒë√¢y n√®,cobedotdiem,0,618700.0,45000000.0,https://www.tiktok.com/link/v2?aid=1988&lang=en&scene=bio_url&target=https%3A%2F%2Flinktr.ee%2Fchuatedo,linktr.ee/chuatedo
chanhvivu,Chanh Vivu,https://p16-sign-sg.tiktokcdn.com/tos-alisg-avt-0068/8b31ee3c6a333ccc7f0ed268905f85ee~tplv-tiktokx-cropcenter:1080:1080.jpeg?dr=14579&refresh_token=d2fc69eb&x-expires=1752944400&x-signature=%2BdzP1dVK5WMqkHO3Ld1f19VEOu4%3D&t=4d5b0474&ps=13740610&shp=a5d48078&shcp=81f88b70&idc=my,"Contact for work 
booking.chanh@gmail.com
@Chanh Daily",chanhvivu,39,520500.0,10000000.0,,
phucsyno96,Ph√∫c Syno,https://p16-sign-useast2a.tiktokcdn.com/tos-useast2a-avt-0068-euttp/7316872561013784608~tplv-tiktokx-cropcenter:1080:1080.jpeg?dr=14579&refresh_token=f3c73a13&x-expires=1752944400&x-signature=ZzixLsfviH9xhaR1L%2Fbbm0Wboyw%3D&t=4d5b0474&ps=13740610&shp=a5d48078&shcp=81f88b70&idc=my,"K√™nh C·∫£m ƒê·ªông Kh√¥ng C√≥ H·ªÅ
üëâ Lh Review - X√¢y k√™nh: 0896.405.582",phucsyno96,23,1200000.0,18800000.0,https://www.tiktok.com/link/v2?aid=1988&lang=en&scene=bio_url&target=https%3A%2F%2Fbeacons.page%2Fphucsyno,beacons.page/phucsyno
nottuman,Th·∫≠p c·∫©m,https://p16-sign-va.tiktokcdn.com/tos-maliva-avt-0068/95dc58a158702c49401d18bcf43e0b20~tplv-tiktokx-cropcenter:1080:1080.jpeg?dr=14579&refresh_token=fe182b9d&x-expires=1752944400&x-signature=klVv44AnMNz6AdGgYYAKkM0dc0s%3D&t=4d5b0474&ps=13740610&shp=a5d48078&shcp=81f88b70&idc=my,"136 S∆∞∆°ng Nguy·ªát Anh Ph∆∞·ªùng B·∫øn Th√†nh 

Ig: sna.hood",nottuman,165,4310.0,710400.0,,
tranghieu0211,Chang H√≠u,https://p16-sign-va.tiktokcdn.com/tos-maliva-avt-0068/6cff5a328011cbec47a71dc088d63c2e~tplv-tiktokx-cropcenter:1080:1080.jpeg?dr=14579&refresh_token=0c87316a&x-expires=1752944400&x-signature=tjzD6Ey88JBlWj8EegCrGWyHLNM%3D&t=4d5b0474&ps=13740610&shp=a5d48078&shcp=81f88b70&idc=my,"Chuy·ªán t√¨nh i√™u 7 nƒÉm üíï IG: changhiuu
@usso.studio 
üì©changhiu.work@gmail.com",tranghieu0211,84,469600.0,23700000.0,https://www.tiktok.com/link/v2?aid=1988&lang=en&scene=bio_url&target=https%3A%2F%2Fbeacons.ai%2Fchanghiu,beacons.ai/changhiu
namanhvt11,C·∫≠u B·∫£y Qu·∫≠n 3 ü¶à,https://p9-sign-sg.tiktokcdn.com/tos-alisg-avt-0068/4673f4b55c9b233e153a70a291008642~tplv-tiktokx-cropcenter:1080:1080.jpeg?dr=14579&refresh_token=98ecc1d6&x-expires=1752944400&x-signature=8MEd%2BwRPGGS%2BgPVFBbkyQWMJrnI%3D&t=4d5b0474&ps=13740610&shp=a5d48078&shcp=81f88b70&idc=my,üì© caubayquan3.work@gmail.com,namanhvt11,58,1400000.0,47200000.0,,
bstuanduong.official.vn,B√°c S·ªπ Tu·∫•n D∆∞∆°ng,https://p16-common-sign-useastred.tiktokcdn-eu.com/tos-useast2a-avt-0068-euttp/7326491985815011360~tplv-tiktokx-cropcenter:1080:1080.jpeg?dr=14579&refresh_token=bfb1ab95&x-expires=1752944400&x-signature=%2BM59OoX0TzBQOlesq0Joytyg06g%3D&t=4d5b0474&ps=13740610&shp=a5d48078&shcp=81f88b70&idc=my,"Ph·∫´u thu·∫≠t th·∫©m m·ªπ ƒê·∫°i H·ªçc Y H√† N·ªôi
Hotline: 0962.886.656
C∆° s·ªü : H√† N·ªôi-S√†i G√≤n",bstuanduong.official.vn,2307,311000.0,8100000.0,https://www.tiktok.com/link/v2?aid=1988&lang=en&scene=bio_url&target=beacons.ai%2Fbstuanduong,beacons.ai/bstuanduong
letuankhang2002,L√™ Tu·∫•n Khang,https://p16-sign-sg.tiktokcdn.com/tos-alisg-avt-0068/ff378af39120d4eb668eef664f92098a~tplv-tiktokx-cropcenter:1080:1080.jpeg?dr=14579&refresh_token=0f5a9cab&x-expires=1752944400&x-signature=F7gl9em8V6T%2BPyIEhNjK9tnolUo%3D&t=4d5b0474&ps=13740610&shp=a5d48078&shcp=81f88b70&idc=my,"Cu·ªôc s·ªëng ·ªü qu√™ em, y√™n b√¨nh v√† gi·∫£n d·ªã!",letuankhang2002,3,13300000.0,133699999.99999999,https://www.tiktok.com/link/v2?aid=1988&lang=en&scene=bio_url&target=https%3A%2F%2Fwww.facebook.com%2Fkhang.letuan.90260,www.facebook.com/khang.letuan.90260
user33951549420561,Kiwi,https://p16-sign-va.tiktokcdn.com/tos-maliva-avt-0068/d86a4eb54cc48875c8b60ffc11e3b2e1~tplv-tiktokx-cropcenter:1080:1080.jpeg?dr=14579&refresh_token=a5d1168b&x-expires=1752944400&x-signature=rhzXmLEVIZ2PTm%2FAS6nTGEx69L8%3D&t=4d5b0474&ps=13740610&shp=a5d48078&shcp=81f88b70&idc=my,No bio yet.,user33951549420561,3,343300.0,2900000.0,,
splivetinnong.com,ùêíùêèùêãùêàùêïùêÑ ùêìùê¢ùêß ùêçùê®ÃÅùêßùê†,https://p16-sign-sg.tiktokcdn.com/tos-alisg-avt-0068/fbfa5d5f72fdbe6c22ddd833475e8322~tplv-tiktokx-cropcenter:1080:1080.jpeg?dr=14579&refresh_token=f9c2b399&x-expires=1752944400&x-signature=iLvvBPs8o1S1CUWx%2BTPDviangtg%3D&t=4d5b0474&ps=13740610&shp=a5d48078&shcp=81f88b70&idc=my,No bio yet.,splivetinnong.com,0,22900.0,368400.0,,
xuanhoansev,Xu√¢n Ho√†n,https://p16-sign-sg.tiktokcdn.com/tos-alisg-avt-0068/7322066897062526977~tplv-tiktokx-cropcenter:1080:1080.jpeg?dr=14579&refresh_token=d5eb7fe9&x-expires=1752944400&x-signature=yEa1tasCqVUJBJhArYb2lX5jQnE%3D&t=4d5b0474&ps=13740610&shp=a5d48078&shcp=81f88b70&idc=my,ƒÇn ch∆°i c√≥ t·ªï ch·ª©c,xuanhoansev,721,5320.0,128100.0,,
huongstore.06,Kem che khuy·∫øt ƒëi·ªÉm üê∞,https://p16-sign-sg.tiktokcdn.com/tos-alisg-avt-0068/987b0a2fc5f8a7506d0de8023f8a6b94~tplv-tiktokx-cropcenter:1080:1080.jpeg?dr=14579&refresh_token=765dc43f&x-expires=1752944400&x-signature=czqEmd3aYuSW4dgjApBEeSp6Kb8%3D&t=4d5b0474&ps=13740610&shp=a5d48078&shcp=81f88b70&idc=my,"Kem che khuy·∫øt ƒëi·ªÉm ·ªü ƒë√¢y
@H∆∞∆°ng fashion üê∞",huongstore.06,17,47700.0,3600000.0,https://www.tiktok.com/link/v2?aid=1988&lang=en&scene=bio_url&target=https%3A%2F%2Fwww.facebook.com%2Fshare%2F1ZzKSrBJ7f%2F%3Fmibextid%3DwwXIfr,www.facebook.com/share/1ZzKSrBJ7f/?mibextid=wwXIfr
manxuatgia,Minh Anh V∆∞∆°ng,https://p9-sign-sg.tiktokcdn.com/tos-alisg-avt-0068/1d726499c9eef7dd2562131a6a89cfbe~tplv-tiktokx-cropcenter:1080:1080.jpeg?dr=14579&refresh_token=bb3e9d91&x-expires=1752944400&x-signature=wjqX7sVrGp1ldQEpLOxQQCFtYc8%3D&t=4d5b0474&ps=13740610&shp=a5d48078&shcp=81f88b70&idc=my,"Nh√¢n ph·∫©m c·ªßa ·∫©m th·ª±c üòé
"" K√™nh ch√≠nh ch·ªß duy nh·∫•t ""‚úÖ",manxuatgia,36,9398.0,530200.0,https://www.tiktok.com/link/v2?aid=1988&lang=en&scene=bio_url&target=https%3A%2F%2Fwww.facebook.com%2Fprofile.php%3Fid%3D61578193538575%26mibextid%3DwwXIfr%26mibextid%3DwwXIfr,www.facebook.com/profile.php?id=61578193538575&mibextid=wwXIfr&mibextid=wwXIfr
